id,date,price,bedrooms,bathrooms,sqft_living,sqft_lot,floors,waterfront,view,condition,grade,sqft_above,sqft_basement,yr_built,yr_renovated,zipcode,lat,long,sqft_living15,sqft_lot15
2824069142,20150409T000000,510000.0,3,2.0,1420,11325,1.0,0,0,3,7,1420.0,0,1980,0,98027,47.5356,-122.046,2330,3474
9828701605,20141002T000000,585000.0,3,2.5,1740,2350,2.0,0,0,3,8,1130.0,610,1995,0,98112,47.6207,-122.297,1740,3201
428100580,20140716T000000,350000.0,3,1.75,1970,10800,1.0,0,0,4,7,1300.0,670,1979,0,98056,47.5107,-122.172,1970,8768
121039038,20140819T000000,169000.0,3,1.5,1470,18459,2.0,0,0,4,6,1470.0,0,1916,0,98023,47.3302,-122.36,1750,16074
3526059115,20150421T000000,515000.0,5,3.0,2670,11761,1.0,0,0,3,7,1370.0,1300,1981,0,98052,47.6895,-122.129,2580,10703
6071200375,20141211T000000,466000.0,3,1.75,1680,9460,1.0,0,0,4,7,1680.0,0,1959,0,98006,47.5525,-122.182,1690,9448
2770601763,20150323T000000,450000.0,3,3.5,1790,1288,3.0,0,0,3,8,1390.0,400,2000,0,98199,47.651,-122.384,1560,1426
1790000080,20150203T000000,321027.0,4,2.25,2820,16770,1.0,0,0,4,8,1920.0,900,1966,0,98023,47.3186,-122.364,2320,13850
8682261010,20140910T000000,473000.0,2,1.75,1510,4555,1.0,0,0,3,8,1510.0,0,2005,0,98053,47.7136,-122.031,1640,4500
7660600131,20141020T000000,374950.0,2,2.25,1240,1172,2.0,0,0,3,8,1000.0,240,2008,0,98144,47.5877,-122.316,1260,1111
7202350060,20140908T000000,475000.0,3,2.5,1690,2890,2.0,0,0,3,7,1690.0,0,2004,0,98053,47.6802,-122.031,1690,2730
1761300110,20140702T000000,260000.0,4,2.0,1620,7992,2.0,0,0,4,7,1620.0,0,1975,0,98031,47.395,-122.176,1710,7500
2225079030,20141212T000000,180000.0,2,1.0,960,87991,1.5,0,0,3,5,960.0,0,1946,0,98014,47.63,-121.9,1940,392040
8946750020,20150507T000000,264000.0,3,2.25,1552,3677,2.0,0,0,3,7,1552.0,0,2012,0,98092,47.3205,-122.178,1677,3677
7732400490,20141105T000000,732350.0,4,2.5,2270,7665,2.0,0,0,3,9,2270.0,0,1986,0,98052,47.6612,-122.148,2450,8706
3905081500,20140604T000000,532000.0,3,2.5,1820,4910,2.0,0,0,3,8,1820.0,0,1993,0,98029,47.5703,-121.996,2090,6668
6056100295,20140530T000000,330000.0,2,2.5,1240,1546,2.0,0,0,3,7,1240.0,0,2007,0,98108,47.5634,-122.298,1520,2468
6813600365,20141009T000000,527950.0,4,1.75,1760,3600,1.0,0,0,5,7,880.0,880,1926,0,98103,47.6889,-122.33,1500,5580
726049331,20150326T000000,515000.0,5,3.0,2530,5105,1.0,0,0,3,8,1520.0,1010,2005,0,98133,47.7546,-122.341,2290,4011
1972202080,20140710T000000,725000.0,2,1.75,1950,2719,1.0,0,0,5,7,1010.0,940,1919,0,98103,47.6513,-122.346,1360,1256
4067600160,20150402T000000,902500.0,3,3.5,3240,23522,2.0,0,0,3,10,2130.0,1110,1992,0,98010,47.3388,-122.033,3180,23273
1118001360,20150218T000000,1475000.0,3,2.75,3910,7080,1.0,0,0,5,9,1970.0,1940,1949,0,98112,47.6324,-122.289,3480,7370
6073300790,20150105T000000,383000.0,3,1.5,1340,7725,1.0,0,0,4,8,1340.0,0,1967,0,98056,47.5389,-122.173,1990,7725
1473120190,20140530T000000,386000.0,3,2.0,2120,7560,1.0,0,0,3,9,2120.0,0,1991,0,98058,47.435,-122.16,2660,7700
1257201095,20150323T000000,826000.0,2,1.0,1060,6120,1.0,0,0,3,7,1060.0,0,1908,0,98103,47.6739,-122.329,1730,4080
2917200085,20150408T000000,350000.0,2,1.0,1160,5395,1.0,0,0,3,7,860.0,300,1940,0,98103,47.7007,-122.354,1664,5363
7010700550,20141114T000000,595000.0,3,2.5,2030,5100,2.0,0,0,3,7,2030.0,0,2008,0,98199,47.6594,-122.397,1790,4380
2767603160,20150225T000000,575000.0,2,1.0,1320,4750,1.5,0,0,4,7,1320.0,0,1928,0,98107,47.6729,-122.38,1360,2873
9558200025,20140730T000000,265000.0,3,2.0,1380,8536,2.0,0,0,4,7,1380.0,0,1955,0,98148,47.4374,-122.335,1260,8750
2331300505,20140613T000000,822500.0,5,3.5,2320,4960,2.0,0,0,5,7,1720.0,600,1926,0,98103,47.6763,-122.352,1700,4960
2424059052,20140710T000000,1325000.0,6,4.25,5720,10213,2.0,0,0,3,10,4170.0,1550,2004,0,98006,47.5464,-122.116,4300,10224
6365900065,20140718T000000,334850.0,2,1.0,870,5635,1.0,0,0,3,7,870.0,0,1948,0,98116,47.5676,-122.398,1310,5750
7338220200,20150408T000000,275000.0,4,2.5,2150,3721,2.0,0,0,3,8,2150.0,0,2007,0,98002,47.3363,-122.215,2150,3721
8937600080,20150126T000000,295000.0,3,1.75,1930,13350,1.0,0,0,3,8,1930.0,0,1967,0,98023,47.3317,-122.365,2270,13350
6163901380,20141114T000000,244000.0,2,1.0,960,8450,1.0,0,0,5,6,960.0,0,1950,0,98155,47.755,-122.316,1090,8450
3277801417,20140516T000000,341000.0,3,2.5,1480,1663,2.0,0,0,3,9,1180.0,300,2012,0,98126,47.5443,-122.375,1380,1537
9839300875,20140514T000000,800000.0,3,1.0,1700,4400,1.5,0,0,4,8,1700.0,0,1906,0,98122,47.612,-122.292,1610,4180
1822079046,20150504T000000,500000.0,3,2.0,3040,41072,1.0,0,0,4,8,1520.0,1520,1978,0,98038,47.3944,-121.972,2230,54014
9268200315,20140828T000000,456000.0,3,2.0,1870,8442,1.5,0,0,5,7,1060.0,810,1927,0,98117,47.6964,-122.365,1640,6174
582000010,20150320T000000,830200.0,3,2.5,2680,4990,1.0,0,0,5,8,1440.0,1240,1951,0,98199,47.6538,-122.393,2320,6000
2923501130,20140722T000000,588000.0,4,2.25,2580,7344,2.0,0,0,3,8,2580.0,0,1977,0,98027,47.5647,-122.09,2390,7507
8956200990,20150426T000000,499160.0,4,2.5,2628,11466,2.0,0,0,3,9,2628.0,0,2014,0,98001,47.2904,-122.264,2849,10909
7805600070,20141111T000000,200000.0,2,1.75,1320,13052,1.5,0,0,3,7,1320.0,0,1980,0,98014,47.712,-121.352,1320,13052
8651443480,20150128T000000,282000.0,3,1.0,1670,5200,1.0,0,0,5,7,1030.0,640,1977,0,98042,47.3659,-122.092,1620,6696
8024200685,20140520T000000,440000.0,3,1.5,1270,1443,3.0,0,0,3,8,1270.0,0,2007,0,98115,47.699,-122.317,1270,1413
3779300210,20140630T000000,383962.0,4,2.5,2700,6998,2.0,0,0,3,8,2700.0,0,2001,0,98188,47.4694,-122.263,2350,10550
9534400010,20150423T000000,965800.0,4,1.75,2500,8725,1.0,0,0,4,8,1500.0,1000,1966,0,98004,47.6304,-122.205,1900,8998
4048400070,20141205T000000,320000.0,2,1.0,1070,32633,1.0,0,0,4,6,1070.0,0,1930,0,98059,47.4716,-122.078,1360,32156
7137960460,20140528T000000,225000.0,3,2.5,1680,6755,2.0,0,0,3,8,1680.0,0,1994,0,98092,47.3293,-122.17,1860,7257
9558900010,20141006T000000,549950.0,3,2.5,2680,5860,2.0,0,0,3,8,2680.0,0,2001,0,98011,47.7557,-122.223,2680,5860
9406520550,20141027T000000,307500.0,3,2.25,1646,7364,2.0,0,0,3,7,1646.0,0,1994,0,98038,47.3646,-122.037,1975,9161
7856000110,20150203T000000,895000.0,3,2.5,2750,10000,1.0,0,3,3,8,1650.0,1100,1967,0,98006,47.5644,-122.153,2490,10000
4388000260,20150330T000000,200000.0,3,1.0,1150,10132,1.0,0,0,4,7,1150.0,0,1970,0,98023,47.3172,-122.372,1180,8713
9828701690,20140806T000000,529000.0,3,2.0,1530,3400,1.0,0,0,3,7,990.0,540,1907,2014,98112,47.6204,-122.296,1880,4212
1438000390,20140804T000000,469995.0,4,2.5,2350,3800,2.0,0,0,3,8,2350.0,0,2014,0,98059,47.4783,-122.123,2670,4180
3396200090,20140520T000000,639000.0,4,2.5,2150,12028,2.0,0,0,4,8,2150.0,0,1982,0,98052,47.7224,-122.101,1800,11777
3747600050,20141105T000000,319450.0,5,2.0,2250,5472,1.5,0,0,5,7,1750.0,500,1930,0,98002,47.3065,-122.219,1540,5472
480000170,20140627T000000,480000.0,2,1.0,1500,3420,1.0,0,0,3,7,1500.0,0,1902,0,98103,47.661,-122.338,2050,3420
2911000100,20150310T000000,245000.0,4,2.5,1921,4888,2.0,0,0,3,7,1921.0,0,2009,0,98001,47.2689,-122.24,1921,9140
2421059036,20150415T000000,495000.0,3,2.5,2577,156816,2.0,0,0,3,8,2577.0,0,2000,0,98092,47.2935,-122.108,2090,156816
6413100242,20140826T000000,400000.0,3,1.75,1730,9211,1.0,0,0,3,8,1730.0,0,1961,0,98125,47.7149,-122.322,1440,9211
1806900499,20140721T000000,675000.0,3,3.25,1720,1330,2.0,0,0,3,8,1030.0,690,2004,0,98112,47.62,-122.309,1720,1520
9197100263,20140819T000000,237000.0,3,1.75,2000,12208,1.0,0,0,3,7,1140.0,860,1979,0,98032,47.3752,-122.236,1060,8194
2781250750,20140828T000000,222000.0,2,2.0,1360,3300,2.0,0,0,3,6,1360.0,0,2004,0,98038,47.3489,-122.022,1310,3300
7856560380,20140804T000000,760000.0,4,2.25,2500,8500,2.0,0,0,4,8,2500.0,0,1979,0,98006,47.5569,-122.151,2470,9100
7555210100,20141117T000000,880000.0,4,2.75,2560,7961,1.0,0,2,4,8,1450.0,1110,1975,0,98033,47.6499,-122.199,2500,9009
8078380090,20150311T000000,626000.0,3,2.0,2150,7200,1.0,0,0,3,8,2150.0,0,1988,0,98029,47.5709,-122.018,2510,7222
3226049401,20141103T000000,447500.0,3,1.75,1950,6504,1.0,0,0,3,8,1530.0,420,1953,0,98115,47.6934,-122.328,1660,6552
3856904580,20141125T000000,790000.0,3,1.75,2050,4080,2.0,0,0,3,8,2050.0,0,1991,0,98105,47.6698,-122.325,1890,4080
9423800030,20141118T000000,250000.0,3,1.0,1100,7470,1.0,0,0,4,5,1100.0,0,1917,0,98065,47.5242,-121.831,1280,7055
1266200015,20150127T000000,805500.0,3,1.0,1440,10330,1.0,0,0,4,7,1440.0,0,1952,0,98004,47.6245,-122.193,2080,10327
8820900299,20150204T000000,419950.0,3,3.0,2150,3962,1.5,0,0,3,7,1540.0,610,1949,0,98125,47.7183,-122.285,1730,4609
4215270070,20140606T000000,969990.0,4,2.5,4150,8436,2.0,0,0,3,10,4150.0,0,2014,0,98075,47.5802,-122.039,4070,8438
3121500100,20140903T000000,715000.0,4,2.5,2970,29163,2.0,0,0,3,9,2970.0,0,1993,0,98053,47.6717,-122.025,3100,31105
2487200279,20141124T000000,560000.0,3,2.5,2430,5128,1.0,0,1,3,8,1270.0,1160,1978,0,98136,47.5198,-122.389,2510,5330
7520000520,20150311T000000,240500.0,2,1.0,1240,12092,1.0,0,0,3,6,960.0,280,1922,1984,98146,47.4957,-122.352,1820,7460
2587910180,20140716T000000,365000.0,3,1.0,1380,30940,2.0,0,0,3,8,1380.0,0,1976,0,98042,47.334,-122.106,2350,32500
2450000295,20141007T000000,1088000.0,3,2.5,2920,8113,2.0,0,0,3,8,2920.0,0,1950,2010,98004,47.5814,-122.196,2370,8113
421000455,20150502T000000,253200.0,3,1.0,1360,5840,1.0,0,0,4,5,1360.0,0,1953,0,98056,47.4945,-122.166,1250,6708
1250200345,20141024T000000,230000.0,3,1.0,680,2400,1.0,0,0,4,6,680.0,0,1903,0,98144,47.5982,-122.299,1470,3600
625059051,20140903T000000,2350000.0,4,2.25,4370,22863,2.5,0,3,4,10,3670.0,700,1907,1994,98033,47.6878,-122.215,2980,22863
7300400170,20140910T000000,334000.0,4,2.5,2310,6200,2.0,0,0,3,8,2310.0,0,1998,0,98092,47.3321,-122.172,2480,6200
3223049131,20141030T000000,270000.0,4,2.5,2490,11650,1.0,0,0,3,7,1390.0,1100,1990,0,98148,47.4416,-122.332,2010,10495
6666860210,20140602T000000,316000.0,3,2.25,2130,8721,1.0,0,0,3,8,1570.0,560,1987,0,98031,47.4202,-122.204,2130,9477
7237501180,20140625T000000,1200000.0,4,1.75,3990,13470,2.0,0,0,3,11,3990.0,0,2006,0,98059,47.5305,-122.131,5790,13709
6751300375,20140702T000000,415000.0,3,1.0,1520,9030,1.0,0,0,3,7,1520.0,0,1956,0,98007,47.587,-122.134,1470,8712
326049103,20140922T000000,470000.0,4,2.5,2470,8536,2.0,0,0,3,8,2470.0,0,2002,0,98155,47.7699,-122.292,1690,8840
6372000155,20140811T000000,639950.0,2,1.75,1780,4520,1.0,0,0,5,7,890.0,890,1925,0,98116,47.5798,-122.404,1560,4520
5450300010,20140902T000000,572000.0,3,1.5,1680,13751,1.0,0,0,4,7,1680.0,0,1951,0,98040,47.5716,-122.227,1760,13500
1137300340,20141121T000000,674250.0,4,2.5,2780,35000,1.0,0,0,4,9,2780.0,0,1985,0,98072,47.7386,-122.091,2740,35072
2916200054,20150413T000000,392500.0,3,1.0,1100,7650,1.0,0,0,3,7,1100.0,0,1952,0,98133,47.7219,-122.354,1430,7650
9406530150,20141222T000000,344000.0,4,2.5,2400,4848,2.0,0,0,3,8,2400.0,0,2004,0,98038,47.3626,-122.04,1980,5199
9828700005,20150512T000000,440000.0,3,1.0,1040,4000,1.0,0,0,3,7,1040.0,0,1950,0,98122,47.6178,-122.292,1170,4000
3630030110,20140616T000000,534500.0,3,2.5,1700,3150,2.0,0,0,3,8,1700.0,0,2005,0,98029,47.5505,-121.998,1700,3600
5540000050,20140612T000000,299000.0,3,2.5,2210,10119,1.0,0,0,4,7,1450.0,760,1966,0,98030,47.3783,-122.22,2110,10119
7811200310,20141216T000000,635000.0,4,2.25,1920,8910,1.0,0,0,4,8,1200.0,720,1969,0,98005,47.5897,-122.156,2250,8800
8887001625,20150410T000000,417000.0,3,2.75,1820,52889,2.0,0,0,3,8,1820.0,0,1991,0,98070,47.501,-122.463,1820,45528
7258200060,20141229T000000,320000.0,3,2.0,2320,7800,1.0,0,0,4,7,1160.0,1160,1960,0,98168,47.5141,-122.316,1380,7800
324059161,20141013T000000,920000.0,4,2.5,3810,13579,2.0,0,0,3,10,3810.0,0,2003,0,98007,47.6006,-122.153,3310,9270
522059013,20140612T000000,173000.0,2,1.0,820,10450,1.0,0,0,4,7,820.0,0,1965,0,98055,47.4261,-122.199,1240,11200
6821101765,20140621T000000,442900.0,4,1.75,1780,2788,1.0,0,0,4,6,890.0,890,1943,0,98199,47.6511,-122.4,1760,5664
2685600005,20150407T000000,324800.0,2,1.0,1170,5043,1.0,0,0,3,6,880.0,290,1949,0,98108,47.5492,-122.302,1430,5692
6413100090,20140915T000000,458000.0,2,1.75,990,5850,1.0,0,0,4,6,990.0,0,1942,0,98125,47.7132,-122.321,840,6110
9407150240,20141001T000000,295000.0,3,2.5,1460,7936,2.0,0,0,3,7,1460.0,0,1995,0,98038,47.3673,-122.017,1830,7936
1626079012,20150225T000000,439950.0,3,1.75,1720,223377,1.0,0,0,3,7,1240.0,480,1950,0,98019,47.7329,-121.92,2530,221442
9578060660,20140513T000000,502000.0,4,2.5,2040,5616,2.0,0,0,3,8,2040.0,0,2012,0,98028,47.7737,-122.238,2380,4737
5113200310,20140909T000000,270000.0,3,1.0,1240,14110,1.0,0,0,4,7,1240.0,0,1972,0,98058,47.4579,-122.09,2060,19350
3630000080,20140606T000000,450000.0,3,2.5,1480,1961,2.0,0,0,3,8,1480.0,0,2005,0,98029,47.5478,-122.0,1400,1138
6431000987,20140902T000000,385000.0,3,2.25,1630,1598,3.0,0,0,3,8,1630.0,0,2008,0,98103,47.6904,-122.347,1320,1605
8018600765,20140604T000000,240500.0,3,1.75,1460,10584,1.0,0,0,3,7,990.0,470,1997,0,98168,47.492,-122.317,1220,12012
164000174,20140908T000000,300000.0,3,1.0,1010,6300,1.0,0,0,3,7,1010.0,0,1957,0,98133,47.7304,-122.352,1480,7480
3674400035,20140512T000000,156000.0,3,1.0,970,8580,1.0,0,0,3,7,970.0,0,1959,0,98003,47.3363,-122.311,1430,11907
3330501545,20141201T000000,330000.0,2,1.0,950,3090,1.0,0,0,4,6,950.0,0,1909,0,98118,47.551,-122.276,1230,4120
3876300080,20141224T000000,434400.0,5,1.75,1960,7875,1.0,0,0,4,7,1960.0,0,1968,0,98034,47.7256,-122.18,1800,7764
5489200435,20140904T000000,550000.0,4,3.0,2670,5000,2.0,0,2,3,7,2670.0,0,1916,1978,98126,47.5784,-122.377,2300,5000
1568100215,20141007T000000,315000.0,2,1.0,1030,8576,1.5,0,0,5,6,1030.0,0,1952,0,98155,47.7352,-122.295,1310,8504
4136870020,20141008T000000,332100.0,5,3.5,2660,6978,2.0,0,0,3,8,1980.0,680,1996,0,98092,47.2631,-122.212,2220,7294
4136900190,20150320T000000,319900.0,3,2.5,2040,7580,2.0,0,2,3,8,2040.0,0,1998,0,98092,47.2618,-122.209,1960,7820
1311000270,20150416T000000,247000.0,5,2.0,1590,9350,1.0,0,0,5,7,1060.0,530,1962,0,98001,47.3398,-122.286,1460,8210
4397000100,20150324T000000,464000.0,4,2.5,3140,12591,2.0,0,0,3,9,3140.0,0,1993,0,98042,47.3826,-122.146,2650,11720
7215410320,20150311T000000,390000.0,3,2.5,2480,53250,2.0,0,0,3,9,2480.0,0,1990,0,98042,47.3323,-122.079,2510,36549
4038000055,20140812T000000,425000.0,3,1.0,1320,7076,1.0,0,0,4,7,1320.0,0,1959,0,98008,47.6131,-122.123,1510,9000
7203601405,20150414T000000,217000.0,2,1.0,730,2400,1.0,0,1,3,4,730.0,0,1934,0,98198,47.35,-122.322,1220,4382
7177300090,20140520T000000,395000.0,3,1.5,1080,2940,1.5,0,0,4,7,1080.0,0,1920,0,98115,47.6832,-122.304,1400,4930
6841700100,20140929T000000,740000.0,3,3.5,2420,4000,2.0,0,0,5,9,1820.0,600,1907,0,98122,47.6054,-122.295,2030,4550
1542800010,20140909T000000,472500.0,3,2.5,1650,3711,2.0,0,0,3,8,1650.0,0,1996,0,98052,47.6863,-122.093,1760,3762
943100260,20141120T000000,213000.0,2,1.0,1000,10200,1.0,0,0,3,6,1000.0,0,1961,0,98024,47.5687,-121.899,1150,13702
9304400010,20140730T000000,975000.0,4,2.5,3240,35083,2.0,0,0,4,9,3240.0,0,1978,0,98005,47.6337,-122.154,3340,24501
2354300845,20140804T000000,210000.0,3,1.0,1020,6000,1.0,0,0,3,5,1020.0,0,1900,0,98027,47.5281,-122.031,2070,7200
2925079012,20141105T000000,503000.0,4,2.5,2940,156988,2.0,0,2,3,9,1870.0,1070,1996,0,98014,47.6214,-121.946,2940,71002
7905200130,20150405T000000,345000.0,2,1.0,770,3008,1.0,0,0,4,5,770.0,0,1917,0,98116,47.5686,-122.389,1550,4563
1337800045,20141001T000000,625000.0,3,1.75,1660,4800,2.0,0,0,3,7,1660.0,0,1906,2014,98112,47.6296,-122.308,1660,4800
7628700050,20150309T000000,775000.0,3,2.5,3020,4120,2.0,0,0,3,9,2360.0,660,2008,0,98126,47.5714,-122.373,2280,4120
2025059026,20150225T000000,1980000.0,4,3.5,4500,44384,1.0,0,0,3,12,3340.0,1160,1990,0,98004,47.6323,-122.192,2540,26287
5252000200,20141210T000000,357000.0,5,2.5,2750,12350,2.0,0,0,3,8,2750.0,0,1987,0,98031,47.419,-122.206,1650,9810
1453602360,20150406T000000,1000000.0,3,1.0,1540,24500,1.5,0,0,3,7,1540.0,0,1949,0,98125,47.7213,-122.29,1540,7250
7856620910,20150414T000000,627500.0,4,2.5,2540,11500,1.0,0,0,4,8,1640.0,900,1979,0,98006,47.5609,-122.15,2820,9800
7942601475,20140520T000000,345600.0,5,3.5,2800,5120,2.5,0,0,3,9,2800.0,0,1903,2005,98122,47.6059,-122.31,1780,5120
7853240100,20140902T000000,772500.0,5,2.75,3890,9130,2.0,0,0,3,9,3890.0,0,2004,0,98065,47.5407,-121.86,3450,8361
9418400240,20141028T000000,355000.0,2,1.0,2020,6720,1.0,0,0,3,7,1010.0,1010,1948,0,98118,47.5474,-122.291,1720,6720
3782760170,20150211T000000,480000.0,4,2.5,2980,4074,2.0,0,0,3,8,2980.0,0,2011,0,98019,47.734,-121.965,2320,4255
2581900165,20141021T000000,1130000.0,4,3.5,4300,8406,2.0,0,1,3,11,3580.0,720,1987,0,98040,47.5396,-122.214,2770,10006
2044500201,20140609T000000,435000.0,3,2.25,1890,7200,1.0,0,0,4,7,1230.0,660,1973,0,98125,47.7156,-122.317,1970,8101
1521049156,20141010T000000,255000.0,3,2.75,1900,16117,1.0,0,0,4,7,1900.0,0,1958,0,98001,47.3144,-122.278,1640,19166
5466000030,20140603T000000,328500.0,3,2.5,1950,8130,2.0,0,0,4,9,1950.0,0,1990,0,98042,47.3875,-122.161,2350,7691
4364700945,20150402T000000,459000.0,4,2.0,2360,7080,1.0,0,0,5,6,1180.0,1180,1925,0,98126,47.5261,-122.376,1340,7200
4030100290,20141001T000000,1680000.0,5,3.5,5170,7197,3.0,1,4,3,11,3520.0,1650,1998,0,98155,47.7561,-122.271,3020,12880
7893804790,20141010T000000,308130.0,4,2.5,2300,7500,1.0,0,3,2,7,1650.0,650,1959,0,98198,47.4125,-122.33,2300,7500
723049158,20150313T000000,135000.0,4,1.0,1460,18599,1.5,0,0,3,5,1460.0,0,1940,0,98146,47.5006,-122.351,1320,8100
7611200125,20141023T000000,467000.0,2,1.5,1320,10800,1.0,0,0,4,8,1320.0,0,1947,0,98177,47.7145,-122.367,2120,12040
3599600276,20141106T000000,215500.0,3,2.0,1380,9000,2.0,0,0,2,7,1380.0,0,1946,1982,98001,47.2613,-122.248,1460,9732
5104510130,20140603T000000,312000.0,4,2.5,1830,5175,2.0,0,0,3,7,1830.0,0,2003,0,98038,47.3565,-122.016,1830,5175
2595300210,20141106T000000,473600.0,4,1.5,1780,8400,1.0,0,0,3,7,1080.0,700,1969,0,98136,47.5173,-122.385,1660,8400
1702901618,20150407T000000,420000.0,1,2.0,1070,675,2.0,0,0,3,8,880.0,190,2007,0,98118,47.5574,-122.284,1220,788
6072000910,20140806T000000,480000.0,3,1.75,1600,8400,1.0,0,0,5,8,1600.0,0,1963,0,98006,47.5479,-122.179,2210,8400
1118002090,20140628T000000,1600000.0,3,4.25,2820,7200,2.0,0,0,4,10,2460.0,360,1930,0,98112,47.6298,-122.29,3300,7522
3126049107,20150503T000000,577500.0,2,1.0,1640,5515,1.0,0,0,4,7,940.0,700,1926,0,98103,47.6912,-122.334,2054,5515
7104100065,20140926T000000,425000.0,2,2.0,1280,4095,2.0,0,0,4,8,1280.0,0,1918,0,98136,47.5501,-122.393,1470,5500
3754700160,20140506T000000,397000.0,4,2.0,1440,7680,1.0,0,0,3,7,1200.0,240,1971,0,98034,47.7245,-122.2,1460,9660
9521101221,20140519T000000,487250.0,4,2.0,1690,3250,1.5,0,0,3,7,1550.0,140,1901,0,98103,47.6637,-122.346,1620,3250
7149410060,20140820T000000,165000.0,3,1.5,1250,7200,1.0,0,0,4,7,1250.0,0,1978,0,98032,47.3678,-122.282,1250,7560
9560800040,20140716T000000,485000.0,3,2.5,1800,11034,2.0,0,0,4,8,1800.0,0,1987,0,98072,47.7558,-122.142,1940,8900
1024069009,20140502T000000,675000.0,5,2.5,2820,67518,2.0,0,0,3,8,2820.0,0,1979,0,98029,47.5794,-122.025,2820,48351
8562901350,20140812T000000,640000.0,3,3.5,2480,10800,2.0,0,0,3,8,2480.0,0,1998,0,98074,47.6083,-122.06,2380,11310
4235400097,20141202T000000,443750.0,3,2.25,1460,968,2.0,0,0,3,7,1140.0,320,2003,0,98199,47.6601,-122.4,1460,1531
8917100206,20140718T000000,442000.0,4,1.5,1960,12688,1.5,0,0,4,7,1960.0,0,1962,0,98052,47.6304,-122.097,2050,9375
3782760080,20140718T000000,410000.0,4,2.25,2510,4090,2.0,0,0,3,8,1840.0,670,2012,0,98019,47.7345,-121.967,2070,4090
1770000460,20141203T000000,430000.0,3,2.25,1830,19965,1.0,0,0,3,8,1400.0,430,1976,0,98072,47.7412,-122.088,1830,17250
192700080,20150213T000000,312000.0,3,2.5,2070,25710,1.0,0,0,5,6,2070.0,0,1917,0,98022,47.2032,-121.964,1350,17998
4366700140,20141219T000000,241000.0,3,1.0,1010,9611,1.0,0,0,4,6,1010.0,0,1973,0,98092,47.3006,-122.066,1200,9611
2769600035,20140807T000000,612000.0,4,2.5,2680,3626,1.5,0,3,4,7,1680.0,1000,1928,0,98107,47.6727,-122.361,1950,4500
7202271060,20150310T000000,610000.0,4,2.5,2980,5896,2.0,0,0,3,8,2980.0,0,2001,0,98053,47.6872,-122.036,2900,5712
7011201482,20150317T000000,552700.0,2,1.0,1100,2800,1.0,0,0,3,7,1100.0,0,1925,0,98119,47.6361,-122.371,1110,1673
3560800040,20141028T000000,400000.0,2,1.75,960,6200,1.0,0,0,4,7,960.0,0,1946,0,98136,47.5551,-122.396,1000,6000
8651730580,20150330T000000,531000.0,3,2.25,1910,8390,1.0,0,0,3,7,1910.0,0,1979,0,98034,47.73,-122.216,2410,8390
3876500290,20150305T000000,175000.0,3,1.0,1070,6164,1.0,0,0,3,7,1070.0,0,1967,0,98001,47.3377,-122.291,1320,7920
6838700060,20141204T000000,280000.0,3,2.25,1430,7222,2.0,0,0,3,7,1430.0,0,1993,0,98056,47.5112,-122.19,1430,7220
2592210370,20141031T000000,903000.0,3,2.75,3860,12786,2.0,0,0,4,10,3860.0,0,1984,0,98006,47.549,-122.141,2820,14636
6431000270,20140728T000000,565000.0,2,1.0,960,4080,1.0,0,0,5,7,960.0,0,1911,0,98103,47.6893,-122.349,1300,4080
66000070,20150406T000000,315000.0,2,1.0,630,6550,1.0,0,0,3,5,630.0,0,1918,0,98126,47.5486,-122.38,1420,6550
7852020580,20140724T000000,375000.0,3,2.75,1890,3930,2.0,0,0,3,8,1890.0,0,1999,0,98065,47.5337,-121.867,2100,4259
2997800015,20150407T000000,500000.0,3,1.5,1330,1265,2.0,0,0,3,8,1140.0,190,2008,0,98116,47.5773,-122.409,1330,1264
9238450150,20140512T000000,368000.0,3,1.0,1280,9898,1.0,0,0,3,7,1280.0,0,1968,0,98072,47.7677,-122.163,1290,9625
3291800660,20150313T000000,406000.0,3,1.75,1390,7904,1.0,0,0,3,7,1390.0,0,1985,0,98056,47.4892,-122.181,1910,7904
6388900710,20141219T000000,538000.0,3,2.5,2250,11632,2.0,0,0,3,8,2250.0,0,1988,0,98056,47.5272,-122.169,2360,11632
5100401516,20140925T000000,407000.0,2,1.0,740,6380,1.0,0,0,3,6,740.0,0,1912,0,98115,47.6929,-122.318,1800,6380
9478500640,20140819T000000,292500.0,4,2.5,2250,4495,2.0,0,0,3,7,2250.0,0,2008,0,98042,47.3663,-122.114,2250,4500
3450400330,20150220T000000,306500.0,3,1.5,1100,8140,1.0,0,0,4,7,1100.0,0,1965,0,98059,47.5004,-122.162,1430,7700
3204800520,20150225T000000,399500.0,3,1.75,1410,7700,1.0,0,0,4,7,1410.0,0,1967,0,98056,47.5375,-122.176,1560,7700
7853221330,20141203T000000,675000.0,4,2.5,2920,6000,2.0,0,4,3,9,2920.0,0,2004,0,98065,47.5333,-121.859,3100,6001
9136101335,20140515T000000,613000.0,4,2.0,1550,4815,1.5,0,0,3,7,1550.0,0,1909,0,98103,47.667,-122.336,1680,4013
952005224,20141105T000000,409000.0,2,1.0,890,3271,1.0,0,0,4,6,890.0,0,1918,0,98116,47.5631,-122.381,1190,5175
9536600010,20141223T000000,520000.0,4,0.75,1960,8277,1.0,1,4,4,7,1320.0,640,1923,1986,98198,47.3648,-122.325,1940,8402
8024200683,20140709T000000,440000.0,3,1.5,1270,1413,3.0,0,0,3,8,1270.0,0,2007,0,98115,47.6989,-122.317,1270,1413
3444120130,20150327T000000,399950.0,4,2.75,3210,41689,1.0,0,0,4,8,1610.0,1600,1989,0,98042,47.3493,-122.062,2100,41384
1545806720,20140826T000000,254950.0,4,2.0,2180,8800,1.0,0,0,5,7,1170.0,1010,1977,0,98038,47.3676,-122.046,1630,8800
8827901415,20150507T000000,613000.0,3,1.5,1470,4480,1.0,0,0,4,7,1130.0,340,1918,0,98105,47.6693,-122.291,2120,4480
3629160060,20150227T000000,720000.0,4,2.75,3370,7634,1.0,0,2,5,8,2110.0,1260,1977,0,98056,47.5259,-122.204,2460,7634
2725069085,20141208T000000,864000.0,4,2.5,3190,49658,2.0,0,0,3,10,3190.0,0,1999,0,98074,47.6216,-122.015,3040,49658
7300200550,20150319T000000,659000.0,4,2.25,2610,24931,2.0,0,0,3,8,2610.0,0,1983,0,98075,47.5771,-122.05,2550,18306
6414100231,20141015T000000,440000.0,4,1.75,1920,7986,1.0,0,0,3,7,960.0,960,1952,0,98125,47.7209,-122.318,1700,7452
2652500740,20140618T000000,855000.0,4,2.25,2190,4080,2.0,0,0,3,8,1800.0,390,1918,0,98119,47.6425,-122.358,2100,4080
7960100075,20150325T000000,500000.0,3,2.0,1540,3600,1.0,0,0,3,7,890.0,650,1994,0,98122,47.6103,-122.296,1540,3600
8091410390,20150217T000000,220000.0,4,1.75,1910,8171,1.0,0,0,3,7,1910.0,0,1986,0,98030,47.35,-122.168,1910,7542
6384500590,20141113T000000,526000.0,3,1.75,1530,6125,1.0,0,0,3,7,1120.0,410,1958,0,98116,47.5687,-122.397,1360,6125
6751500285,20140731T000000,555700.0,3,2.0,1810,12420,1.0,0,0,4,7,1810.0,0,1957,0,98008,47.5888,-122.127,2230,12330
9550200370,20140520T000000,700000.0,4,1.0,1680,4021,1.5,0,0,3,7,1680.0,0,1921,0,98103,47.6663,-122.332,1710,4021
3905080870,20150206T000000,510000.0,3,2.5,1890,5929,2.0,0,0,3,8,1890.0,0,1993,0,98029,47.5697,-121.994,2060,5775
3204950120,20140529T000000,602500.0,4,2.5,2760,6850,2.0,0,0,3,9,2760.0,0,1999,0,98056,47.5346,-122.185,2640,9803
6083000071,20141110T000000,195000.0,3,2.0,1230,8235,1.5,0,0,3,6,1230.0,0,1959,0,98168,47.4853,-122.304,1080,10281
121039156,20150109T000000,249000.0,3,1.0,1030,24750,1.0,0,2,3,5,1030.0,0,1943,0,98023,47.3343,-122.362,2810,28800
7893200900,20150414T000000,204000.0,3,1.0,1200,12500,1.5,0,0,3,6,1200.0,0,1936,0,98198,47.4162,-122.329,1200,7500
5452302195,20141230T000000,685000.0,3,2.5,1460,8800,1.0,0,0,4,7,1460.0,0,1956,0,98040,47.5895,-122.232,2200,8800
7525211410,20140715T000000,425500.0,3,2.5,1970,2752,2.0,0,0,3,8,1970.0,0,1978,0,98052,47.6345,-122.108,1850,2778
114100131,20150114T000000,559950.0,5,3.5,2450,8193,2.0,0,0,3,9,2450.0,0,2005,0,98028,47.7721,-122.241,2310,8193
8731982470,20140715T000000,245000.0,3,2.0,1470,8000,1.0,0,0,4,8,1470.0,0,1974,0,98023,47.3191,-122.385,1980,8000
8078570390,20150415T000000,260000.0,3,2.5,1920,7415,2.0,0,0,3,7,1920.0,0,1989,0,98031,47.4022,-122.171,1930,7536
5652600185,20140502T000000,750000.0,3,1.75,2240,10578,2.0,0,0,5,8,1550.0,690,1923,0,98115,47.6954,-122.292,1570,10578
3654200039,20150325T000000,390500.0,3,2.25,1530,1279,2.0,0,0,3,7,1116.0,414,2007,0,98177,47.7035,-122.357,1320,1427
3925000020,20150224T000000,265000.0,3,2.0,1690,9516,1.0,0,0,3,7,1690.0,0,1997,0,98022,47.2132,-122.001,1850,9516
9521100960,20150116T000000,635000.0,4,1.5,2820,4000,2.0,0,0,3,7,2820.0,0,1911,0,98103,47.6638,-122.348,1470,1627
8079010220,20141117T000000,440000.0,4,2.5,2350,7203,2.0,0,0,3,8,2350.0,0,1989,0,98059,47.5123,-122.151,2260,7274
6632300161,20150428T000000,422000.0,3,1.0,1160,7854,1.0,0,0,3,7,1160.0,0,1960,0,98125,47.7304,-122.308,1300,8317
9558020890,20150324T000000,334950.0,3,2.5,1620,2930,2.0,0,0,3,8,1620.0,0,2002,0,98058,47.4491,-122.12,1900,2943
2113700205,20140703T000000,220000.0,4,1.0,1200,6000,1.5,0,0,3,6,1200.0,0,1923,0,98106,47.5307,-122.352,950,4000
7298040500,20140709T000000,486000.0,4,2.5,3560,12047,2.0,0,0,3,10,3560.0,0,1988,0,98023,47.3019,-122.341,3420,11250
6403510410,20140905T000000,405000.0,4,2.5,1850,9136,2.0,0,0,3,8,1850.0,0,1997,0,98059,47.4943,-122.157,1930,7873
2333230060,20141105T000000,311000.0,4,2.5,1780,5822,2.0,0,0,3,7,1780.0,0,2001,0,98058,47.4455,-122.169,1990,4092
7452500315,20141220T000000,285000.0,2,1.0,1210,4895,1.0,0,0,3,6,710.0,500,1951,0,98126,47.5202,-122.373,1100,6000
8663280080,20141223T000000,405000.0,3,2.0,1660,8174,1.0,0,0,3,7,830.0,830,1981,0,98034,47.7103,-122.199,1610,9318
255450030,20140918T000000,369946.0,3,2.5,2420,4725,2.0,0,0,3,8,2420.0,0,2014,0,98038,47.371,-122.018,2370,4200
2623039019,20140508T000000,988500.0,3,2.75,2015,16807,2.0,1,4,3,9,2015.0,0,2007,0,98166,47.45,-122.377,1780,12310
8856920550,20150319T000000,378000.0,3,2.5,2130,8404,2.0,0,0,3,8,2130.0,0,1991,0,98058,47.4623,-122.13,2130,8404
3276930420,20140912T000000,585000.0,4,2.5,2330,45860,2.0,0,0,3,9,2330.0,0,1989,0,98075,47.5842,-121.992,2930,5020
1796100010,20140911T000000,555000.0,3,3.0,3760,188760,1.0,0,0,4,10,2640.0,1120,1979,0,98092,47.308,-122.087,2820,50543
9415950020,20140608T000000,260000.0,4,2.5,1811,4381,2.0,0,0,3,8,1811.0,0,2007,0,98055,47.454,-122.19,1811,4150
2722059275,20150512T000000,536000.0,3,2.75,2290,34548,2.0,0,3,4,7,2290.0,0,1984,0,98042,47.3691,-122.163,399,275299
1794501390,20150501T000000,1190000.0,3,1.5,2540,2700,2.0,0,0,4,8,1630.0,910,1922,0,98119,47.637,-122.361,2520,5400
5035300871,20141014T000000,898000.0,2,2.25,2470,7658,1.0,0,0,4,8,1480.0,990,1954,0,98199,47.653,-122.416,2070,7270
3876311860,20141226T000000,525000.0,3,2.0,1620,7800,1.0,0,0,3,7,1200.0,420,1969,0,98034,47.7288,-122.171,1540,7565
1524079093,20150318T000000,369500.0,3,1.75,1300,20700,1.0,0,0,3,7,1300.0,0,1962,0,98024,47.5587,-121.904,1930,37638
4054530210,20150218T000000,896000.0,4,2.5,3560,46644,2.0,0,0,3,11,3560.0,0,1992,0,98077,47.7268,-122.05,3520,50261
3278602670,20140930T000000,219500.0,1,1.0,820,1060,1.0,0,0,3,8,760.0,60,2007,0,98126,47.5473,-122.371,1770,1924
2025049028,20140609T000000,403950.0,2,1.0,710,1136,2.0,0,0,4,7,710.0,0,1943,0,98102,47.6414,-122.329,1370,1173
1454600038,20150323T000000,985000.0,5,3.5,3890,13261,2.0,0,1,3,9,2870.0,1020,1984,0,98125,47.7246,-122.284,3080,13261
8126300360,20140730T000000,445000.0,3,2.25,1800,11200,1.0,0,0,3,8,1270.0,530,1979,0,98052,47.7072,-122.164,1940,11250
9558000100,20140520T000000,405000.0,5,2.5,2430,4781,2.0,0,0,3,9,2430.0,0,2001,0,98058,47.4487,-122.117,2420,4770
3592500565,20141029T000000,880000.0,2,1.0,1530,6350,1.5,0,0,4,7,1530.0,0,1923,0,98112,47.6325,-122.303,2640,6350
3364900375,20150423T000000,750000.0,2,1.0,1620,6120,1.0,0,0,3,7,1620.0,0,1951,0,98115,47.6731,-122.326,1650,4590
1545800290,20150408T000000,315000.0,4,2.5,1700,6675,2.0,0,0,3,7,1700.0,0,1997,0,98038,47.3638,-122.053,1570,7540
486000520,20140606T000000,1370000.0,2,2.25,2460,16940,1.5,0,4,4,9,1930.0,530,1936,0,98117,47.6792,-122.404,2260,6851
2781250900,20140620T000000,218000.0,2,2.0,1310,2841,2.0,0,0,3,6,1310.0,0,2004,0,98038,47.3502,-122.022,1360,2550
1930301325,20150423T000000,1025000.0,3,2.75,2780,4000,2.0,0,2,5,8,1960.0,820,1904,0,98103,47.6565,-122.355,1490,4800
600000152,20140602T000000,404000.0,3,1.5,2030,8880,1.0,0,0,3,7,1330.0,700,1963,0,98108,47.5586,-122.311,2140,5592
9161100730,20140701T000000,620000.0,4,3.0,2130,6325,1.0,0,0,5,7,1440.0,690,1948,0,98116,47.5683,-122.396,1240,6325
7131300035,20140512T000000,210000.0,3,2.5,1040,2643,2.0,0,0,3,7,720.0,320,2004,0,98118,47.5165,-122.268,1540,5110
8121200710,20150123T000000,480000.0,3,2.25,1950,8892,2.0,0,0,3,8,1950.0,0,1983,0,98052,47.7213,-122.11,1900,8750
2310060040,20140925T000000,240000.0,0,2.5,1810,5669,2.0,0,0,3,7,1810.0,0,2003,0,98038,47.3493,-122.053,1810,5685
3824100211,20140626T000000,370000.0,3,1.5,2380,14500,1.0,0,0,4,7,1850.0,530,1961,0,98028,47.7714,-122.256,1830,13600
7787920230,20150408T000000,518000.0,5,2.5,2890,13104,2.0,0,0,3,8,2890.0,0,2006,0,98019,47.7277,-121.958,3020,9300
1720069006,20140812T000000,474000.0,2,1.0,1050,403365,1.0,0,3,5,6,1050.0,0,1905,0,98022,47.2221,-122.059,1760,108900
9828700900,20140505T000000,549000.0,2,1.0,1140,5400,1.0,0,0,5,7,1140.0,0,1908,0,98112,47.6205,-122.294,1520,4800
1238501099,20141031T000000,470000.0,3,1.75,1310,8600,1.0,0,0,4,7,1310.0,0,1987,0,98033,47.686,-122.185,2510,8515
5693500846,20150420T000000,667000.0,3,1.75,1370,1921,3.0,0,0,3,8,1370.0,0,2007,0,98103,47.6595,-122.351,1370,4000
1250203860,20141030T000000,759000.0,3,2.0,2260,7200,1.0,0,3,3,7,1130.0,1130,1941,0,98144,47.5886,-122.288,2260,6000
2600140370,20140703T000000,1012000.0,4,2.5,2980,16263,2.0,0,0,3,9,2980.0,0,1989,0,98006,47.5457,-122.153,2730,10018
4047200135,20140811T000000,289275.0,3,2.0,2860,24046,1.0,0,0,3,9,1700.0,1160,1985,0,98019,47.7718,-121.904,1460,13648
2206500550,20141117T000000,375000.0,3,1.0,1040,9800,1.0,0,0,4,7,1040.0,0,1955,0,98006,47.5765,-122.155,1280,8880
9214400135,20150310T000000,510000.0,2,1.0,890,6095,1.0,0,0,3,7,890.0,0,1947,0,98115,47.6823,-122.298,1450,5985
4233400490,20140820T000000,262000.0,3,2.5,1680,10300,2.0,0,0,4,7,1680.0,0,1994,0,98010,47.314,-122.001,1680,9849
5412300100,20150325T000000,240000.0,3,1.75,1420,6984,1.0,0,0,4,7,980.0,440,1980,0,98030,47.3748,-122.18,1430,7875
6381501965,20140612T000000,430000.0,4,1.75,1890,6000,1.0,0,0,4,6,1110.0,780,1947,0,98125,47.7274,-122.305,1560,6356
2111000580,20140521T000000,299900.0,3,2.5,2720,6014,2.0,0,0,3,7,2720.0,0,2002,0,98092,47.3344,-122.174,2760,6537
9346700030,20150223T000000,685000.0,4,2.0,2260,10800,1.0,0,0,3,9,2260.0,0,1978,0,98007,47.6124,-122.153,2650,9900
5127001620,20150211T000000,315000.0,3,1.75,1580,11455,1.0,0,0,4,7,1200.0,380,1974,0,98059,47.4756,-122.147,1550,10650
3905100220,20140528T000000,535000.0,3,2.5,1720,4006,2.0,0,0,3,8,1720.0,0,1994,0,98029,47.569,-122.007,1780,3974
8647600020,20141111T000000,749950.0,4,2.5,3340,123600,2.0,0,0,3,10,3340.0,0,2005,0,98053,47.6101,-121.955,3730,123600
4123810140,20150227T000000,429800.0,3,2.0,1970,7000,1.0,0,0,3,8,1970.0,0,1986,0,98038,47.3744,-122.043,1970,7365
2473460860,20141027T000000,260000.0,4,2.5,2110,8990,2.0,0,0,3,8,2110.0,0,1977,0,98058,47.4457,-122.127,2040,8800
1630700276,20150105T000000,385000.0,2,1.5,1370,159865,1.0,0,0,3,7,1370.0,0,1960,0,98072,47.7592,-122.092,1370,16217
1513800170,20150402T000000,392500.0,3,1.0,930,6572,1.0,0,0,3,7,930.0,0,1952,0,98115,47.6889,-122.301,960,5840
3223059206,20140627T000000,235000.0,3,1.75,1950,8712,1.0,0,0,3,7,1950.0,0,1960,0,98055,47.4391,-122.189,1820,11520
3336500190,20150130T000000,252000.0,3,2.5,1670,4020,2.0,0,0,3,7,1670.0,0,2009,0,98118,47.53,-122.268,1670,4020
9523100550,20141003T000000,857500.0,3,1.5,2040,3960,2.0,0,2,5,8,2040.0,0,1928,0,98103,47.6658,-122.355,1540,3400
3585900090,20150415T000000,937500.0,4,2.5,3130,21100,1.0,0,4,3,9,2530.0,600,1956,0,98177,47.7598,-122.372,3680,23000
3878900395,20140728T000000,323000.0,3,1.75,1830,12500,1.0,0,1,3,7,1200.0,630,1947,0,98178,47.5087,-122.25,1830,7300
1443500925,20150504T000000,455000.0,2,1.0,1140,11480,1.0,0,0,3,6,1140.0,0,1907,0,98118,47.5328,-122.274,1550,8150
259600280,20150406T000000,400000.0,4,2.0,1420,9301,1.0,0,0,4,7,1420.0,0,1963,0,98008,47.6325,-122.121,1530,8075
8732040820,20141017T000000,247000.0,3,1.75,1820,8740,1.0,0,0,4,8,1820.0,0,1987,0,98023,47.3074,-122.385,2210,8320
2902200874,20150410T000000,920000.0,5,3.0,2230,4400,2.0,0,0,3,7,1730.0,500,1913,0,98102,47.6404,-122.325,1280,1800
7893203565,20141027T000000,120000.0,3,1.0,1260,7500,1.0,0,0,3,6,1260.0,0,1954,0,98198,47.4191,-122.33,1260,7500
3738900035,20140825T000000,298800.0,2,1.0,860,8189,1.0,0,0,3,6,860.0,0,1948,0,98155,47.735,-122.306,1180,8189
4358700100,20141202T000000,465000.0,3,2.5,1450,5175,1.0,0,0,3,8,1030.0,420,1995,0,98133,47.7082,-122.338,1740,9250
8562700410,20150415T000000,528000.0,5,1.75,2780,7786,1.0,0,0,3,8,1390.0,1390,1966,0,98052,47.6694,-122.157,2130,7918
8952900204,20141029T000000,810000.0,5,3.5,3550,9600,2.0,0,0,3,9,2550.0,1000,1998,0,98118,47.5484,-122.269,2030,9600
2768301490,20140626T000000,402000.0,2,1.0,620,2475,1.0,0,0,5,6,620.0,0,1911,0,98107,47.6655,-122.371,1290,2475
6028000090,20150126T000000,438000.0,3,2.25,2340,14279,1.0,0,0,3,8,1340.0,1000,1965,0,98006,47.5715,-122.124,2340,13600
726049184,20140721T000000,294000.0,2,1.0,820,6366,1.0,0,0,5,6,820.0,0,1952,0,98133,47.7512,-122.34,1580,10169
8024201270,20140722T000000,365000.0,2,1.0,980,5110,1.0,0,0,4,7,780.0,200,1939,0,98115,47.7002,-122.314,1430,5110
9465910320,20140709T000000,565000.0,3,2.5,2500,7394,2.0,0,0,3,9,2500.0,0,1990,0,98072,47.7441,-122.173,2790,7642
3630130130,20141112T000000,663000.0,3,2.5,1910,5125,2.0,0,0,3,9,1910.0,0,2006,0,98029,47.5481,-121.995,1910,3215
723099065,20150130T000000,465000.0,3,2.0,1840,40438,2.0,0,0,3,7,1840.0,0,1994,0,98045,47.4853,-121.709,1380,44049
4022905473,20141205T000000,565000.0,5,3.0,2560,12480,1.0,0,0,3,8,1590.0,970,2012,0,98155,47.7657,-122.284,2500,17299
1446800181,20140620T000000,264950.0,4,1.0,1810,7500,1.0,0,0,2,7,1410.0,400,1959,0,98168,47.4935,-122.333,1250,6255
8039900130,20140730T000000,458000.0,3,1.5,1570,12196,1.0,0,0,4,7,1570.0,0,1972,0,98045,47.4866,-121.786,1740,12196
6064800730,20150129T000000,330950.0,3,2.5,1630,2844,2.0,0,0,3,7,1630.0,0,2003,0,98118,47.5413,-122.288,1610,2582
4206901215,20140612T000000,920000.0,4,3.25,2420,4000,1.5,0,0,5,9,1870.0,550,1911,0,98105,47.6567,-122.325,1810,4000
1828000620,20140701T000000,452000.0,3,1.75,1110,9012,1.0,0,0,4,7,1110.0,0,1966,0,98052,47.6563,-122.131,1800,8679
7129304225,20150108T000000,305000.0,4,2.25,2340,5250,2.0,0,0,5,7,2340.0,0,1965,0,98118,47.5183,-122.266,1540,5250
9558010090,20140822T000000,445000.0,4,2.5,2790,8111,2.0,0,0,3,9,2480.0,310,2004,0,98058,47.4492,-122.116,2550,7634
5708500270,20140516T000000,523000.0,3,1.5,1260,3135,1.5,0,0,3,8,1260.0,0,1931,0,98116,47.5755,-122.388,1700,4180
5437810360,20141107T000000,224500.0,3,1.75,1300,7735,1.0,0,0,4,7,1300.0,0,1980,0,98022,47.1983,-122.0,1300,8941
1525059074,20140723T000000,850000.0,4,1.0,2500,35802,1.5,0,0,3,7,2500.0,0,1955,0,98005,47.6488,-122.153,2880,40510
8091401030,20150422T000000,240000.0,3,1.5,1070,8886,1.0,0,0,4,7,1070.0,0,1984,0,98030,47.3516,-122.166,1730,9461
2769601250,20150512T000000,550000.0,2,1.0,1420,3100,1.0,0,0,3,7,820.0,600,1924,0,98107,47.6737,-122.365,1420,3915
7586200061,20150312T000000,375000.0,3,3.25,1280,1730,2.0,0,0,3,8,1090.0,190,2005,0,98177,47.7032,-122.36,1280,2121
1189000245,20150331T000000,670000.0,4,2.0,2250,4200,1.5,0,0,3,7,1650.0,600,1909,0,98122,47.6136,-122.297,1200,3360
7749500250,20140827T000000,265000.0,5,2.25,2600,8075,1.5,0,0,4,8,2600.0,0,1969,0,98092,47.2961,-122.188,2200,8800
1454100005,20140806T000000,350000.0,3,1.0,1370,8162,1.5,0,0,3,6,1370.0,0,1949,0,98125,47.7263,-122.289,1560,8250
3472800068,20140717T000000,968000.0,5,2.5,2900,9799,1.0,0,0,3,8,1450.0,1450,1959,0,98004,47.6255,-122.208,2810,9687
5127001320,20150223T000000,314950.0,3,1.75,1520,9600,1.0,0,0,4,7,1520.0,0,1967,0,98059,47.473,-122.149,1590,10183
3630030440,20140923T000000,585000.0,4,2.5,1950,3720,2.0,0,0,3,8,1950.0,0,2004,0,98029,47.5503,-121.997,1720,3720
6181700625,20150220T000000,590000.0,4,2.0,2990,12970,1.5,0,2,4,7,1960.0,1030,1948,0,98028,47.7605,-122.258,2500,10680
8159300040,20141002T000000,510000.0,4,2.75,2730,9112,1.0,0,2,3,9,1740.0,990,1996,0,98198,47.4005,-122.312,3050,10454
7277100395,20150225T000000,675000.0,4,3.5,2550,3600,2.0,0,2,3,8,1880.0,670,1997,0,98177,47.7709,-122.39,2090,6000
1938000140,20150428T000000,810000.0,4,2.0,2920,10424,1.0,0,0,5,8,1520.0,1400,1964,0,98005,47.5876,-122.172,2360,10696
7387500195,20150227T000000,367000.0,4,1.0,1820,5500,1.5,0,0,3,6,1820.0,0,1947,0,98106,47.5185,-122.363,1140,5500
2260300060,20150410T000000,2575000.0,5,3.0,4780,20440,1.0,0,0,4,10,3660.0,1120,1975,0,98039,47.6242,-122.239,4660,20440
7977200995,20150506T000000,506000.0,3,2.0,1160,6120,1.0,0,0,3,7,1160.0,0,1947,0,98115,47.6853,-122.293,1150,5100
6855100010,20140923T000000,505000.0,3,2.5,2400,9601,1.0,0,0,5,7,1390.0,1010,1977,0,98034,47.7256,-122.211,2010,9943
5149800040,20140918T000000,255000.0,4,2.0,2560,12155,1.0,0,0,4,7,1350.0,1210,1960,0,98003,47.3326,-122.323,1790,11906
1441300130,20141224T000000,319000.0,3,2.5,1610,8544,2.0,0,0,5,7,1610.0,0,1994,0,98038,47.3714,-122.054,1840,8190
9831200159,20140806T000000,2250000.0,3,3.25,3890,3452,2.0,0,0,3,12,2890.0,1000,2006,0,98102,47.626,-122.323,2860,2199
7856601040,20150220T000000,745000.0,4,1.75,1990,8900,1.0,0,0,4,8,1990.0,0,1972,0,98006,47.5639,-122.149,2620,8925
3354400545,20140715T000000,190000.0,4,2.5,1840,13493,2.0,0,0,3,7,1840.0,0,1994,0,98001,47.2649,-122.242,1430,11463
7231502505,20150312T000000,220000.0,2,1.0,780,6000,1.0,0,0,5,6,780.0,0,1923,0,98055,47.4759,-122.208,1080,6000
7853440140,20150409T000000,802945.0,5,3.5,4000,9234,2.0,0,0,3,9,4000.0,0,2015,0,98024,47.5265,-121.887,3690,6600
8964800330,20150407T000000,3000000.0,4,3.75,5090,14823,1.0,0,0,3,11,4180.0,910,2013,0,98004,47.62,-122.207,3030,12752
2394600157,20150407T000000,460000.0,3,2.25,1530,1840,2.0,0,0,3,8,1240.0,290,2008,0,98144,47.587,-122.301,1800,3431
2896000680,20140729T000000,600000.0,4,2.75,2810,17674,1.0,0,0,4,8,1640.0,1170,1978,0,98052,47.6745,-122.144,2400,11240
3332000615,20150422T000000,389000.0,3,1.0,1330,3740,1.5,0,0,3,6,1330.0,0,1903,0,98118,47.5502,-122.274,1330,5053
2026049122,20150401T000000,425000.0,3,1.5,1120,6653,1.0,0,0,4,7,1120.0,0,1937,0,98133,47.7321,-122.334,1580,7355
8682310470,20150107T000000,445000.0,2,1.75,1440,4660,1.0,0,2,3,8,1440.0,0,2008,0,98053,47.7092,-122.015,1680,4989
1207200010,20150318T000000,245000.0,4,2.0,1830,10416,1.0,0,0,3,7,1370.0,460,1958,0,98146,47.4878,-122.341,1830,9271
2600000510,20140726T000000,686000.0,4,2.25,2130,10650,2.0,0,0,4,8,2130.0,0,1977,0,98006,47.5567,-122.159,3380,10050
7399200510,20140812T000000,383000.0,4,2.5,2370,10580,2.0,0,0,3,8,2370.0,0,1966,0,98055,47.464,-122.192,1590,8584
7205510370,20141124T000000,304500.0,3,2.25,1790,6930,1.0,0,0,3,7,1390.0,400,1974,0,98003,47.3536,-122.317,1810,7420
8857640420,20141001T000000,294000.0,4,2.25,2190,3746,2.0,0,0,3,8,2190.0,0,2005,0,98038,47.3896,-122.034,2200,3591
8078460070,20140609T000000,640000.0,3,2.5,2140,8925,2.0,0,0,3,8,2140.0,0,1991,0,98074,47.6314,-122.027,2310,8956
7518504291,20141215T000000,535000.0,2,1.0,1520,3360,1.0,0,0,4,7,830.0,690,1927,0,98117,47.6815,-122.382,1470,3774
9485740340,20150310T000000,346900.0,4,2.5,1970,5106,2.0,0,0,3,8,1970.0,0,1999,0,98055,47.449,-122.205,2230,5109
7227800110,20150409T000000,315000.0,6,2.0,1750,17685,1.0,0,0,4,5,1750.0,0,1943,0,98056,47.5096,-122.178,1750,9209
5317100294,20141113T000000,1333000.0,4,4.5,3130,5126,3.0,0,0,3,10,2450.0,680,2014,0,98112,47.6239,-122.29,2540,7784
1925069082,20150511T000000,2200000.0,5,4.25,4640,22703,2.0,1,4,5,8,2860.0,1780,1952,0,98052,47.6393,-122.097,3140,14200
2891000680,20150427T000000,195000.0,3,1.75,1070,6110,1.0,0,0,4,7,1070.0,0,1968,0,98002,47.3249,-122.207,1350,6148
2484200080,20140729T000000,731100.0,3,2.5,2060,8778,1.0,0,0,3,8,1160.0,900,1953,2010,98136,47.5245,-122.384,1990,7560
5561200310,20140609T000000,525000.0,3,3.0,2470,36445,2.0,0,0,4,8,2470.0,0,1980,0,98027,47.4661,-121.997,2310,35350
3226049478,20140725T000000,430000.0,4,1.0,1350,9000,1.5,0,0,4,7,1350.0,0,1964,0,98103,47.6953,-122.332,1940,8000
643300010,20140829T000000,365000.0,3,1.75,1410,9150,1.0,0,0,5,7,1410.0,0,1959,0,98006,47.5683,-122.178,1800,9940
8691370400,20141216T000000,699900.0,4,2.75,2810,7302,2.0,0,0,3,9,2810.0,0,2002,0,98075,47.5985,-121.977,2820,7302
9828200746,20150504T000000,440000.0,2,1.5,1120,1024,2.0,0,0,3,8,1120.0,0,1970,1998,98122,47.6175,-122.298,1120,1549
3293700496,20140814T000000,270000.0,4,1.75,1850,7730,1.0,0,0,5,7,1100.0,750,1956,0,98133,47.7481,-122.355,2260,8581
723049156,20140523T000000,149000.0,3,1.0,1700,8645,1.0,0,0,3,6,1700.0,0,1955,0,98146,47.4899,-122.337,1500,7980
3649100346,20150109T000000,322968.0,5,1.75,1890,9600,1.0,0,0,4,7,1890.0,0,1960,0,98028,47.7391,-122.241,2350,5308
6456200020,20140826T000000,410000.0,3,2.0,1740,9300,1.0,0,0,4,7,1740.0,0,1952,0,98166,47.4526,-122.357,1540,9638
1545807990,20150217T000000,315000.0,3,1.75,1890,10661,1.0,0,0,5,7,1460.0,430,1978,0,98038,47.3583,-122.056,1680,9604
7974200776,20141205T000000,625000.0,4,2.75,2140,4000,1.0,0,0,3,7,1190.0,950,1951,0,98115,47.6792,-122.287,2140,4770
745000005,20140825T000000,145000.0,1,0.75,480,9750,1.0,0,0,2,4,480.0,0,1948,0,98146,47.4982,-122.362,1550,9924
3211700035,20140625T000000,557500.0,3,1.75,1900,11165,1.0,0,0,4,7,1900.0,0,1959,0,98008,47.5789,-122.118,2030,11165
4136980090,20150407T000000,537000.0,4,4.25,4883,26040,2.0,0,3,3,10,3859.0,1024,2006,0,98092,47.263,-122.216,3736,9870
546000020,20150429T000000,487000.0,2,1.0,1440,4046,1.0,0,0,3,7,960.0,480,1946,0,98117,47.6901,-122.382,1400,4046
9528102060,20140730T000000,516000.0,2,1.75,1640,3090,1.0,0,0,4,7,910.0,730,1925,0,98115,47.679,-122.319,1510,4120
1771110090,20140820T000000,316000.0,3,0.75,1270,10092,1.0,0,0,5,7,1270.0,0,1971,0,98077,47.7567,-122.073,1300,10375
7129301578,20140521T000000,495000.0,3,3.5,2380,6250,2.0,0,3,3,8,1670.0,710,1997,0,98118,47.5137,-122.252,2540,4010
263000325,20140611T000000,349000.0,3,2.5,1430,1002,3.0,0,0,3,8,1430.0,0,2002,0,98103,47.698,-122.349,1430,1530
5078400035,20150402T000000,875000.0,4,1.75,2360,8286,1.0,0,0,3,7,1320.0,1040,1952,0,98004,47.6226,-122.205,1680,7630
3750604417,20140526T000000,172500.0,3,1.0,1140,8800,1.0,0,0,3,7,1140.0,0,1972,0,98001,47.2629,-122.275,1270,13560
1257201010,20150504T000000,698000.0,2,1.0,1510,4080,1.0,0,0,3,7,1010.0,500,1923,0,98103,47.6742,-122.329,1660,4080
8691510290,20150506T000000,385000.0,3,2.5,2230,8296,2.0,0,0,3,7,2230.0,0,2004,0,98058,47.4386,-122.116,2480,5940
985001082,20140521T000000,246000.0,3,1.5,1780,23819,1.0,0,0,3,7,1780.0,0,1953,0,98168,47.4912,-122.312,1130,14450
3025059089,20150505T000000,950000.0,3,1.5,1700,8050,1.0,0,0,3,7,1130.0,570,1950,0,98004,47.6304,-122.218,2920,12239
3649100031,20150305T000000,345000.0,4,1.0,2020,18150,1.0,0,0,4,7,2020.0,0,1955,0,98028,47.739,-122.249,1530,11970
3326059254,20141124T000000,720000.0,3,2.5,3170,7187,2.0,0,0,3,9,3170.0,0,2005,0,98033,47.6934,-122.166,2790,7336
9189700255,20150105T000000,165000.0,3,1.0,970,7503,1.0,0,0,4,6,970.0,0,1967,0,98058,47.4688,-122.163,1230,9504
257000038,20141006T000000,293550.0,4,1.75,2120,9706,1.0,0,0,3,7,1370.0,750,1965,0,98168,47.4939,-122.297,1730,11337
7504400120,20140919T000000,495000.0,4,1.75,2570,12039,1.0,0,0,3,8,1910.0,660,1978,0,98074,47.626,-122.048,2200,12384
9512000140,20140505T000000,755000.0,4,2.5,2120,10202,1.0,0,0,4,7,1620.0,500,1960,0,98005,47.5858,-122.17,1570,10762
4365700450,20141106T000000,193000.0,2,1.0,950,9000,1.0,0,0,3,6,950.0,0,1924,0,98106,47.5219,-122.361,1000,8280
1645000097,20140809T000000,249000.0,3,1.75,1300,8500,1.0,0,0,4,7,1300.0,0,1964,0,98022,47.209,-122.005,1410,7800
7986400180,20140710T000000,675000.0,3,1.75,1920,4500,1.0,0,0,5,7,960.0,960,1924,0,98107,47.6645,-122.357,1190,4000
5083100065,20140916T000000,230000.0,3,1.0,1190,9083,1.0,0,0,3,7,1190.0,0,1955,0,98198,47.4116,-122.293,1190,9450
7853280370,20141114T000000,805000.0,5,4.5,4600,7810,2.0,0,0,3,9,3200.0,1400,2006,0,98065,47.5381,-121.86,4480,6324
3971700937,20140827T000000,270000.0,3,1.75,1260,7500,1.0,0,0,3,6,840.0,420,1947,0,98155,47.772,-122.323,1340,7500
3869900146,20141030T000000,306500.0,2,1.0,840,892,2.0,0,0,3,7,840.0,0,2006,0,98136,47.5396,-122.387,1030,1007
5482700100,20140512T000000,876650.0,3,3.25,2170,12508,1.5,0,0,5,9,1650.0,520,1928,1970,98040,47.5665,-122.229,2720,21070
3912000020,20150430T000000,745000.0,3,2.0,2290,5001,1.0,0,0,4,7,1490.0,800,1960,0,98103,47.6909,-122.339,1230,5001
6979900370,20141114T000000,574000.0,4,2.5,3240,22795,2.0,0,0,3,8,3240.0,0,1998,0,98053,47.6329,-121.969,2570,29761
9402800005,20141028T000000,1500000.0,3,3.5,3530,3610,2.0,0,0,3,10,2370.0,1160,2008,0,98103,47.6857,-122.339,1780,3610
922059020,20140716T000000,242025.0,4,1.75,1400,54014,1.5,0,0,4,7,1400.0,0,1935,0,98031,47.4153,-122.184,1910,8523
6303401365,20140603T000000,210000.0,3,1.0,1110,7962,1.0,0,0,3,7,1110.0,0,1962,0,98146,47.5035,-122.36,1200,8094
6744700302,20140620T000000,790000.0,4,1.75,2050,10920,1.0,0,3,3,8,1450.0,600,1974,0,98155,47.7431,-122.286,2440,10920
1085623710,20140714T000000,447055.0,4,2.5,2448,4949,2.0,0,0,3,9,2448.0,0,2014,0,98030,47.3428,-122.179,2815,5446
291310180,20140613T000000,379500.0,3,2.25,1410,1287,2.0,0,0,3,7,1290.0,120,2005,0,98027,47.5344,-122.068,1490,1435
5151600530,20150423T000000,460000.0,4,2.5,2680,11998,1.0,0,3,3,8,1510.0,1170,1960,0,98003,47.337,-122.321,2680,12746
2025049175,20150105T000000,755000.0,2,2.5,1360,2070,2.0,0,0,3,8,1360.0,0,1999,0,98102,47.6423,-122.329,1920,2092
3438500430,20140521T000000,270000.0,3,1.75,1390,10905,1.0,0,0,3,6,860.0,530,1957,0,98106,47.5517,-122.36,1390,10839
6154900130,20141202T000000,340000.0,2,1.0,860,7102,1.0,0,0,3,6,860.0,0,1947,0,98177,47.7042,-122.369,1450,7102
8944300010,20140725T000000,230000.0,5,1.0,1410,9000,1.0,0,0,5,7,1410.0,0,1967,0,98023,47.3054,-122.369,1200,8346
7899800791,20141023T000000,230000.0,3,2.0,1160,1174,2.0,0,0,3,7,790.0,370,2007,0,98106,47.5225,-122.357,1160,994
616000160,20141210T000000,381000.0,3,2.0,1770,14400,1.0,0,0,4,8,1770.0,0,1959,0,98166,47.415,-122.337,1900,14400
2868300115,20140821T000000,271500.0,3,1.75,1995,18360,2.0,0,0,3,7,1995.0,0,1957,0,98198,47.4129,-122.322,1980,13640
3581000210,20140904T000000,383001.0,3,1.0,1180,7210,1.0,0,0,4,7,1180.0,0,1963,0,98034,47.7267,-122.241,1700,7210
2781270080,20141030T000000,249900.0,2,2.0,1470,2541,2.0,0,0,3,6,1470.0,0,2005,0,98038,47.3502,-122.02,1310,2721
9553200125,20150331T000000,875000.0,3,1.5,2440,5750,1.0,0,0,3,8,1320.0,1120,1939,0,98115,47.6991,-122.296,2160,6820
7857000732,20141101T000000,350000.0,3,1.75,2090,6258,1.0,0,0,3,7,1390.0,700,1956,0,98108,47.5503,-122.301,1790,5793
3905030190,20140711T000000,601000.0,4,2.5,2090,6906,2.0,0,0,4,8,2090.0,0,1992,0,98029,47.5718,-121.996,2090,6370
9388100015,20141119T000000,740000.0,3,2.5,2710,18480,2.0,0,2,3,10,2000.0,710,1978,0,98034,47.7256,-122.259,2710,18077
2927600630,20150416T000000,995000.0,4,3.5,2780,9550,2.0,0,4,5,10,2530.0,250,1978,0,98166,47.454,-122.373,2724,10634
3575302759,20140806T000000,365000.0,2,1.75,1270,7500,1.0,0,0,4,7,1270.0,0,1982,0,98074,47.6186,-122.063,1280,7500
5406500170,20141024T000000,645000.0,4,2.5,2780,4200,2.0,0,0,3,8,2780.0,0,2001,0,98075,47.5989,-122.039,2510,4200
6819100345,20150325T000000,700000.0,4,1.75,2360,6000,1.0,0,0,3,7,1280.0,1080,1955,0,98109,47.6465,-122.357,1700,3460
7708180040,20140503T000000,625000.0,4,2.75,2920,6605,2.0,0,0,3,8,2920.0,0,2012,0,98059,47.4909,-122.144,3030,6605
98030140,20141013T000000,785500.0,4,4.0,3280,8448,2.0,0,0,3,10,3280.0,0,2007,0,98075,47.5818,-121.973,3730,8030
3738900165,20141024T000000,385000.0,4,1.75,2080,8215,2.0,0,0,4,7,2080.0,0,1948,0,98155,47.737,-122.305,1550,8215
3542300060,20150311T000000,210000.0,3,1.0,860,11725,1.0,0,0,4,6,860.0,0,1943,0,98056,47.5093,-122.184,1300,9514
2320069111,20150507T000000,449999.0,4,1.75,2290,36900,1.5,0,2,5,7,1690.0,600,1938,0,98022,47.2034,-122.003,2170,12434
4180300050,20140801T000000,400000.0,4,3.5,3350,9681,1.0,0,1,3,7,2140.0,1210,1980,0,98198,47.3978,-122.322,2580,9681
6373000130,20141201T000000,555000.0,4,2.25,1720,2300,1.0,0,0,3,7,860.0,860,1940,2014,98116,47.5762,-122.412,1720,4680
1453601502,20150226T000000,303697.0,4,2.0,2520,7334,1.0,0,0,3,7,1600.0,920,1955,0,98125,47.7263,-122.291,2040,7937
1787600224,20150310T000000,390000.0,3,2.5,1640,6991,1.0,0,0,3,7,1110.0,530,1967,0,98125,47.7255,-122.327,1860,7342
4392200165,20140904T000000,440000.0,1,1.0,850,6567,1.0,0,0,4,6,850.0,0,1940,0,98010,47.327,-122.039,2160,9794
4331400090,20140528T000000,270000.0,3,1.5,1430,8960,1.0,0,0,4,6,1430.0,0,1953,0,98166,47.4759,-122.349,1560,10125
6917700305,20150219T000000,529000.0,2,1.0,1210,7667,1.0,0,0,3,6,900.0,310,1950,0,98199,47.6571,-122.396,1330,6462
6181400470,20150127T000000,215000.0,4,2.5,2130,4496,2.0,0,0,3,7,2130.0,0,2004,0,98001,47.3041,-122.28,3220,5400
9250900095,20140819T000000,331000.0,2,1.0,1480,6210,1.0,0,0,3,7,1080.0,400,1950,0,98133,47.774,-122.351,1290,7509
3782400190,20140812T000000,329500.0,3,2.25,1500,9656,1.0,0,0,3,7,1170.0,330,1989,0,98019,47.7327,-121.982,1690,9656
3861400030,20141124T000000,950000.0,4,1.75,2210,19025,1.0,0,0,4,7,1460.0,750,1952,0,98004,47.5927,-122.203,2640,14999
7299600130,20140702T000000,309780.0,3,2.5,2242,4500,2.0,0,0,3,8,2242.0,0,2014,0,98092,47.2583,-122.198,2009,4500
4174600262,20150408T000000,500000.0,2,1.5,2070,5432,2.0,0,0,3,7,1370.0,700,1951,0,98108,47.5571,-122.299,2070,5505
7548300170,20150331T000000,600000.0,4,2.25,2760,5200,2.0,0,0,3,7,1790.0,970,1910,2003,98144,47.589,-122.313,1310,2059
7831800110,20150115T000000,215000.0,3,1.0,1210,7175,1.0,0,0,3,7,1210.0,0,1918,0,98106,47.5339,-122.356,1640,5850
4340610040,20140612T000000,312500.0,2,1.5,1070,1200,2.0,0,0,3,7,1070.0,0,1999,0,98103,47.697,-122.347,1070,1200
8682292090,20140709T000000,737000.0,2,2.25,2290,9772,1.0,0,0,3,8,2290.0,0,2007,0,98053,47.7199,-122.025,1810,6077
3885805175,20141001T000000,1485000.0,4,3.25,3730,7200,2.0,0,0,3,10,2810.0,920,2006,0,98033,47.6824,-122.199,2490,7200
3832710840,20140602T000000,250000.0,4,2.0,1850,7560,1.0,0,0,4,7,1540.0,310,1978,0,98032,47.3666,-122.277,1620,7658
3022079080,20140715T000000,650000.0,4,2.5,3420,222156,2.0,0,0,3,9,3420.0,0,2002,0,98010,47.3608,-121.97,3340,222156
1651800010,20140702T000000,1300000.0,4,1.75,2610,21600,1.0,0,0,4,8,2610.0,0,1966,0,98004,47.6245,-122.227,2920,20330
2489200070,20140720T000000,767500.0,6,3.5,2410,6000,2.0,0,4,3,9,2220.0,190,1916,1990,98136,47.54,-122.382,1980,6000
2881700273,20140819T000000,385000.0,4,2.0,1820,7102,1.0,0,0,3,7,1220.0,600,1950,0,98155,47.7447,-122.324,1650,8184
2757000040,20140605T000000,795000.0,4,2.25,2070,13084,1.0,0,0,4,8,1700.0,370,1967,0,98040,47.5606,-122.222,2520,10180
8662500130,20141209T000000,251100.0,4,2.5,1790,5257,2.0,0,0,3,7,1790.0,0,1996,0,98030,47.3849,-122.204,1680,5320
4475000170,20141111T000000,370000.0,4,3.0,2580,5511,2.0,0,0,3,8,2580.0,0,1999,0,98058,47.4286,-122.185,2010,5600
1773100416,20141120T000000,315000.0,3,2.5,1410,1325,2.0,0,0,3,7,1180.0,230,2007,0,98106,47.5582,-122.363,1270,1282
2464400285,20141229T000000,575000.0,3,2.5,1590,2910,2.0,0,0,3,7,1110.0,480,1984,0,98115,47.6855,-122.321,1590,3880
9477500060,20140813T000000,484000.0,6,2.5,3300,13501,1.0,0,0,3,8,2060.0,1240,1980,0,98059,47.5116,-122.163,2060,8745
8682281710,20140620T000000,754800.0,2,2.5,2770,7781,2.0,0,0,3,8,2770.0,0,2006,0,98053,47.7072,-122.017,1870,5984
6675500082,20140812T000000,455000.0,3,2.5,1600,7829,2.0,0,0,3,7,1600.0,0,1987,0,98034,47.7288,-122.227,1580,9104
8944550100,20140723T000000,455000.0,4,2.5,2090,4400,2.0,0,0,3,8,2090.0,0,2011,0,98118,47.5403,-122.286,2090,3430
2126059234,20140924T000000,650000.0,5,3.5,5110,10018,2.0,0,0,3,10,3850.0,1260,2003,0,98034,47.7261,-122.17,1790,10018
6681500080,20140822T000000,736500.0,3,2.0,2230,4800,1.5,0,0,4,7,1290.0,940,1915,0,98199,47.645,-122.386,1650,5040
723049596,20140509T000000,255000.0,2,1.0,810,7980,1.0,0,0,1,6,810.0,0,1928,0,98146,47.489,-122.337,1440,7980
7397300220,20140529T000000,2750000.0,4,3.25,4430,21000,2.0,0,0,3,10,4430.0,0,1952,2007,98039,47.6398,-122.237,3930,20000
9558041130,20140903T000000,345000.0,3,2.5,1870,3584,2.0,0,0,3,8,1870.0,0,2003,0,98058,47.4521,-122.121,1900,3920
472000055,20140514T000000,546000.0,3,1.75,2000,5000,1.0,0,0,4,7,1110.0,890,1921,0,98117,47.6859,-122.399,1750,5000
4395600060,20140630T000000,935000.0,2,2.5,1780,2067,2.0,0,0,5,9,1780.0,0,1974,0,98004,47.6132,-122.21,2320,2067
8651402920,20140505T000000,219900.0,4,1.5,1120,5427,1.0,0,0,3,6,1120.0,0,1969,2014,98042,47.3628,-122.087,1150,5304
5700000245,20140602T000000,540000.0,4,1.75,1720,4240,1.5,0,0,4,7,1460.0,260,1925,0,98144,47.579,-122.294,1930,4280
3814800280,20150417T000000,395000.0,4,2.5,2810,10951,2.0,0,0,3,8,2810.0,0,2003,0,98092,47.3249,-122.187,1680,6625
2329700440,20141027T000000,155000.0,3,1.5,970,8400,1.0,0,0,3,7,970.0,0,1966,0,98003,47.3284,-122.331,1230,8400
3293700496,20141204T000000,450000.0,4,1.75,1850,7730,1.0,0,0,5,7,1100.0,750,1956,0,98133,47.7481,-122.355,2260,8581
2450000165,20140618T000000,650000.0,3,1.5,1320,8114,1.0,0,0,3,8,1320.0,0,1951,0,98004,47.5827,-122.195,2110,8114
4031000250,20140626T000000,150000.0,3,1.0,1310,9612,1.0,0,0,3,7,960.0,350,1962,0,98001,47.2958,-122.285,1310,9812
9578140360,20140619T000000,330000.0,3,2.5,2238,7209,2.0,0,0,3,8,2238.0,0,2011,0,98023,47.2966,-122.353,2456,7212
3630020090,20150504T000000,454280.0,3,2.5,1470,1741,2.0,0,0,3,8,1170.0,300,2004,0,98029,47.5464,-121.999,1470,1583
2759500105,20140730T000000,419000.0,3,1.5,1500,8272,1.0,0,0,4,7,1500.0,0,1958,0,98177,47.7741,-122.38,1630,8270
9432750070,20140808T000000,512000.0,4,2.5,2550,17209,2.0,0,0,3,9,2550.0,0,1996,0,98059,47.4836,-122.136,2840,12560
7230400400,20150326T000000,415500.0,3,2.0,1220,17652,1.0,0,0,4,7,1220.0,0,1980,0,98059,47.4712,-122.1,1990,17652
7852020660,20140509T000000,505000.0,3,2.5,2100,5824,2.0,0,2,3,8,2100.0,0,1999,0,98065,47.5334,-121.867,1890,4140
4137010530,20140504T000000,331950.0,4,2.5,2530,9933,2.0,0,2,3,8,2010.0,520,1990,0,98092,47.2654,-122.216,2140,9933
2571910380,20140605T000000,289000.0,3,2.0,1680,8424,1.0,0,0,3,7,1680.0,0,1993,0,98022,47.1969,-122.011,1990,8545
8857600220,20141023T000000,178500.0,3,1.0,1200,8470,1.0,0,0,5,7,1200.0,0,1961,0,98032,47.3864,-122.287,1200,7952
7550800916,20140602T000000,395000.0,1,1.0,730,3000,1.0,0,0,3,7,730.0,0,1911,0,98107,47.6741,-122.396,1520,5000
9376301111,20140630T000000,457000.0,3,2.5,1220,1330,2.0,0,0,3,8,1010.0,210,2008,0,98117,47.6904,-122.37,1360,3750
1922069071,20150424T000000,411000.0,4,1.75,2250,292288,1.0,0,0,4,7,2250.0,0,1963,0,98042,47.3787,-122.091,1550,23798
2220069203,20140908T000000,379500.0,4,2.25,2120,53578,2.0,0,2,4,7,2120.0,0,1985,0,98022,47.2041,-122.021,2120,53578
3438501700,20140827T000000,300000.0,3,1.0,1300,20812,1.0,0,0,3,6,1300.0,0,1927,0,98106,47.5435,-122.359,1210,17340
2025700260,20150325T000000,259500.0,3,2.25,1490,7589,2.0,0,0,3,7,1490.0,0,1993,0,98038,47.3474,-122.037,1510,6603
714000315,20150414T000000,515000.0,3,2.75,1710,9448,1.0,0,0,3,7,1010.0,700,1947,0,98105,47.6693,-122.267,1960,8951
3831200200,20150420T000000,172040.0,3,2.25,1710,7134,1.0,0,0,4,7,1130.0,580,1979,0,98031,47.3911,-122.191,1790,7455
7011201016,20141001T000000,585000.0,3,2.5,1700,1156,2.0,0,2,3,9,1320.0,380,2002,0,98119,47.6373,-122.369,1710,1686
9407101850,20141209T000000,345000.0,3,2.25,1690,14615,2.0,0,0,4,7,1690.0,0,1979,0,98045,47.4492,-121.78,1390,11360
8556800090,20150430T000000,525000.0,5,3.5,3450,19080,2.0,0,3,3,9,3450.0,0,2001,0,98022,47.2123,-122.005,2570,17007
9542900190,20140516T000000,370000.0,4,1.5,1370,9957,1.0,0,0,3,7,900.0,470,1972,0,98034,47.7237,-122.181,1510,8088
9524100322,20141020T000000,375000.0,3,2.25,1140,1557,3.0,0,0,3,8,1140.0,0,2007,0,98103,47.6947,-122.342,1140,1245
3026059011,20140813T000000,825000.0,3,2.75,3040,24192,2.0,0,0,4,10,3040.0,0,1987,0,98034,47.7108,-122.225,2770,5728
203100460,20140924T000000,400000.0,1,1.0,530,13679,1.0,0,0,4,6,530.0,0,1949,0,98053,47.6422,-121.954,1930,20624
2991000160,20141212T000000,312500.0,4,0.5,2300,5570,2.0,0,0,3,8,2300.0,0,1996,0,98092,47.3285,-122.168,1820,6371
123039147,20150319T000000,464950.0,3,2.0,2190,19800,1.0,0,0,3,7,2190.0,0,1994,0,98146,47.5106,-122.365,1640,9719
3339900096,20141210T000000,250750.0,5,1.75,2140,12058,1.0,0,0,4,8,2140.0,0,1951,0,98002,47.3167,-122.214,1640,10125
1125069153,20140822T000000,1525000.0,4,3.5,5990,111078,2.0,0,0,3,11,5990.0,0,2004,0,98053,47.667,-121.994,4690,118918
9183703376,20140513T000000,225000.0,3,1.5,1250,7500,1.0,0,0,3,7,1250.0,0,1967,0,98030,47.3719,-122.215,1260,7563
9435300030,20140528T000000,550000.0,4,1.0,1660,34848,1.0,0,0,1,5,930.0,730,1933,0,98052,47.6621,-122.132,2160,11467
3524039202,20150420T000000,1065500.0,3,2.25,2950,7232,1.0,0,2,3,8,1520.0,1430,1983,0,98136,47.5257,-122.382,2130,7140
1560870040,20150421T000000,395000.0,3,2.5,1960,3953,2.0,0,0,3,8,1960.0,0,1999,0,98059,47.4904,-122.158,1690,3593
8651430220,20140725T000000,183000.0,3,1.0,870,5200,1.0,0,0,5,6,870.0,0,1969,0,98042,47.3702,-122.078,870,5200
7635801350,20150306T000000,595000.0,3,1.75,2220,22081,1.5,0,0,4,7,2220.0,0,1922,0,98166,47.4693,-122.364,2010,12360
2902200240,20140610T000000,499950.0,2,2.25,1060,1208,2.0,0,0,3,8,940.0,120,2005,0,98102,47.6371,-122.327,1300,1169
259801110,20140828T000000,439000.0,3,1.75,1250,7030,1.0,0,0,3,7,1250.0,0,1965,0,98008,47.6285,-122.118,1460,7210
2660500095,20150506T000000,715000.0,4,1.0,1710,6050,1.5,0,0,3,7,1410.0,300,1913,0,98118,47.5569,-122.288,1560,4950
3226049054,20141003T000000,526500.0,3,1.5,1310,7236,1.0,0,0,4,7,1170.0,140,1928,0,98103,47.6944,-122.333,1680,8431
7853280610,20141117T000000,709950.0,4,3.25,3910,6293,2.0,0,0,3,9,3130.0,780,2006,0,98065,47.5389,-121.86,4410,6015
2895800380,20140821T000000,338800.0,4,2.25,1800,2752,2.0,0,0,3,8,1800.0,0,2014,0,98106,47.5165,-122.346,1800,2752
6071600340,20141113T000000,472800.0,3,2.25,1840,8400,1.0,0,0,3,8,1290.0,550,1961,0,98006,47.5497,-122.172,2110,8400
7010700110,20140916T000000,440000.0,3,2.25,1760,1800,2.0,0,0,3,7,1330.0,430,1983,0,98199,47.6579,-122.394,1150,4575
1931300175,20140702T000000,575000.0,4,2.0,1660,4800,1.5,0,0,3,7,1660.0,0,1922,0,98103,47.6556,-122.345,1660,4800
6402710070,20150421T000000,280000.0,3,2.5,1580,7918,2.0,0,0,3,7,1580.0,0,1994,0,98055,47.4431,-122.19,1650,7916
5412310170,20140619T000000,177000.0,3,1.75,1150,8079,1.0,0,0,4,7,1150.0,0,1983,0,98030,47.3766,-122.18,1540,7399
6073300040,20150106T000000,375000.0,4,2.25,2020,12500,2.0,0,0,2,8,2020.0,0,1966,0,98056,47.5403,-122.175,1800,13175
5602000275,20140825T000000,259950.0,4,2.0,1540,10212,1.5,0,0,5,7,1540.0,0,1948,0,98022,47.2056,-121.999,1480,10212
8562600260,20141120T000000,432500.0,3,1.75,1470,7350,1.0,0,0,3,8,1470.0,0,1963,0,98052,47.6687,-122.154,1470,7350
2915200210,20141205T000000,500000.0,2,1.0,680,5250,1.0,0,0,4,6,680.0,0,1922,0,98177,47.7013,-122.359,1620,5461
925069123,20150318T000000,590000.0,3,1.0,1610,58370,1.0,0,0,3,7,1610.0,0,1978,0,98053,47.6718,-122.044,2510,58127
7502800050,20140709T000000,659950.0,4,2.75,3510,9400,2.0,0,0,3,9,3510.0,0,2014,0,98059,47.4827,-122.131,3550,9429
8651440230,20140815T000000,229999.0,4,2.0,1670,5200,1.0,0,0,4,7,1030.0,640,1977,0,98042,47.3652,-122.09,1500,5200
1541700010,20141001T000000,315000.0,4,2.5,2040,6300,2.0,0,0,3,8,2040.0,0,2003,0,98031,47.3918,-122.185,2260,5877
6430500182,20150403T000000,1205000.0,4,3.0,3330,7650,1.0,0,0,3,9,1830.0,1500,2008,0,98103,47.6889,-122.352,1200,3876
7853280550,20140528T000000,700000.0,4,3.5,4490,5099,2.0,0,0,3,9,3390.0,1100,2006,0,98065,47.5394,-121.861,4290,5537
123039626,20141022T000000,295000.0,3,2.25,1330,7200,1.0,0,0,3,7,900.0,430,1974,0,98146,47.5102,-122.364,1380,9570
104510440,20140604T000000,219950.0,3,2.25,1500,7615,1.0,0,0,3,7,1150.0,350,1984,0,98023,47.3146,-122.351,1540,8649
8001450060,20140820T000000,370000.0,5,3.0,2670,9920,1.0,0,0,3,8,1400.0,1270,1990,0,98001,47.3211,-122.277,1890,10341
5332200515,20150209T000000,1050000.0,3,1.75,2650,5512,2.0,0,0,3,9,2250.0,400,1984,0,98112,47.6265,-122.295,1440,5100
100100050,20141112T000000,275000.0,3,1.0,1320,11090,1.0,0,0,3,7,1320.0,0,1955,0,98155,47.7748,-122.304,1320,8319
8651401270,20150504T000000,203000.0,3,1.0,840,6500,1.0,0,0,5,6,840.0,0,1969,0,98042,47.3637,-122.083,920,4680
9528100899,20150428T000000,827000.0,3,2.5,1850,1330,2.5,0,0,3,9,1560.0,290,2004,0,98115,47.6831,-122.325,1810,2071
7852020640,20141020T000000,470000.0,3,2.5,2100,4700,2.0,0,0,3,8,2100.0,0,1999,0,98065,47.5341,-121.867,2100,4700
3276180140,20150424T000000,365000.0,3,1.75,1380,9134,1.0,0,0,5,7,880.0,500,1981,0,98056,47.5087,-122.193,1400,8190
4139660430,20150505T000000,1200690.0,5,3.0,3640,28531,2.0,0,0,3,10,3640.0,0,1996,0,98006,47.5502,-122.13,3330,17186
6648500440,20141121T000000,319000.0,4,2.25,2380,7400,1.0,0,0,4,8,1760.0,620,1979,0,98042,47.3555,-122.149,1940,7400
2413301070,20150324T000000,280000.0,4,2.25,2100,8075,2.0,0,0,3,8,2100.0,0,1978,0,98003,47.3251,-122.329,2100,7464
1137500070,20140929T000000,745000.0,4,2.5,2760,13093,2.0,0,0,4,9,2760.0,0,1989,0,98075,47.5845,-122.06,2810,13545
1703900005,20150501T000000,465000.0,3,1.0,1210,4872,1.0,0,0,4,6,1210.0,0,1949,0,98118,47.5551,-122.273,1070,4872
5417600130,20150512T000000,301000.0,2,1.0,910,9000,1.0,0,0,3,5,910.0,0,1923,0,98065,47.526,-121.81,1290,9000
4038400130,20140711T000000,412000.0,4,1.75,1430,10500,1.0,0,0,4,7,1130.0,300,1960,0,98007,47.6083,-122.132,2070,8640
6979900330,20150325T000000,650000.0,4,2.5,2630,28298,2.0,0,0,3,8,2630.0,0,1996,0,98053,47.6314,-121.968,2840,26071
2771603610,20150423T000000,545000.0,3,2.0,1550,4000,1.0,0,0,3,7,940.0,610,1955,0,98199,47.6379,-122.387,1880,4000
6648701420,20150213T000000,205000.0,4,2.0,1450,8175,1.0,0,0,4,7,1450.0,0,1967,0,98031,47.3933,-122.195,1570,9024
2481600110,20140525T000000,675000.0,3,3.0,2980,28000,1.0,0,0,3,10,1820.0,1160,1981,0,98052,47.7318,-122.139,2570,28500
5127000810,20140514T000000,305495.0,3,1.75,2110,10200,2.0,0,0,4,7,2110.0,0,1966,0,98059,47.4744,-122.154,1800,10200
7140600055,20150411T000000,207000.0,3,1.0,990,10800,1.0,0,0,4,6,990.0,0,1959,0,98002,47.293,-122.215,1060,10364
6821102317,20141209T000000,535000.0,3,2.5,1850,1499,2.5,0,0,3,9,1790.0,60,2005,0,98199,47.6475,-122.396,1770,1539
9323610180,20140819T000000,720000.0,3,2.25,2120,9297,2.0,0,0,4,8,2120.0,0,1981,0,98006,47.5561,-122.154,2620,10352
2938100010,20140924T000000,239000.0,3,1.75,1470,8925,1.0,0,0,4,7,1470.0,0,1957,0,98022,47.2026,-122.0,1430,9282
3880900010,20140604T000000,2400000.0,5,3.25,3410,9088,2.0,0,3,3,9,2760.0,650,1912,0,98119,47.6285,-122.361,3540,7100
2461900850,20150105T000000,570000.0,4,1.0,1490,6000,1.5,0,0,3,7,1490.0,0,1918,0,98136,47.5518,-122.385,1700,6000
7922800190,20150311T000000,620000.0,5,1.75,2000,8713,1.0,0,2,3,7,1000.0,1000,1962,0,98008,47.5882,-122.117,2040,8449
1102001055,20150424T000000,518000.0,3,1.0,1270,6612,1.5,0,3,3,7,1270.0,0,1927,0,98118,47.5433,-122.264,2100,7680
9526500080,20140729T000000,337000.0,4,2.0,1590,8779,1.0,0,0,3,8,1590.0,0,2001,0,98019,47.7408,-121.974,2090,9600
3224079005,20141009T000000,255000.0,2,1.0,920,43560,1.0,0,0,4,5,920.0,0,1923,0,98024,47.5245,-121.931,1530,11875
923000580,20150223T000000,614000.0,4,2.75,2760,8160,1.5,0,2,4,8,1780.0,980,1940,0,98177,47.7248,-122.365,2720,8160
9828702336,20150220T000000,610000.0,2,2.0,1210,740,2.0,0,0,3,8,780.0,430,2014,0,98112,47.6206,-122.3,1480,1171
2806800120,20140610T000000,400000.0,4,2.5,2530,7563,1.0,0,0,3,7,1440.0,1090,1978,0,98011,47.7762,-122.21,1960,7811
7645900055,20140624T000000,530000.0,2,1.5,1580,3680,1.0,0,2,3,8,1280.0,300,1941,0,98126,47.5762,-122.377,1730,3680
4139430310,20150419T000000,938000.0,3,2.5,3090,10940,2.0,0,2,3,10,3090.0,0,1992,0,98006,47.5492,-122.119,3410,12157
4141400030,20141201T000000,605000.0,4,1.75,2250,10108,1.0,0,0,4,8,2250.0,0,1967,0,98008,47.5922,-122.118,2050,9750
9510900070,20140923T000000,292500.0,4,1.75,2140,8162,1.0,0,0,3,7,1420.0,720,1968,0,98023,47.3096,-122.377,2040,7632
2423069120,20140508T000000,295000.0,2,1.75,2200,89298,1.0,0,0,3,7,1100.0,1100,1973,0,98027,47.4633,-121.976,2590,89298
8096000060,20150413T000000,655000.0,2,1.75,1450,15798,2.0,1,4,3,7,1230.0,220,1915,1978,98166,47.4497,-122.375,2030,13193
6744700424,20140626T000000,537000.0,3,3.0,2410,7479,2.0,0,2,3,7,2410.0,0,1942,1988,98155,47.7394,-122.288,2610,7479
9523102750,20140812T000000,870000.0,3,1.5,2420,5000,2.0,0,0,4,8,2200.0,220,1925,0,98103,47.6744,-122.353,2070,5000
3336001515,20150511T000000,426250.0,4,1.0,1610,6000,1.5,0,0,4,7,1510.0,100,1905,0,98118,47.5261,-122.266,1430,6000
6858700225,20141004T000000,199950.0,3,1.75,1550,6225,1.0,0,0,4,7,1550.0,0,1949,0,98002,47.3098,-122.218,1760,9496
1450100390,20150316T000000,208000.0,3,1.0,920,7314,1.0,0,0,3,6,920.0,0,1960,0,98002,47.2892,-122.22,1010,7420
7277100610,20140825T000000,380000.0,2,1.0,1120,7560,1.0,0,1,3,6,1120.0,0,1947,0,98177,47.77,-122.39,1120,7200
1551500130,20140522T000000,180000.0,4,1.5,1740,7292,1.0,0,0,3,7,1020.0,720,1962,0,98168,47.4787,-122.302,1740,7573
3709600190,20140715T000000,370000.0,4,2.5,2130,4750,2.0,0,0,3,8,2130.0,0,2009,0,98058,47.4324,-122.184,2130,4071
6003500749,20140701T000000,640000.0,2,2.25,1540,965,3.0,0,0,3,9,1540.0,0,2007,0,98122,47.6181,-122.318,1410,964
3187600100,20140513T000000,570000.0,3,2.0,1530,5401,1.0,0,0,4,7,1530.0,0,1937,0,98115,47.686,-122.304,1640,5467
9831200500,20150304T000000,2479000.0,5,3.75,6810,7500,2.5,0,0,3,13,6110.0,700,1922,0,98102,47.6285,-122.322,2660,7500
3601200017,20140702T000000,175000.0,4,2.5,1780,6000,2.0,0,0,3,7,1780.0,0,1991,0,98198,47.3828,-122.302,1630,6000
6699940120,20150430T000000,356000.0,4,2.5,2470,5074,2.0,0,0,3,8,2470.0,0,2004,0,98038,47.3457,-122.041,2470,5078
5631500292,20150420T000000,600000.0,3,3.0,3530,8345,2.0,0,0,3,10,3530.0,0,2006,0,98028,47.7338,-122.234,1940,9600
3294700421,20150225T000000,389000.0,3,1.5,2030,10075,1.0,0,0,5,7,1080.0,950,1961,0,98055,47.4713,-122.197,2210,10075
7549800543,20140612T000000,300000.0,3,3.25,1470,1235,2.0,0,0,3,7,1180.0,290,2008,0,98108,47.5537,-122.313,1470,1243
2414600400,20140805T000000,210000.0,2,2.0,1190,7570,1.0,0,0,3,6,1190.0,0,1939,0,98146,47.5113,-122.338,1190,7635
1061500630,20150205T000000,359900.0,5,2.75,2790,7600,1.5,0,0,4,7,2790.0,0,1965,0,98056,47.4999,-122.165,1480,7600
5505700020,20140618T000000,400000.0,3,1.75,1050,6150,1.5,0,0,4,6,950.0,100,1928,0,98116,47.5715,-122.394,1360,6150
6163901271,20140811T000000,327000.0,2,1.0,1070,9750,1.0,0,0,3,7,1070.0,0,1947,0,98155,47.7532,-122.318,1500,8775
2024059052,20140814T000000,975000.0,6,3.0,3420,22421,1.0,0,0,5,9,2270.0,1150,1948,0,98006,47.5508,-122.189,2430,15560
11520200,20141015T000000,750000.0,4,2.5,3020,13122,2.0,0,0,3,9,2540.0,480,1997,0,98052,47.6989,-122.111,3020,10873
3649100276,20140609T000000,368000.0,3,1.75,1710,10800,1.0,0,0,4,7,1710.0,0,1958,0,98028,47.7391,-122.241,1890,10800
323059167,20140723T000000,259000.0,2,1.0,1210,17389,1.0,0,0,4,5,1210.0,0,1948,0,98059,47.5044,-122.148,2140,14419
7702600949,20150505T000000,603000.0,4,3.5,3610,6345,2.0,0,0,3,9,2370.0,1240,2008,0,98058,47.4283,-122.102,3010,29279
4188000490,20140922T000000,900000.0,4,2.5,3620,42580,2.0,0,0,3,10,3620.0,0,1984,0,98052,47.7204,-122.115,2950,33167
1604730150,20141014T000000,639983.0,5,3.0,2800,5700,2.0,0,0,3,8,2800.0,0,2014,0,98059,47.4969,-122.145,2910,5349
7985400133,20150114T000000,215000.0,2,1.5,1120,1312,2.0,0,0,3,7,1000.0,120,2004,0,98106,47.534,-122.364,1560,1314
3235100110,20141202T000000,280000.0,3,1.0,940,7913,1.0,0,0,3,6,940.0,0,1948,0,98155,47.7657,-122.321,940,7913
629000615,20141022T000000,1495000.0,4,3.25,3070,10375,2.0,0,0,3,10,2180.0,890,1962,2005,98004,47.5862,-122.198,2500,11194
1136100072,20150213T000000,455000.0,4,1.75,1790,45738,1.0,0,0,3,8,1410.0,380,1976,0,98072,47.7453,-122.129,1870,47480
3845101150,20140701T000000,399895.0,4,2.5,2701,4500,2.0,0,0,3,9,2701.0,0,2014,0,98092,47.2586,-122.194,2570,4800
8820902200,20141113T000000,1199000.0,4,2.75,4110,8400,2.0,0,1,3,9,3130.0,980,1928,2013,98125,47.717,-122.281,2820,8400
4222100280,20141205T000000,239999.0,3,2.75,1740,8436,1.0,0,0,3,7,1140.0,600,1967,0,98003,47.3456,-122.305,1550,8436
7202380340,20140903T000000,449000.0,3,2.5,1690,3827,2.0,0,0,3,7,1690.0,0,2005,0,98053,47.6768,-122.029,1690,3129
3905120610,20140625T000000,578000.0,4,2.5,2070,5415,2.0,0,0,3,8,2070.0,0,1996,0,98029,47.5706,-122.006,2120,5331
868000175,20141001T000000,849000.0,4,1.5,2440,8040,1.0,0,0,4,8,1440.0,1000,1950,0,98177,47.7081,-122.374,2140,7920
8562780090,20150227T000000,325000.0,2,2.25,1230,1058,2.0,0,0,3,7,1160.0,70,2008,0,98027,47.5325,-122.073,1240,817
7979900210,20140808T000000,418900.0,3,1.5,1470,11112,1.0,0,0,3,7,1470.0,0,1954,0,98155,47.7462,-122.294,1460,11407
1561600025,20140603T000000,712500.0,3,1.5,1660,8797,1.0,0,0,4,7,1660.0,0,1956,0,98004,47.5892,-122.202,2350,10053
3630120330,20140708T000000,630000.0,2,2.5,2290,3507,2.0,0,0,3,9,2290.0,0,2005,0,98029,47.5545,-122.002,2290,3640
795000620,20150311T000000,157000.0,3,1.0,1080,6250,1.0,0,0,2,5,1080.0,0,1950,0,98168,47.5045,-122.33,1070,6250
8035350320,20140718T000000,488000.0,3,2.5,3160,13603,2.0,0,0,3,8,3160.0,0,2003,0,98019,47.7443,-121.977,3050,9232
8728100775,20150309T000000,190500.0,3,1.5,1110,1150,2.0,0,0,3,8,940.0,170,2007,0,98144,47.5929,-122.306,1380,1751
7537300210,20150128T000000,580000.0,2,1.5,1460,5700,1.5,0,0,3,7,1460.0,0,1912,0,98115,47.6838,-122.312,1780,3800
6096500105,20150430T000000,1545000.0,4,2.25,2640,3000,2.0,0,0,3,7,2080.0,560,1908,0,98109,47.6313,-122.344,1910,3000
4140090240,20141105T000000,520000.0,3,2.25,2590,9263,1.0,0,0,5,8,1440.0,1150,1977,0,98028,47.7691,-122.262,2580,9450
2725069156,20140716T000000,885250.0,4,2.5,3670,49658,2.0,0,0,3,10,3670.0,0,1999,0,98074,47.6219,-122.015,3040,49658
2028700575,20141113T000000,550000.0,3,2.0,1390,2688,1.5,0,0,5,7,1390.0,0,1915,0,98117,47.6783,-122.366,1440,2900
7574200210,20140618T000000,407450.0,4,1.5,2310,68824,2.0,0,0,4,7,2310.0,0,1968,0,98010,47.3354,-122.031,2020,39900
7857003851,20150420T000000,440000.0,4,2.0,2310,5004,1.0,0,0,3,7,1430.0,880,1994,0,98108,47.5471,-122.298,1630,5060
7227501645,20140603T000000,230000.0,3,2.0,1440,5600,1.0,0,0,4,6,720.0,720,1942,2007,98056,47.4947,-122.185,1120,5700
3096000040,20150430T000000,871000.0,5,1.75,2360,6150,1.0,0,0,5,7,1180.0,1180,1940,0,98107,47.6732,-122.4,2100,5500
7237500110,20150404T000000,1208000.0,4,2.75,4250,10925,2.0,0,0,3,10,4250.0,0,2003,0,98059,47.5297,-122.14,4650,11544
3459900305,20141211T000000,1110000.0,4,3.25,3520,19354,1.0,0,2,4,9,2010.0,1510,1978,0,98006,47.5572,-122.147,2630,19354
3528900160,20141001T000000,655000.0,3,1.0,1370,5250,1.0,0,0,3,7,1070.0,300,1939,0,98109,47.6421,-122.348,2410,4200
8085400490,20140801T000000,1306000.0,5,2.5,2770,8100,2.0,0,0,3,9,2770.0,0,2002,0,98004,47.6341,-122.208,2070,8100
2215500230,20140825T000000,615750.0,4,2.0,2140,6360,2.0,0,0,3,7,1840.0,300,1945,0,98115,47.687,-122.286,1690,6360
824069188,20140902T000000,645000.0,4,2.25,2720,18295,1.0,0,0,4,8,2000.0,720,1979,0,98075,47.5851,-122.073,2720,18295
2450000320,20140523T000000,607000.0,3,1.0,1230,8114,1.0,0,0,4,7,1230.0,0,1951,0,98004,47.5822,-122.196,2220,8114
3904920980,20140909T000000,648000.0,4,2.5,2740,9959,2.0,0,0,3,9,2740.0,0,1989,0,98029,47.5672,-122.011,2630,9905
3344500085,20141015T000000,383000.0,4,1.75,2580,19607,1.0,0,2,4,8,1290.0,1290,1958,0,98056,47.5067,-122.197,1970,9569
3157600075,20150207T000000,380000.0,3,2.0,1440,3218,1.0,0,0,3,7,850.0,590,2008,0,98106,47.5655,-122.36,1170,5000
121059007,20140808T000000,210000.0,4,1.0,1200,43560,1.0,0,0,3,5,1200.0,0,1968,0,98042,47.3375,-122.123,1400,54450
526059122,20141205T000000,495200.0,5,2.25,2710,22120,1.0,0,0,3,7,1410.0,1300,1955,0,98011,47.7642,-122.195,2850,12224
510002995,20150407T000000,832600.0,4,1.0,1640,4200,1.5,0,0,3,7,1640.0,0,1925,0,98103,47.6601,-122.332,1730,3990
2767600150,20140519T000000,477000.0,3,2.5,1350,2053,3.0,0,0,3,8,1350.0,0,2005,0,98117,47.6758,-122.386,1350,4150
7436400020,20150325T000000,585000.0,3,1.75,1840,7350,1.0,0,0,3,8,1370.0,470,1974,0,98033,47.6729,-122.166,1920,8518
8850000517,20140731T000000,480000.0,3,2.5,1590,1431,2.0,0,0,3,8,1060.0,530,2010,0,98144,47.5893,-122.309,1620,1548
3319500385,20140616T000000,400000.0,4,1.75,1580,5340,1.0,0,0,3,7,1130.0,450,1947,0,98144,47.6003,-122.306,830,980
5249801720,20141113T000000,415000.0,3,2.5,1280,5040,2.0,0,0,4,7,1280.0,0,1985,0,98118,47.5611,-122.276,1500,5040
2558700220,20140721T000000,503000.0,4,2.75,2100,7350,1.0,0,0,5,7,1240.0,860,1978,0,98034,47.7194,-122.172,2490,7350
1312930250,20140528T000000,242000.0,3,1.75,1310,9645,1.0,0,0,3,7,1310.0,0,1979,0,98198,47.4051,-122.29,1440,9893
6624030050,20150428T000000,354000.0,3,2.5,2160,15817,2.0,0,0,3,8,2160.0,0,1999,0,98031,47.4166,-122.183,1990,15817
3904910650,20150316T000000,585000.0,3,2.5,2060,10839,2.0,0,0,3,8,2060.0,0,1987,0,98029,47.5675,-122.016,2180,8126
251200240,20140725T000000,491500.0,4,2.75,2100,7236,1.0,0,0,3,8,1400.0,700,1979,0,98034,47.7267,-122.232,1900,7519
3761100257,20140714T000000,1215000.0,3,3.0,4560,16339,2.0,0,2,3,10,4040.0,520,2001,0,98034,47.7024,-122.243,2620,11561
7853220970,20140528T000000,515000.0,4,2.5,2680,7178,2.0,0,0,3,8,2680.0,0,2004,0,98065,47.5325,-121.856,2540,7133
84000105,20140507T000000,255000.0,5,2.25,2060,8632,1.0,0,0,3,7,1030.0,1030,1962,0,98146,47.4877,-122.335,1010,11680
4151800470,20140820T000000,675000.0,3,2.0,1010,5973,1.0,0,0,5,6,1010.0,0,1942,0,98033,47.6652,-122.202,1920,6015
3352402272,20140611T000000,230000.0,5,2.0,1910,7200,1.0,0,0,4,6,1110.0,800,1951,0,98178,47.4975,-122.261,1150,5948
1545803890,20141231T000000,240000.0,3,1.75,1590,7931,1.0,0,0,3,7,1190.0,400,1979,0,98038,47.3628,-122.05,1680,7931
4232401265,20141020T000000,1112750.0,5,3.5,3090,3600,2.0,0,0,3,9,2060.0,1030,2000,0,98112,47.6217,-122.309,2240,3904
1525059112,20141018T000000,1008000.0,3,2.5,2240,41339,1.0,0,0,4,9,2240.0,0,1945,1992,98005,47.6483,-122.163,2900,45738
4019301386,20140909T000000,425000.0,3,1.5,1970,13709,1.0,0,0,4,7,1680.0,290,1955,0,98155,47.7562,-122.277,2200,16536
98000950,20141210T000000,1060000.0,4,5.25,4140,14757,2.0,0,2,3,11,4140.0,0,2005,0,98075,47.5871,-121.969,4440,15523
8732160250,20150120T000000,204250.0,3,2.25,1960,7708,1.0,0,0,4,7,1490.0,470,1984,0,98023,47.2981,-122.374,1580,8063
1139000035,20150305T000000,759950.0,4,3.5,2100,7560,2.0,0,0,5,8,2100.0,0,2005,0,98133,47.7076,-122.356,1250,7560
7214810550,20150413T000000,420000.0,4,2.25,2270,12000,1.0,0,0,4,7,1360.0,910,1979,0,98072,47.7559,-122.148,2500,10120
5631500992,20140515T000000,390000.0,3,2.5,2240,10800,2.0,0,0,3,8,2240.0,0,1996,0,98028,47.7433,-122.229,1900,9900
7015200136,20150503T000000,1000000.0,5,1.0,2010,5210,1.5,0,0,3,9,1890.0,120,1927,0,98119,47.6501,-122.37,2330,5000
2634500050,20140910T000000,251000.0,2,1.0,840,7870,1.0,0,0,3,6,840.0,0,1949,0,98155,47.7389,-122.326,1442,8131
5256500025,20140827T000000,457000.0,4,1.75,2100,10358,1.0,0,0,5,8,1280.0,820,1959,0,98133,47.7478,-122.338,2080,9000
3211000170,20140922T000000,255000.0,4,2.5,1580,7800,1.0,0,0,4,7,1580.0,0,1959,0,98059,47.481,-122.163,1320,7800
3523069008,20150505T000000,890000.0,4,3.25,4360,210254,1.0,0,0,3,10,2320.0,2040,2000,0,98038,47.4375,-122.008,2410,87120
9382200121,20140718T000000,187300.0,2,1.0,1310,7697,1.0,0,0,3,6,850.0,460,1950,0,98146,47.4982,-122.348,1270,6410
104540820,20140812T000000,221000.0,3,2.25,1430,5999,2.0,0,0,3,7,1430.0,0,1987,0,98023,47.3116,-122.358,1600,5999
9808610410,20140822T000000,640000.0,4,2.5,2320,11259,2.0,0,0,3,9,2320.0,0,1982,0,98004,47.6443,-122.194,2820,11770
3432500980,20140708T000000,410000.0,4,2.25,2060,7283,1.0,0,0,3,8,1220.0,840,1963,2013,98155,47.7435,-122.317,1500,8134
2222049108,20140918T000000,227000.0,3,1.0,1130,10018,1.0,0,0,4,6,1130.0,0,1954,0,98032,47.3733,-122.275,1770,7700
4053200926,20141205T000000,357000.0,4,2.75,2700,49428,1.0,0,0,4,9,2700.0,0,1988,0,98042,47.3168,-122.079,2728,85905
2465400036,20141203T000000,990000.0,4,2.5,2780,10480,1.0,0,3,3,7,1390.0,1390,1967,0,98033,47.6597,-122.204,2860,10506
9257900010,20150422T000000,499900.0,4,2.25,2360,7650,1.0,0,0,3,8,1640.0,720,1963,0,98155,47.75,-122.292,2320,11060
4122700040,20141010T000000,860000.0,3,1.75,2600,15064,1.0,0,0,4,8,1700.0,900,1967,0,98004,47.64,-122.204,2940,14984
6147600040,20150224T000000,163000.0,3,1.75,1290,4811,1.0,0,0,3,7,1290.0,0,1996,0,98032,47.3912,-122.234,1310,4811
3426079024,20140521T000000,150000.0,3,1.0,1010,25000,1.0,0,0,3,6,1010.0,0,1966,0,98014,47.6927,-121.901,2020,101494
7011201106,20150216T000000,425000.0,2,1.5,830,1241,2.0,0,0,3,7,830.0,0,2005,0,98119,47.6363,-122.368,1610,2666
7905200061,20140905T000000,419700.0,3,2.25,1450,1486,2.0,0,0,3,8,1160.0,290,2006,0,98116,47.5694,-122.387,1370,1437
4046700300,20141030T000000,325000.0,3,2.0,1670,17071,1.0,0,0,3,7,1100.0,570,1988,0,98014,47.69,-121.913,1660,15593
3151600035,20150107T000000,261590.0,2,1.0,760,6407,1.0,0,0,3,6,760.0,0,1943,0,98178,47.4977,-122.259,1050,8580
6821101275,20140821T000000,478000.0,2,1.75,1960,6000,1.0,0,0,4,7,980.0,980,1904,0,98199,47.6531,-122.401,1650,6000
7841300230,20150501T000000,324950.0,4,2.0,2160,4800,2.0,0,0,4,7,1290.0,870,1929,0,98055,47.4777,-122.212,1570,4800
3220200040,20140616T000000,1712500.0,3,3.25,2940,5432,3.0,0,3,4,10,2440.0,500,1978,0,98109,47.6299,-122.354,4400,5500
6700400110,20140702T000000,223000.0,3,2.0,1110,7231,1.0,0,0,4,7,1110.0,0,1991,0,98031,47.4036,-122.191,1550,7245
9475710170,20140919T000000,419950.0,4,2.5,2220,6800,2.0,0,0,3,7,2220.0,0,2002,0,98059,47.49,-122.15,2220,5303
8944460190,20150225T000000,425000.0,4,2.5,2689,6688,2.0,0,0,3,9,2689.0,0,2006,0,98030,47.3803,-122.184,2665,5700
7129303070,20140820T000000,735000.0,4,2.75,3040,2415,2.0,1,4,3,8,3040.0,0,1966,0,98118,47.5188,-122.256,2620,2433
1121000414,20140927T000000,750000.0,4,2.75,3150,6343,1.0,0,3,3,8,1810.0,1340,1976,0,98126,47.5424,-122.381,2250,6343
1921059235,20140620T000000,215000.0,4,2.5,1960,11600,1.0,0,0,5,6,980.0,980,1931,0,98002,47.2898,-122.222,1160,7685
5381000082,20150108T000000,185000.0,2,1.0,670,6750,1.0,0,0,4,5,670.0,0,1947,0,98188,47.4521,-122.283,1700,11520
5457300703,20150320T000000,707500.0,3,1.0,1500,2555,2.0,0,2,3,7,1500.0,0,1910,0,98109,47.627,-122.353,1820,2555
8648100030,20141113T000000,276000.0,3,2.0,1450,8928,1.0,0,0,3,7,1450.0,0,1998,0,98042,47.3637,-122.075,2050,8523
2560805440,20150129T000000,283500.0,3,1.75,1250,5375,1.0,0,0,3,7,1250.0,0,1985,0,98198,47.3787,-122.323,1320,6258
1042500013,20140520T000000,219950.0,3,1.5,1650,9936,1.0,0,0,3,7,1090.0,560,1967,0,98003,47.3285,-122.328,1560,9890
7227800660,20140522T000000,300000.0,6,2.0,2040,10812,1.0,0,0,4,5,2040.0,0,1943,0,98056,47.4919,-122.181,1440,10200
2229900020,20140610T000000,359950.0,3,1.75,1890,9100,2.0,0,0,4,7,1890.0,0,1952,0,98133,47.7676,-122.339,1640,9100
3613600150,20150105T000000,300523.0,3,2.5,2370,6840,2.0,0,0,3,9,2370.0,0,1987,0,98119,47.6503,-122.366,1590,4400
9265880170,20140826T000000,550000.0,4,2.5,2470,5954,2.0,0,0,3,8,2470.0,0,2013,0,98028,47.7685,-122.236,2470,4800
1196002948,20150218T000000,490000.0,3,2.5,2410,11900,1.0,0,2,4,9,1600.0,810,1989,0,98023,47.3384,-122.34,3090,11902
6381500690,20140716T000000,427500.0,3,1.0,1350,7085,1.0,0,0,5,7,1350.0,0,1944,0,98125,47.7318,-122.305,1350,7085
1868900395,20140902T000000,500000.0,2,1.0,930,3750,1.0,0,0,4,7,930.0,0,1909,0,98115,47.6733,-122.296,1740,4300
2926049376,20150420T000000,220000.0,2,1.0,1060,10423,1.5,0,0,3,7,1060.0,0,1965,0,98125,47.705,-122.313,2240,10200
8682291050,20140708T000000,810000.0,2,2.75,2700,8572,1.0,0,0,3,9,2700.0,0,2007,0,98053,47.7236,-122.033,2680,8569
2387000110,20141110T000000,898000.0,2,1.75,1490,9874,1.0,0,0,4,7,1490.0,0,1963,0,98004,47.6246,-122.199,2280,9869
4376700430,20140716T000000,572000.0,5,2.25,2340,9225,2.0,0,0,3,8,2340.0,0,1973,0,98052,47.6369,-122.098,2140,9348
8718500555,20140915T000000,450000.0,3,1.5,1440,9711,1.0,0,0,3,7,1140.0,300,1956,0,98028,47.7394,-122.252,1590,9711
193300120,20141126T000000,192000.0,3,1.75,1240,10361,1.0,0,0,3,6,1240.0,0,1987,0,98042,47.37,-122.151,1240,8834
4038100110,20140707T000000,480000.0,3,2.25,1680,9090,1.0,0,0,4,7,1130.0,550,1959,0,98008,47.6068,-122.13,1960,9090
7821200307,20150217T000000,515000.0,2,1.0,970,3300,1.0,0,0,4,7,970.0,0,1916,0,98103,47.6609,-122.343,1060,3600
2144800311,20141113T000000,315000.0,2,1.0,2080,14659,1.0,0,0,3,7,1040.0,1040,1960,0,98178,47.4858,-122.231,1920,15208
3303870050,20150303T000000,545000.0,4,3.25,4386,12275,1.0,0,0,3,10,2356.0,2030,2006,0,98092,47.3329,-122.2,3060,10925
1624079051,20140710T000000,600000.0,2,2.5,2410,102366,1.0,0,0,4,7,1940.0,470,1912,1989,98024,47.5629,-121.918,2460,310582
4221250100,20140805T000000,580000.0,3,2.5,2150,4604,2.0,0,0,3,8,2150.0,0,2003,0,98075,47.5893,-122.019,2280,4253
255450390,20140707T000000,351999.0,3,2.5,2370,4200,2.0,0,0,3,8,2370.0,0,2014,0,98038,47.3706,-122.017,2370,4200
3121500340,20140712T000000,690000.0,4,2.5,2900,23488,2.0,0,0,3,9,2900.0,0,1992,0,98053,47.6726,-122.03,2900,34589
9238901020,20140916T000000,289000.0,2,1.0,780,4132,1.0,0,0,3,7,780.0,0,1942,0,98136,47.5324,-122.387,1100,5100
2872900010,20150414T000000,382500.0,3,1.5,1090,9862,1.0,0,0,3,8,1090.0,0,1987,0,98074,47.6256,-122.036,1710,9862
1912100885,20140702T000000,690000.0,3,1.5,1760,4000,2.0,0,0,3,8,1760.0,0,1922,0,98102,47.6401,-122.32,1760,4000
2523069134,20150406T000000,495000.0,4,2.5,2480,91911,1.0,0,2,4,7,1470.0,1010,1973,0,98027,47.4579,-121.981,2540,91911
2652501630,20150504T000000,626700.0,3,1.5,1410,3600,1.0,0,0,3,7,1410.0,0,1906,0,98109,47.6402,-122.357,1370,3600
4330600435,20150316T000000,284000.0,3,1.75,1560,21000,1.0,0,0,3,7,1560.0,0,1954,0,98166,47.4776,-122.337,1070,7920
774100475,20140627T000000,415000.0,3,2.75,2600,64626,1.5,0,0,3,8,2600.0,0,2009,0,98014,47.7185,-121.405,1740,64626
6843000080,20140709T000000,287000.0,5,1.5,1730,9230,1.0,0,0,3,7,1010.0,720,1962,0,98058,47.4646,-122.184,1730,9230
1189000492,20140606T000000,405000.0,2,2.0,1405,1073,2.0,0,0,3,8,1140.0,265,2007,0,98122,47.612,-122.295,1405,3000
1771100130,20150316T000000,332900.0,3,1.5,1190,11996,1.0,0,0,4,7,1190.0,0,1969,0,98077,47.7561,-122.071,1190,9756
7853302130,20140604T000000,418500.0,3,2.5,2060,4399,2.0,0,0,3,7,2060.0,0,2007,0,98065,47.5415,-121.884,2060,4399
8562500380,20150309T000000,679000.0,4,2.5,3080,8451,1.0,0,0,3,7,1540.0,1540,1969,0,98052,47.674,-122.154,1550,8125
7855801090,20140917T000000,795000.0,5,2.5,3040,9570,1.0,0,2,4,8,1640.0,1400,1966,0,98006,47.5651,-122.164,2920,8800
1321059097,20140924T000000,400000.0,3,1.5,2390,32109,1.0,0,0,3,7,2390.0,0,1975,2007,98092,47.3028,-122.102,1370,32109
686100380,20141027T000000,472000.0,5,2.0,2030,9804,1.0,0,0,3,7,1110.0,920,1963,0,98008,47.6297,-122.114,1930,7990
2883200760,20150209T000000,925000.0,3,2.5,2440,7419,1.0,0,0,3,7,1520.0,920,1961,0,98103,47.6857,-122.334,2440,4880
1775801405,20141216T000000,557500.0,4,2.5,2390,38258,2.0,0,0,3,8,2390.0,0,2001,0,98072,47.7433,-122.094,1960,17113
7905400040,20140711T000000,206000.0,3,1.75,1140,9800,1.0,0,0,4,7,1140.0,0,1968,0,98001,47.3063,-122.27,1370,9800
2325039084,20141217T000000,550000.0,2,1.75,1740,7290,1.0,0,0,3,8,1280.0,460,1950,0,98199,47.6461,-122.397,1820,6174
4376700330,20140801T000000,675000.0,4,2.5,2040,9225,1.0,0,0,5,8,1610.0,430,1968,0,98052,47.636,-122.097,1730,9225
6341000221,20150423T000000,287000.0,4,2.0,1340,8190,1.0,0,0,4,7,1340.0,0,1942,0,98146,47.4905,-122.343,1410,9721
2771604370,20140926T000000,460000.0,3,1.75,1300,4000,1.0,0,0,3,7,900.0,400,1953,0,98199,47.6368,-122.388,1750,4000
9169100185,20150225T000000,565000.0,3,1.75,1490,5000,1.0,0,1,3,8,1250.0,240,1954,0,98136,47.5257,-122.392,1980,5000
3629920140,20150407T000000,477000.0,3,2.25,1260,3000,2.0,0,0,3,7,1260.0,0,2003,0,98029,47.5459,-121.997,1630,3023
7893207925,20141022T000000,265000.0,3,1.5,1290,7100,1.0,0,0,3,6,1290.0,0,1954,0,98198,47.4227,-122.332,1300,7183
1453600182,20140528T000000,285000.0,2,1.0,800,6240,1.0,0,0,3,6,800.0,0,1954,0,98125,47.7257,-122.296,1530,8000
11501160,20140617T000000,837700.0,5,2.75,3010,12611,2.0,0,0,3,10,3010.0,0,1994,0,98052,47.696,-122.102,2890,9456
625049313,20140902T000000,460000.0,3,1.0,1140,4600,1.0,0,0,3,7,1140.0,0,1942,0,98103,47.6897,-122.337,1370,5000
808000070,20141021T000000,206600.0,3,2.0,1390,13464,1.0,0,0,4,7,1390.0,0,1987,0,98030,47.3581,-122.173,1720,12080
1818800144,20140502T000000,750000.0,3,2.5,2390,6550,1.0,0,2,4,8,1440.0,950,1955,0,98116,47.5714,-122.408,2010,6550
2310000250,20150506T000000,190000.0,3,2.25,1640,7730,1.0,0,0,4,7,1220.0,420,1989,0,98038,47.3576,-122.039,1560,7566
4310700665,20150305T000000,450000.0,4,3.0,2200,4466,2.0,0,0,3,7,2200.0,0,1968,0,98103,47.7005,-122.339,1780,2250
8682260850,20140729T000000,504975.0,2,2.5,1900,4871,2.0,0,0,3,8,1900.0,0,2005,0,98053,47.7132,-122.034,1640,4780
1035000007,20141218T000000,210000.0,3,2.0,1830,4992,1.0,0,0,3,7,1230.0,600,1953,0,98118,47.5145,-122.27,2050,7740
2726049071,20141211T000000,510000.0,2,1.0,820,4206,1.0,0,0,3,5,820.0,0,1949,0,98125,47.7076,-122.284,1810,7200
7225000215,20150407T000000,249500.0,2,1.0,900,4500,1.0,0,0,3,6,900.0,0,1951,0,98055,47.4881,-122.204,860,4500
2516000475,20140929T000000,455000.0,2,1.0,1030,5000,1.0,0,0,5,6,1030.0,0,1917,0,98107,47.6585,-122.363,1550,5000
984220330,20140824T000000,325000.0,4,2.5,1820,9161,1.0,0,0,4,7,1220.0,600,1975,0,98058,47.4333,-122.168,1860,7650
2113700335,20150408T000000,316500.0,3,1.75,1460,6360,1.0,0,2,3,7,1010.0,450,1979,0,98106,47.5311,-122.353,1400,4240
8635760490,20140902T000000,410000.0,3,2.5,1830,2839,2.0,0,0,3,8,1830.0,0,1999,0,98074,47.6022,-122.021,1830,3011
669000210,20140716T000000,1165000.0,3,2.5,2670,5000,2.0,0,3,5,9,2000.0,670,1942,1995,98144,47.5855,-122.292,2320,5000
641900050,20150206T000000,499950.0,4,2.25,2160,8817,1.0,0,0,3,7,1460.0,700,1965,0,98133,47.7595,-122.356,1880,8817
3886000010,20140821T000000,487000.0,2,2.5,1470,2533,2.0,0,0,3,8,1470.0,0,2005,0,98033,47.6874,-122.165,1470,6511
3959401645,20140604T000000,355000.0,2,1.75,1650,4000,1.0,0,0,4,7,950.0,700,1947,0,98108,47.5622,-122.319,1060,4110
2771604196,20140812T000000,465000.0,2,1.5,1220,1120,2.5,0,0,3,8,1110.0,110,2008,0,98199,47.6374,-122.388,2010,3175
2767604551,20140822T000000,371000.0,2,1.5,1110,1189,3.0,0,0,3,8,1110.0,0,2000,0,98107,47.6711,-122.377,1420,1311
1061400180,20150106T000000,240000.0,3,1.0,1550,12670,1.0,0,0,4,7,1550.0,0,1962,0,98056,47.5024,-122.169,1550,8880
9276200635,20150430T000000,645000.0,3,1.75,1840,4255,1.0,0,0,3,7,940.0,900,1907,2005,98116,47.58,-122.392,1600,4255
7787100210,20141209T000000,450000.0,4,2.25,2120,8267,2.0,0,0,3,8,2120.0,0,1996,0,98045,47.4885,-121.779,2150,7746
2524059269,20140610T000000,915000.0,6,3.75,2930,14980,2.0,0,3,3,9,2930.0,0,2013,0,98006,47.5441,-122.117,3210,10787
2270000070,20141030T000000,280000.0,4,2.5,1560,4350,2.0,0,0,3,7,1560.0,0,2003,0,98056,47.5025,-122.186,1560,4350
1825079046,20141218T000000,580000.0,3,2.5,1820,374616,2.0,0,0,3,7,1820.0,0,1999,0,98014,47.6539,-121.959,1870,220654
3043200035,20140701T000000,600000.0,2,1.0,910,2002,1.5,0,0,3,6,910.0,0,1900,0,98112,47.6188,-122.306,1190,1208
1222069136,20141212T000000,500000.0,4,2.75,3000,213008,1.0,0,0,4,8,3000.0,0,1975,0,98038,47.4032,-121.982,2300,74191
6071600450,20141120T000000,496600.0,4,2.25,2020,8400,1.0,0,0,4,8,1350.0,670,1961,0,98006,47.5488,-122.171,2060,8400
426069099,20150420T000000,815000.0,3,2.5,2790,53143,2.0,0,0,4,9,2790.0,0,1991,0,98077,47.7687,-122.036,2740,47916
4027700006,20150409T000000,405000.0,4,2.5,2670,20894,2.0,0,0,3,9,2330.0,340,2002,0,98155,47.7735,-122.281,2440,15815
1236300307,20140905T000000,565000.0,3,2.25,1700,8800,1.0,0,0,5,7,850.0,850,1969,0,98033,47.6863,-122.189,2180,8960
3931900510,20140829T000000,1400000.0,4,2.5,4070,7800,3.0,0,0,4,8,3390.0,680,2002,0,98115,47.6838,-122.327,2020,6760
9376301110,20140519T000000,518000.0,3,2.5,1680,2096,2.0,0,0,3,8,1380.0,300,2008,0,98117,47.6904,-122.37,1360,2096
7738500731,20140815T000000,4500000.0,5,5.5,6640,40014,2.0,1,4,3,12,6350.0,290,2004,0,98155,47.7493,-122.28,3030,23408
4302700425,20150213T000000,425000.0,5,2.75,2110,5120,2.0,0,0,3,7,1870.0,240,1947,1983,98106,47.5294,-122.357,1580,5120
9212900260,20140527T000000,468000.0,2,1.0,1160,6000,1.0,0,0,4,7,860.0,300,1942,0,98115,47.69,-122.292,1330,6000
2459900040,20140717T000000,587000.0,5,3.5,3610,52595,2.0,0,0,4,7,3610.0,0,1989,0,98014,47.6832,-121.907,1620,60112
8581200240,20150429T000000,255000.0,3,1.75,1740,8800,1.0,0,0,3,7,1140.0,600,1978,0,98023,47.2968,-122.372,1690,7920
255450040,20140918T000000,389517.0,4,2.5,2640,4725,2.0,0,0,3,8,2640.0,0,2014,0,98038,47.371,-122.017,2370,4725
293720140,20140605T000000,449950.0,3,2.5,2170,4912,2.0,0,0,3,7,2170.0,0,2003,0,98028,47.7767,-122.239,2010,4395
3630200780,20140522T000000,1051000.0,4,3.75,3860,5474,2.5,0,0,3,10,3860.0,0,2007,0,98029,47.5396,-121.995,3040,5474
1604600790,20150211T000000,316000.0,2,2.0,860,3000,1.0,0,0,3,6,860.0,0,1906,0,98118,47.5633,-122.288,1290,3500
7852010670,20140709T000000,692500.0,4,2.75,3710,7984,2.0,0,0,3,9,3710.0,0,1999,0,98065,47.5352,-121.868,2950,7984
1133000100,20141007T000000,540000.0,5,1.5,1940,10202,1.5,0,0,4,7,1940.0,0,1940,0,98125,47.7213,-122.31,1900,8000
415100015,20140725T000000,301000.0,3,1.0,1060,9241,1.0,0,0,4,7,1060.0,0,1956,0,98133,47.7465,-122.339,1900,6484
6600700030,20150506T000000,525000.0,3,2.25,1490,9414,2.0,0,0,3,7,1490.0,0,1981,0,98052,47.6844,-122.113,1290,10125
7893206305,20141006T000000,245000.0,3,1.5,2100,10000,1.0,0,0,4,7,2100.0,0,1954,0,98198,47.4222,-122.331,1300,7500
123039176,20141212T000000,399888.0,4,1.0,2370,30200,1.5,0,0,4,7,1570.0,800,1948,0,98146,47.5108,-122.366,1640,9719
7853430690,20150127T000000,572800.0,3,2.5,3310,4682,2.0,0,0,3,9,2380.0,930,2015,0,98065,47.5201,-121.885,2660,5166
8802400644,20150505T000000,305000.0,3,2.5,2030,8000,2.0,0,0,3,7,2030.0,0,1997,0,98031,47.4024,-122.216,2290,7945
5309101050,20141126T000000,489950.0,3,2.0,1580,4010,1.0,0,0,4,7,790.0,790,1909,0,98117,47.6769,-122.371,1350,5350
5416100110,20141118T000000,339000.0,4,2.5,2840,8746,2.0,0,0,3,8,2840.0,0,2001,0,98022,47.19,-122.013,2630,9900
2621420060,20140728T000000,275000.0,4,2.5,2060,5742,2.0,0,0,3,7,2060.0,0,1999,0,98030,47.3612,-122.185,1610,7298
3753000030,20140527T000000,399950.0,3,3.0,1296,1051,3.0,0,0,3,8,1296.0,0,2009,0,98125,47.7175,-122.284,1520,1939
8665050060,20140731T000000,457500.0,3,2.5,1500,4445,2.0,0,0,3,8,1500.0,0,1996,0,98029,47.5682,-122.005,1730,4408
2767704525,20150327T000000,608000.0,3,2.75,2610,5000,2.0,0,0,4,7,1710.0,900,1946,0,98107,47.6729,-122.373,1500,5000
1432900240,20150508T000000,205000.0,3,1.0,1610,8579,1.0,0,0,4,7,1010.0,600,1962,0,98058,47.4563,-122.171,1610,8579
2493200195,20140502T000000,615000.0,3,1.75,2360,7291,1.0,0,0,4,8,1360.0,1000,1948,0,98136,47.5274,-122.384,1860,5499
7899800860,20150319T000000,259950.0,2,2.0,1070,649,2.0,0,0,3,9,720.0,350,2008,0,98106,47.5213,-122.357,1070,928
2695600130,20141118T000000,355000.0,2,1.0,1250,4558,1.0,0,0,3,7,1250.0,0,1948,0,98126,47.5318,-122.379,1180,4494
5416500520,20140825T000000,300000.0,3,2.5,1750,4200,2.0,0,0,3,7,1750.0,0,2005,0,98038,47.3605,-122.04,1890,4048
2621750280,20141110T000000,369950.0,4,2.75,2760,7533,1.0,0,0,3,8,1400.0,1360,1997,0,98042,47.371,-122.108,2340,7943
9274200314,20140821T000000,568000.0,3,2.5,1740,1279,3.0,0,0,3,8,1740.0,0,2008,0,98116,47.5891,-122.387,1740,1280
1431700210,20140702T000000,305000.0,3,1.0,1580,7424,1.0,0,0,3,7,1010.0,570,1962,0,98058,47.4607,-122.171,1710,7772
3421069020,20141020T000000,314000.0,3,1.75,1350,217852,1.0,0,0,3,8,1100.0,250,1953,0,98022,47.2628,-122.03,2190,217800
126059242,20141119T000000,550000.0,3,1.75,1880,45738,1.0,0,0,4,8,1410.0,470,1980,0,98072,47.7662,-122.114,2340,38556
3037200010,20150305T000000,447500.0,2,2.25,1180,2090,2.0,0,0,3,7,1180.0,0,2004,0,98122,47.6032,-122.31,1550,2812
2780700020,20140910T000000,375000.0,4,2.5,1900,9428,2.0,0,0,3,8,1900.0,0,1978,0,98028,47.7628,-122.244,1830,10480
8127700445,20140716T000000,699000.0,3,1.75,1670,5375,1.0,0,0,3,7,1270.0,400,1952,0,98199,47.6416,-122.397,1460,6125
1219000043,20140509T000000,315000.0,5,1.75,2320,8100,1.0,0,0,4,7,1160.0,1160,1956,0,98166,47.4631,-122.341,1410,7271
3767300041,20140826T000000,920000.0,4,2.75,3140,7258,2.0,0,1,3,10,3140.0,0,2006,0,98034,47.7064,-122.232,2990,13600
16000200,20141024T000000,250000.0,3,2.25,1640,4420,2.0,0,0,4,7,1640.0,0,1918,1983,98002,47.311,-122.21,1230,6632
42000065,20150305T000000,355000.0,2,1.0,1450,9150,1.0,0,0,4,7,1450.0,0,1965,0,98188,47.4689,-122.277,1440,10636
3972900735,20140814T000000,220000.0,3,1.5,1070,9331,1.0,0,0,3,6,1070.0,0,1956,0,98155,47.7633,-122.313,1480,8400
8081900011,20140916T000000,835000.0,3,2.0,1570,4625,1.5,0,0,5,8,1570.0,0,1927,0,98117,47.68,-122.399,1760,4625
6675500105,20140729T000000,306000.0,3,2.0,1160,7217,1.0,0,0,3,7,1160.0,0,1969,0,98034,47.7279,-122.227,1870,9104
3999300290,20141016T000000,850000.0,3,3.5,2620,11148,2.0,0,4,4,9,2060.0,560,1977,0,98008,47.5845,-122.115,2590,10796
822069112,20150423T000000,1350000.0,4,4.75,5230,89298,2.5,0,0,3,11,5230.0,0,2002,0,98038,47.4097,-122.063,4110,107153
5452800645,20140922T000000,865000.0,4,2.5,2260,13600,1.0,0,0,4,8,1770.0,490,1974,0,98040,47.5436,-122.233,2630,13995
2223069112,20141112T000000,465000.0,3,2.25,2560,117176,1.0,0,0,4,9,1280.0,1280,1977,0,98027,47.4655,-122.033,2760,57063
4027701284,20140605T000000,385000.0,3,2.25,1710,11500,1.0,0,0,3,7,1210.0,500,1978,0,98028,47.7675,-122.267,1800,11500
8641500345,20141219T000000,396900.0,3,2.0,1360,3120,2.0,0,0,3,7,1360.0,0,1989,0,98115,47.6943,-122.307,1360,3120
2597710450,20150304T000000,365000.0,3,2.25,2290,7350,2.0,0,0,3,8,2290.0,0,1988,0,98058,47.429,-122.162,2170,7529
3278601940,20140806T000000,349950.0,2,3.25,1570,2031,2.0,0,0,3,8,1310.0,260,2006,0,98126,47.548,-122.375,1570,2039
7853320280,20150312T000000,425000.0,3,2.5,1950,4345,2.0,0,0,3,7,1950.0,0,2007,0,98065,47.5202,-121.873,2260,4345
3990200020,20140908T000000,359000.0,4,1.75,1680,9244,2.0,0,0,3,8,1680.0,0,1991,0,98166,47.4612,-122.352,1840,9387
2768301525,20141023T000000,570000.0,3,3.25,1570,1777,2.0,0,0,3,8,1260.0,310,2007,0,98107,47.6655,-122.369,1000,1777
5332200530,20150424T000000,1015000.0,5,2.5,2350,4000,2.0,0,0,3,9,2350.0,0,1993,0,98112,47.6265,-122.296,1840,4000
1346300035,20140626T000000,1990000.0,5,3.0,4480,5000,2.5,0,0,5,12,3420.0,1060,1902,0,98112,47.6275,-122.315,3220,5600
2228900161,20141008T000000,499950.0,3,2.25,2880,7200,1.0,0,0,3,8,1710.0,1170,1970,0,98133,47.7707,-122.35,1880,10200
2123039032,20141027T000000,369900.0,1,0.75,760,10079,1.0,1,4,5,5,760.0,0,1936,0,98070,47.4683,-122.438,1230,14267
8651410740,20150219T000000,189000.0,3,1.0,860,5200,1.0,0,0,5,6,860.0,0,1969,0,98042,47.3677,-122.078,1010,5200
8585400135,20141105T000000,585000.0,4,1.75,1760,5356,1.0,0,0,4,7,920.0,840,1950,0,98115,47.679,-122.288,1680,5184
3304040020,20141226T000000,375500.0,4,2.5,2301,6452,2.0,0,0,3,9,2301.0,0,2010,0,98001,47.346,-122.269,2650,6054
6123600090,20140519T000000,251200.0,4,1.5,1310,8250,1.0,0,0,3,7,1060.0,250,1953,0,98148,47.425,-122.332,1260,8255
6413600275,20140724T000000,446000.0,4,1.75,1730,5922,2.0,0,0,5,7,1730.0,0,1949,0,98125,47.7188,-122.321,1700,6127
191100140,20150316T000000,1060000.0,4,2.5,2250,10160,2.0,0,0,5,8,2250.0,0,1967,0,98040,47.5645,-122.219,2660,10125
3319500922,20150421T000000,345000.0,2,1.5,830,920,2.0,0,0,3,7,830.0,0,2005,0,98144,47.5998,-122.306,830,1200
3629800100,20141028T000000,520000.0,3,2.5,2160,4297,2.0,0,0,3,9,2160.0,0,1999,0,98029,47.5476,-122.012,2160,3968
3342100685,20140625T000000,283000.0,3,1.0,890,8400,1.0,0,0,4,6,890.0,0,1954,0,98056,47.5168,-122.204,1850,5565
585000008,20150413T000000,460000.0,2,1.0,1020,4002,1.0,0,0,5,7,1020.0,0,1953,0,98116,47.5828,-122.395,1780,5000
2316800100,20141105T000000,525000.0,3,2.5,2990,6725,2.0,0,0,3,9,2990.0,0,2003,0,98059,47.4928,-122.142,2790,6725
6817801410,20140624T000000,400000.0,3,2.0,1230,11413,1.0,0,0,3,7,990.0,240,1984,0,98074,47.6321,-122.034,1570,11517
7370600020,20141007T000000,606000.0,3,1.75,1970,8540,1.0,0,3,4,8,1130.0,840,1950,0,98177,47.7213,-122.365,2280,8540
3384300160,20140916T000000,169950.0,3,1.0,1180,9832,1.0,0,0,3,7,1180.0,0,1970,0,98042,47.3845,-122.085,1220,9894
3876311180,20140904T000000,373000.0,3,1.75,1310,7811,1.0,0,0,3,7,1310.0,0,1976,0,98034,47.7319,-122.167,1530,7800
6131600075,20150427T000000,225000.0,3,1.0,1300,8316,1.0,0,0,4,6,1300.0,0,1954,0,98002,47.3221,-122.216,1260,8316
1152200030,20150305T000000,855169.0,4,2.5,2970,5050,2.0,0,0,3,8,2970.0,0,2014,0,98052,47.7043,-122.122,2810,4998
1425059193,20141009T000000,817500.0,5,3.5,3600,9312,2.0,0,3,3,10,2680.0,920,2005,0,98052,47.6582,-122.122,3420,9860
4077800582,20140912T000000,522000.0,3,1.0,1150,7080,1.0,0,0,3,7,1150.0,0,1952,0,98125,47.7106,-122.288,1490,7921
9276200850,20140616T000000,460000.0,2,1.5,1090,4000,1.0,0,0,3,8,970.0,120,1951,0,98116,47.5798,-122.393,1700,4000
6141100038,20140602T000000,440150.0,2,1.0,1110,6800,1.0,0,0,5,7,1000.0,110,1947,0,98133,47.7184,-122.355,1410,6963
3226049267,20150425T000000,289500.0,3,1.0,1200,5525,1.0,0,0,2,7,1200.0,0,1947,0,98115,47.6981,-122.325,1580,7200
9550204450,20141219T000000,651000.0,3,1.5,1890,4400,1.5,0,0,5,7,1890.0,0,1919,0,98105,47.6662,-122.326,1620,4080
2877102345,20141027T000000,511718.0,2,1.75,1700,5000,1.0,0,0,3,6,850.0,850,1915,0,98117,47.6787,-122.363,1690,5000
3824100051,20150407T000000,405000.0,4,1.75,1690,8392,1.0,0,0,3,7,1190.0,500,1979,0,98028,47.773,-122.256,1880,9861
4037000470,20150316T000000,550000.0,3,1.75,1440,8957,1.0,0,0,4,7,1440.0,0,1957,0,98008,47.6008,-122.118,1340,8780
222069058,20140915T000000,729000.0,3,3.25,2250,60548,1.0,0,0,3,9,2250.0,0,2005,0,98038,47.4246,-122.014,2760,84070
2131200065,20141211T000000,265800.0,3,1.75,1460,7361,1.0,0,0,3,6,1460.0,0,1982,0,98019,47.7436,-121.979,1460,7505
7340600827,20140516T000000,239950.0,5,1.0,1460,6032,2.0,0,0,4,6,1460.0,0,1941,0,98168,47.487,-122.282,1060,10300
7345000120,20140617T000000,206000.0,3,1.0,1320,7000,1.0,0,0,4,7,1320.0,0,1967,0,98002,47.2787,-122.205,1260,7455
5045700250,20141118T000000,565997.0,5,2.75,2730,5820,2.0,0,0,3,8,2730.0,0,2014,0,98059,47.4856,-122.154,2730,5700
3141600210,20140619T000000,186000.0,3,2.0,1340,4320,1.0,0,0,3,5,920.0,420,1912,1993,98002,47.299,-122.228,980,6480
8651410330,20150306T000000,215150.0,3,1.0,920,4770,1.0,0,0,4,6,920.0,0,1969,0,98042,47.3654,-122.082,920,4770
5318101565,20140703T000000,1625000.0,4,3.25,2980,3600,2.0,0,0,3,9,2150.0,830,1999,0,98112,47.6352,-122.284,2980,4800
4327600010,20150202T000000,336000.0,3,3.0,1790,13350,1.0,0,0,3,7,1190.0,600,1988,0,98178,47.4958,-122.262,1740,10624
2475200080,20140908T000000,268000.0,3,1.75,1250,5546,1.0,0,0,4,7,1250.0,0,1987,0,98055,47.4725,-122.187,1640,4791
5315100805,20141218T000000,650000.0,3,1.75,1940,10245,1.0,0,0,3,7,1940.0,0,1957,0,98040,47.5833,-122.241,2720,11448
2944000050,20150422T000000,995000.0,4,3.25,3530,20012,2.0,0,0,3,11,3530.0,0,1986,0,98052,47.7193,-122.127,3850,20707
7972601950,20140617T000000,379900.0,5,3.5,2800,7350,2.0,0,0,3,7,2800.0,0,1995,0,98106,47.5273,-122.345,2190,7620
4027700853,20150428T000000,387500.0,6,2.0,2400,7684,1.0,0,0,3,6,1200.0,1200,1932,2005,98028,47.7705,-122.269,1290,9800
7212650510,20150403T000000,325000.0,4,2.5,1830,7762,2.0,0,0,3,8,1830.0,0,1993,0,98003,47.267,-122.31,2109,8966
8910500471,20150217T000000,407000.0,3,1.0,1140,7785,1.0,0,0,3,8,1140.0,0,1954,0,98177,47.709,-122.363,2080,10620
1523300141,20140623T000000,402101.0,2,0.75,1020,1350,2.0,0,0,3,7,1020.0,0,2009,0,98144,47.5944,-122.299,1020,2007
2895110062,20141202T000000,249000.0,3,1.0,1752,14626,2.0,0,2,3,8,1752.0,0,2005,0,98032,47.3755,-122.278,1800,9000
3221069091,20141106T000000,500000.0,3,2.5,2110,208737,2.0,0,3,3,9,2110.0,0,1977,0,98092,47.2674,-122.072,2390,125017
226059106,20150102T000000,489500.0,3,1.75,2090,65558,1.0,0,0,3,8,1330.0,760,1977,0,98072,47.7621,-122.127,2450,47178
7752200100,20140930T000000,630000.0,4,2.5,2540,11100,1.0,0,0,5,7,2540.0,0,1957,0,98008,47.6317,-122.124,1560,11100
5418200295,20150309T000000,549500.0,3,1.75,1620,8438,1.0,0,0,4,8,1620.0,0,1961,0,98125,47.703,-122.281,2040,9450
2623089002,20150416T000000,446250.0,3,2.5,2380,214315,1.5,0,0,3,9,2380.0,0,2000,0,98045,47.4525,-121.748,2400,68824
3298300140,20141024T000000,355000.0,3,1.0,1210,6650,1.0,0,0,3,6,1210.0,0,1959,0,98008,47.6214,-122.12,990,7590
2131200885,20140828T000000,360000.0,3,1.75,1830,10000,2.0,0,0,4,7,1830.0,0,1913,1964,98019,47.741,-121.979,1480,10000
3204500340,20141219T000000,179500.0,3,1.0,1180,32214,1.0,0,0,3,7,1180.0,0,1952,0,98092,47.3313,-122.198,2300,13714
4036800910,20140514T000000,562000.0,3,1.5,1830,8000,1.0,0,0,4,7,1830.0,0,1957,0,98008,47.6017,-122.122,1310,7500
854000165,20150107T000000,285000.0,3,1.5,1400,7582,1.0,0,0,3,7,1400.0,0,1956,0,98148,47.4536,-122.33,1280,7872
7287100135,20141001T000000,423000.0,3,1.0,1830,13900,1.0,0,0,3,7,1830.0,0,1951,0,98133,47.7654,-122.352,1840,10667
2877100235,20141222T000000,650000.0,5,2.0,2400,3500,1.5,0,0,3,8,1900.0,500,1911,0,98103,47.6762,-122.356,1520,4000
7987400285,20150429T000000,494900.0,3,2.5,2040,2500,2.0,0,0,3,7,1470.0,570,2008,0,98126,47.573,-122.372,1410,2500
2114700190,20141212T000000,385000.0,4,3.25,1790,2460,2.0,0,0,4,7,1100.0,690,2000,0,98106,47.534,-122.346,1260,4040
2921049079,20140514T000000,299000.0,2,1.75,1250,34395,1.0,0,0,4,7,1250.0,0,1950,0,98003,47.2802,-122.316,1910,26042
3395071580,20150311T000000,310000.0,3,2.5,1300,3612,2.0,0,0,3,7,1300.0,0,2005,0,98118,47.5328,-122.282,1390,2943
1724069079,20150319T000000,1452000.0,2,3.25,2070,3128,2.0,1,3,3,9,1760.0,310,1988,0,98075,47.5686,-122.06,2740,3568
3692900010,20141028T000000,445000.0,2,1.0,930,3150,1.0,0,0,5,6,930.0,0,1918,0,98115,47.6783,-122.298,1900,5000
5095400760,20140623T000000,337000.0,3,1.75,1310,12750,1.0,0,0,3,7,1310.0,0,1993,0,98059,47.4695,-122.07,1790,13500
6619900120,20141208T000000,670000.0,5,3.5,3860,9600,1.0,0,3,4,8,2660.0,1200,1973,0,98034,47.7139,-122.223,2440,9600
1788700295,20150311T000000,172000.0,3,1.0,1350,9680,1.0,0,0,4,7,820.0,530,1959,0,98023,47.3274,-122.346,1320,9225
452001310,20140825T000000,500000.0,2,1.0,960,5000,1.0,0,0,4,7,960.0,0,1900,0,98107,47.6755,-122.367,1330,5000
952003350,20150204T000000,507250.0,3,1.75,1400,5750,1.0,0,2,3,6,1100.0,300,1915,0,98126,47.5659,-122.38,1500,5175
3025059093,20140729T000000,3100000.0,5,5.25,5090,23669,2.0,0,0,3,12,5090.0,0,2006,0,98004,47.6297,-122.216,3830,22605
2787700580,20141028T000000,309500.0,3,1.0,1250,7320,1.0,0,0,3,7,1250.0,0,1968,0,98059,47.5074,-122.163,1770,7320
6117501820,20150428T000000,435000.0,2,1.0,790,11234,1.0,0,0,4,6,790.0,0,1942,0,98166,47.4413,-122.349,1930,11871
3679400484,20140918T000000,295500.0,3,2.5,1410,1332,2.0,0,0,3,7,960.0,450,2014,0,98108,47.5683,-122.314,1410,1343
1370803460,20140507T000000,1340000.0,3,3.0,2960,5500,2.0,0,2,3,10,2440.0,520,1937,1990,98199,47.6356,-122.402,2960,5876
5366200205,20140603T000000,613000.0,3,2.5,1350,3068,2.0,0,0,3,7,1350.0,0,1991,0,98122,47.6099,-122.293,1900,4000
7202300480,20141024T000000,775000.0,4,2.75,3500,6226,2.0,0,0,3,9,3500.0,0,2004,0,98053,47.6846,-122.045,3480,7222
1959700550,20140905T000000,740000.0,4,2.0,2050,4400,1.5,0,0,4,9,2050.0,0,1922,0,98102,47.644,-122.319,2320,5500
8679200100,20150107T000000,850000.0,4,2.75,3320,5559,2.0,0,0,3,9,3320.0,0,2012,0,98075,47.5607,-122.031,3400,6854
2426039314,20141201T000000,280000.0,2,1.5,1190,1265,3.0,0,0,3,7,1190.0,0,2005,0,98133,47.7274,-122.357,1390,1756
6072760360,20150321T000000,665000.0,4,2.25,2650,8149,1.0,0,0,4,8,1610.0,1040,1975,0,98006,47.5624,-122.176,2290,8019
2473371570,20141119T000000,313500.0,3,1.75,1610,7350,1.0,0,0,3,8,1610.0,0,1974,0,98058,47.4503,-122.131,2120,7350
7968460270,20150303T000000,259500.0,3,2.0,1330,35060,1.0,0,0,3,7,1330.0,0,1989,0,98092,47.3128,-122.13,1660,35100
3943600070,20140811T000000,400000.0,3,2.5,2393,4788,2.0,0,0,3,8,2393.0,0,2012,0,98055,47.4517,-122.204,2439,5477
623059016,20140717T000000,1100000.0,4,3.25,3190,11774,2.0,1,4,3,8,2610.0,580,1956,1991,98178,47.5033,-122.225,2240,8725
2652500155,20141029T000000,815000.0,4,1.75,1820,4500,1.5,0,0,3,8,1820.0,0,1921,0,98119,47.6429,-122.36,1870,3600
5587000010,20141120T000000,385000.0,3,2.25,1680,8450,1.0,0,0,3,8,1340.0,340,1960,0,98177,47.7575,-122.361,1850,8300
2324079073,20140815T000000,710000.0,3,2.75,2930,218235,2.0,0,2,3,8,2930.0,0,1990,0,98024,47.5481,-121.886,2450,218235
1522700060,20140624T000000,518000.0,4,2.75,2520,14021,2.0,0,0,3,9,2520.0,0,1999,0,98019,47.7344,-121.957,2330,14007
4058801310,20141009T000000,287000.0,2,1.0,930,6900,1.0,0,2,3,7,930.0,0,1952,0,98178,47.506,-122.242,1910,7194
1930300410,20150304T000000,575000.0,2,1.0,1250,4320,1.0,0,0,4,7,850.0,400,1911,0,98103,47.6549,-122.352,1520,4320
9510930350,20141212T000000,429000.0,4,2.5,2650,9301,2.0,0,0,3,9,2650.0,0,2001,0,98001,47.3477,-122.271,2730,8688
1133000144,20150212T000000,614905.0,3,2.5,2410,7225,2.0,0,0,3,8,2410.0,0,1991,0,98125,47.7211,-122.31,1940,8347
9183702220,20140915T000000,306000.0,3,1.75,1980,9800,1.0,0,0,3,7,1980.0,0,1991,0,98030,47.3745,-122.224,1630,7650
1934800142,20141203T000000,375000.0,2,1.5,1050,1046,2.0,0,0,3,8,960.0,90,2007,0,98122,47.6028,-122.309,1470,1768
7550800945,20141007T000000,526000.0,2,1.0,1450,4500,1.5,0,0,4,7,1450.0,0,1921,0,98107,47.6739,-122.396,1470,5000
7922750020,20140708T000000,560000.0,4,2.25,1950,9800,1.0,0,0,3,8,1330.0,620,1968,0,98033,47.666,-122.178,2170,9800
1523049188,20150430T000000,84000.0,2,1.0,700,20130,1.0,0,0,3,6,700.0,0,1949,0,98168,47.4752,-122.271,1490,18630
7785000130,20150330T000000,926250.0,4,1.75,2390,17717,1.0,0,0,4,8,2390.0,0,1964,0,98040,47.5755,-122.218,2390,10730
6817800840,20150325T000000,440000.0,2,1.5,1330,15873,1.0,0,0,3,7,900.0,430,1984,0,98074,47.6359,-122.033,1610,12043
6909700437,20140522T000000,353250.0,2,1.0,1060,1600,2.0,0,0,3,7,1060.0,0,1979,0,98144,47.5888,-122.294,1360,3360
1788700185,20150306T000000,198500.0,2,1.0,1050,9600,1.0,0,0,4,6,1050.0,0,1959,0,98023,47.3274,-122.346,990,8880
1522039105,20150115T000000,729000.0,3,4.25,3300,308080,2.0,0,2,4,9,2520.0,780,1976,0,98070,47.3979,-122.416,2130,90604
7853301570,20150430T000000,685000.0,4,2.5,3550,10968,2.0,0,0,3,9,3550.0,0,2006,0,98065,47.5431,-121.886,3550,8583
6909200007,20140903T000000,620000.0,3,1.75,1458,858,2.0,0,0,3,8,950.0,508,2014,0,98144,47.592,-122.293,1458,3000
8886000021,20140616T000000,445000.0,3,1.75,1890,32340,1.5,0,3,3,8,1890.0,0,1976,0,98070,47.4137,-122.439,1890,40180
7524950830,20140527T000000,585000.0,3,1.75,1850,7735,1.0,0,0,4,8,1850.0,0,1983,0,98027,47.5608,-122.082,2220,7639
1823059106,20150428T000000,288250.0,3,1.75,2110,15400,1.0,0,0,3,7,1380.0,730,1963,0,98178,47.4861,-122.226,2110,9800
587550280,20140530T000000,625000.0,4,3.25,4240,25639,2.0,0,3,3,10,3550.0,690,1989,0,98023,47.3241,-122.378,3590,24967
925049318,20140811T000000,475000.0,3,1.75,1550,4054,1.5,0,0,4,7,1550.0,0,1926,0,98115,47.6743,-122.301,1510,3889
7811220070,20140910T000000,490000.0,3,1.75,1510,11120,1.0,0,0,4,8,1510.0,0,1984,0,98005,47.5931,-122.158,2660,10800
6321000045,20141222T000000,1875000.0,5,3.25,4110,7920,2.0,0,3,3,9,3150.0,960,1921,0,98122,47.617,-122.282,3890,7800
2050000020,20140624T000000,1215000.0,4,3.75,3820,53574,1.0,0,0,3,10,3820.0,0,1994,0,98072,47.7337,-122.121,3140,54014
7214800190,20150105T000000,490000.0,4,2.25,2110,16200,1.0,0,0,3,8,1630.0,480,1978,0,98072,47.752,-122.144,2370,16000
930000234,20150421T000000,525000.0,4,2.0,2260,7680,1.0,0,0,4,7,1130.0,1130,1947,0,98177,47.7193,-122.361,1800,7680
3820350140,20140827T000000,300000.0,3,2.5,1590,3381,2.0,0,0,3,7,1590.0,0,2000,0,98019,47.7344,-121.986,1820,3383
2475201070,20140716T000000,259000.0,3,1.75,1240,4000,1.0,0,0,3,7,1240.0,0,1986,0,98055,47.4728,-122.191,1570,4586
5561300640,20150506T000000,532000.0,3,2.25,1910,35015,1.0,0,0,4,8,1430.0,480,1977,0,98027,47.4672,-122.006,2340,36680
7217400650,20150424T000000,458500.0,3,1.5,1280,1920,1.5,0,0,3,7,1280.0,0,1905,1990,98122,47.6117,-122.301,1280,3150
3475000080,20140828T000000,710000.0,3,2.0,1780,9732,1.0,0,0,3,8,1780.0,0,1967,0,98040,47.5796,-122.229,1900,10200
7852130080,20140925T000000,444500.0,3,2.5,2600,4724,2.0,0,0,3,7,2600.0,0,2002,0,98065,47.5359,-121.878,2400,4724
259600530,20140505T000000,501000.0,4,1.0,2070,7519,1.0,0,0,3,7,1160.0,910,1963,0,98008,47.632,-122.119,1730,7519
3423600065,20140604T000000,540000.0,3,1.0,1050,4160,1.0,0,0,4,7,1050.0,0,1925,0,98115,47.6756,-122.3,1580,3680
7972601270,20140530T000000,369000.0,3,2.0,1550,8509,1.0,0,0,3,7,1150.0,400,1959,0,98106,47.5299,-122.344,1840,7620
2202500255,20150305T000000,335000.0,3,2.0,1210,9926,1.0,0,0,4,7,1210.0,0,1954,2015,98006,47.5731,-122.135,1690,9737
3362401611,20150325T000000,1165000.0,4,3.75,3920,4500,3.0,0,0,3,8,3920.0,0,2013,0,98103,47.6805,-122.346,2040,3000
1742800030,20140612T000000,578000.0,4,2.5,3140,9225,1.0,0,2,5,9,1770.0,1370,1966,0,98055,47.4904,-122.226,2460,9600
1180000830,20141002T000000,460000.0,4,3.5,2870,3225,2.0,0,3,3,9,2070.0,800,2006,0,98178,47.5009,-122.225,1770,6450
461001615,20150225T000000,605000.0,2,1.75,1760,5000,1.0,0,0,4,7,940.0,820,1927,0,98117,47.682,-122.372,1530,5000
7694200430,20140625T000000,328423.0,3,2.5,1730,3600,2.0,0,0,3,8,1730.0,0,2014,0,98146,47.5019,-122.34,2030,3600
5003600080,20150414T000000,325000.0,4,2.5,2200,7719,2.0,0,0,3,8,2200.0,0,2000,0,98030,47.3649,-122.194,2460,7348
9329300040,20140910T000000,440000.0,3,1.75,1550,7820,1.0,0,0,4,7,1210.0,340,1981,0,98034,47.717,-122.163,1550,6900
9552701000,20150316T000000,818000.0,4,2.25,2460,8001,2.0,0,0,4,8,2460.0,0,1984,0,98006,47.548,-122.154,2460,9126
5538300120,20141015T000000,420000.0,4,2.5,2170,10500,1.0,0,0,3,7,1570.0,600,1962,0,98155,47.7512,-122.295,1850,11127
2115510340,20140604T000000,275000.0,3,2.5,1720,8755,1.0,0,0,3,8,1000.0,720,1983,0,98023,47.3186,-122.391,1720,8690
2123700015,20150512T000000,228800.0,4,2.5,1470,1612,2.0,0,0,3,7,980.0,490,2003,0,98118,47.5275,-122.271,1460,5027
2591020140,20141202T000000,475000.0,3,2.5,1460,4961,1.0,0,0,4,8,1150.0,310,1988,0,98033,47.6955,-122.183,1550,5449
2473370050,20140604T000000,327500.0,4,1.75,1650,7800,1.0,0,0,3,8,1650.0,0,1968,0,98058,47.4507,-122.139,1750,10400
9432900070,20140902T000000,338150.0,4,2.25,2700,8580,2.0,0,0,3,8,2700.0,0,1992,0,98022,47.2087,-122.009,2420,8580
2651100050,20150217T000000,400000.0,3,1.0,1180,7537,1.0,0,0,3,7,1180.0,0,1969,0,98034,47.7233,-122.221,1220,7425
6386200100,20140718T000000,430000.0,3,2.5,1400,7508,2.0,0,0,4,7,1400.0,0,1987,0,98034,47.7233,-122.167,1710,7700
2490200615,20140609T000000,400000.0,2,1.0,1140,5100,1.0,0,0,3,7,1140.0,0,1942,0,98136,47.5323,-122.383,1230,5100
1370804430,20150305T000000,543115.0,2,1.0,1380,5484,1.0,0,0,3,8,1030.0,350,1947,0,98199,47.6382,-122.399,1380,5347
5095600360,20150312T000000,329950.0,3,1.75,1360,13320,1.0,0,0,4,7,1360.0,0,1985,0,98059,47.4625,-122.069,1580,13625
3356403400,20140724T000000,159000.0,3,1.0,1360,20000,1.0,0,0,4,7,1360.0,0,1953,0,98001,47.2861,-122.253,1530,9997
2405500050,20140606T000000,650000.0,4,2.5,2840,9354,2.0,0,0,3,10,2840.0,0,1990,0,98074,47.6274,-122.04,2540,10200
1225039067,20150406T000000,455000.0,2,2.0,1190,1303,2.0,0,0,3,8,800.0,390,2009,0,98107,47.6675,-122.368,1670,2425
8658300455,20141118T000000,225000.0,3,1.5,1390,12500,1.0,0,0,4,6,1390.0,0,1976,0,98014,47.6496,-121.908,1390,9000
8731801190,20141223T000000,269000.0,3,2.25,1950,8661,1.0,0,0,4,8,1950.0,0,1966,0,98023,47.3127,-122.362,1950,8800
9158100075,20150107T000000,330000.0,2,1.0,1350,8220,1.0,0,0,3,7,1060.0,290,1949,0,98177,47.7224,-122.358,1540,8280
9547202950,20141030T000000,564000.0,4,1.0,1170,4590,1.5,0,0,4,7,1170.0,0,1925,0,98115,47.6804,-122.311,1430,4080
1545805490,20141006T000000,190000.0,3,2.0,1320,7625,1.0,0,0,3,7,1320.0,0,1987,0,98038,47.3635,-122.045,1420,7500
59000250,20141203T000000,720000.0,3,1.5,2180,5000,1.0,0,3,4,8,1090.0,1090,1941,0,98116,47.5787,-122.402,2070,5000
1776420150,20140723T000000,295000.0,4,2.25,1830,5720,2.0,0,0,3,7,1830.0,0,2003,0,98030,47.3604,-122.179,1960,5754
7504001080,20150304T000000,590000.0,4,2.5,2940,12600,1.0,0,0,4,8,1850.0,1090,1974,0,98074,47.6294,-122.062,2030,11770
1726069202,20140718T000000,420000.0,3,1.75,1060,38644,1.0,0,0,3,7,1060.0,0,1983,0,98077,47.7442,-122.072,1310,11416
9286100200,20140813T000000,450000.0,3,2.5,1670,2589,2.0,0,0,3,8,1670.0,0,2000,0,98027,47.5314,-122.047,1670,2897
4139400280,20141008T000000,765000.0,3,2.5,2700,8444,2.0,0,0,3,10,2700.0,0,1992,0,98006,47.5597,-122.113,2840,9165
393000385,20141215T000000,255000.0,3,1.5,1320,7980,1.0,0,0,3,7,1320.0,0,1956,0,98178,47.5068,-122.259,2000,7700
8564950300,20140919T000000,450000.0,3,2.5,2180,4226,2.0,0,0,3,8,2180.0,0,2004,0,98011,47.7733,-122.226,2540,4607
5608010650,20150408T000000,965000.0,4,2.5,3420,9575,2.0,0,0,3,11,3420.0,0,1994,0,98027,47.5527,-122.095,3310,8192
2568200120,20141215T000000,730000.0,5,2.75,2870,6593,2.0,0,0,3,9,2870.0,0,2006,0,98052,47.7075,-122.102,3150,6593
9195700380,20140811T000000,620000.0,4,2.25,1530,7845,1.0,0,0,4,7,1030.0,500,1981,0,98027,47.5589,-122.082,1710,7627
2423020010,20150316T000000,525000.0,3,1.75,1330,8136,1.0,0,0,4,7,1330.0,0,1977,0,98033,47.7001,-122.173,1330,8136
3830620710,20140613T000000,206135.0,3,1.0,1340,11070,1.0,0,0,4,7,1340.0,0,1978,0,98030,47.3527,-122.178,1650,7630
4167300030,20150209T000000,260000.0,4,1.75,1810,7480,1.0,0,0,3,7,1230.0,580,1977,0,98023,47.3275,-122.361,1870,9594
2190601049,20150429T000000,212000.0,3,1.5,1010,10000,1.0,0,0,4,7,1010.0,0,1973,0,98003,47.2881,-122.294,2420,34637
9202650130,20140618T000000,620000.0,4,2.5,1910,7683,2.0,0,0,3,8,1910.0,0,1987,0,98027,47.5644,-122.092,1980,8485
4345000510,20150428T000000,325000.0,3,2.5,1800,8518,2.0,0,0,3,7,1800.0,0,1996,0,98030,47.3643,-122.185,1770,7570
4319200620,20141015T000000,235000.0,2,1.0,1270,9182,1.5,0,0,3,6,1270.0,0,1917,0,98126,47.5365,-122.378,1760,9100
4216500020,20141003T000000,718000.0,5,2.75,2930,7663,2.0,0,0,3,9,2930.0,0,2013,0,98056,47.5308,-122.184,2750,10335
3820350050,20141024T000000,330000.0,4,2.5,1820,3905,2.0,0,0,3,7,1820.0,0,2001,0,98019,47.7346,-121.985,1820,3863
9407101180,20141224T000000,345000.0,3,2.25,2020,9000,2.0,0,0,3,7,2020.0,0,1979,0,98045,47.4487,-121.775,1460,9680
1022059123,20141226T000000,250000.0,6,2.5,2590,10890,1.0,0,0,4,7,1340.0,1250,1970,0,98042,47.4126,-122.165,2474,10454
5422420140,20140611T000000,280000.0,3,2.5,1860,6607,2.0,0,0,3,7,1860.0,0,1989,0,98023,47.2891,-122.351,1760,6766
4441300075,20140924T000000,900000.0,3,2.5,2260,9577,2.0,0,0,3,8,1700.0,560,1925,2004,98117,47.6928,-122.399,1740,10240
323079058,20150105T000000,850000.0,4,3.75,3890,22000,2.0,0,0,3,10,3890.0,0,2007,0,98027,47.5052,-121.906,1610,23142
5700000275,20140528T000000,635000.0,3,2.5,2300,5500,1.5,0,0,4,8,2000.0,300,1921,0,98144,47.5785,-122.293,2100,5000
705700240,20150218T000000,380000.0,4,2.5,2320,10079,2.0,0,0,3,7,2320.0,0,1994,0,98038,47.3828,-122.026,2010,7438
2997800090,20150406T000000,575000.0,3,1.0,1220,5652,1.0,0,0,3,6,1220.0,0,1905,0,98116,47.5767,-122.408,1490,2467
3336002215,20150225T000000,319950.0,2,1.0,1240,5500,1.5,0,0,3,6,1240.0,0,1921,0,98118,47.5257,-122.263,1520,5500
1102000196,20140527T000000,477000.0,4,2.75,1720,6270,2.0,0,0,3,8,1720.0,0,1978,0,98118,47.5458,-122.268,2130,8700
7454001090,20150309T000000,307000.0,3,1.0,770,6552,1.0,0,0,3,6,670.0,100,1942,0,98146,47.5133,-122.372,920,7200
5113400364,20150126T000000,650000.0,4,1.5,2480,6383,1.0,0,0,3,7,1380.0,1100,1946,0,98119,47.6445,-122.374,1440,6000
582000185,20140821T000000,655000.0,3,1.75,1960,5520,1.0,0,0,4,7,1080.0,880,1952,0,98199,47.6535,-122.397,1720,5760
2494000070,20150127T000000,480000.0,4,2.5,2480,5100,2.0,0,0,3,8,2480.0,0,2007,0,98019,47.7383,-121.969,2270,5115
6116500341,20150112T000000,419000.0,4,1.5,2150,23568,1.0,0,0,4,7,2150.0,0,1950,0,98166,47.4522,-122.355,2150,10125
567000025,20150402T000000,577500.0,2,2.5,2330,3000,2.0,0,3,3,8,2330.0,0,1915,1994,98144,47.5953,-122.294,1760,4000
2767800065,20150129T000000,429000.0,2,1.0,1010,5000,1.0,0,0,2,7,1010.0,0,1924,0,98107,47.6715,-122.365,1410,5000
7116500705,20150129T000000,156000.0,2,1.0,920,5889,1.0,0,0,4,6,920.0,0,1950,0,98002,47.3012,-122.218,1210,6180
3383900058,20141118T000000,580000.0,3,3.25,1490,857,3.0,0,0,3,8,1220.0,270,2001,0,98102,47.6357,-122.324,1550,1092
200480020,20140710T000000,770000.0,5,2.5,3000,7912,1.0,0,0,3,9,1610.0,1390,2007,0,98033,47.6765,-122.175,2700,7205
2770601775,20141128T000000,399950.0,3,2.5,1230,922,2.0,0,0,3,8,1080.0,150,2009,0,98199,47.6518,-122.384,1230,1237
2625059301,20150324T000000,760000.0,4,3.25,2590,3889,3.0,0,0,3,9,2590.0,0,2013,0,98007,47.6259,-122.142,2590,4062
7140600190,20140905T000000,233500.0,3,1.5,1580,10517,1.0,0,0,4,6,1580.0,0,1957,0,98002,47.2903,-122.214,1400,10658
8856960540,20140620T000000,330000.0,3,2.25,1860,11227,2.0,0,0,3,7,1860.0,0,1995,0,98038,47.3879,-122.031,1820,8800
8161600135,20140527T000000,688000.0,4,3.0,3000,4000,1.5,0,3,3,8,1970.0,1030,1913,2014,98144,47.5744,-122.307,1900,4000
9202000080,20140707T000000,215000.0,3,1.0,960,9563,1.0,0,0,5,7,960.0,0,1967,0,98023,47.2864,-122.357,1280,9600
3885801190,20140730T000000,1385000.0,4,3.5,3230,7200,1.0,0,1,3,10,1640.0,1590,2000,0,98033,47.6838,-122.212,2660,7200
5205000160,20140711T000000,350000.0,4,2.5,2650,10459,2.0,0,0,4,8,2650.0,0,1989,0,98003,47.2739,-122.293,2340,8777
40000553,20150304T000000,250000.0,2,1.0,1400,19570,1.5,0,0,3,6,1100.0,300,1929,0,98168,47.4724,-122.271,2250,6500
1720069075,20150508T000000,530000.0,3,3.0,2450,211266,1.5,0,3,3,8,2450.0,0,2004,0,98022,47.2215,-122.067,2300,263492
7203102140,20150429T000000,300000.0,2,1.0,1290,2482,2.0,0,0,3,7,1290.0,0,2008,0,98053,47.6972,-122.025,1290,2482
8928100205,20150331T000000,725000.0,3,2.0,1820,6324,1.0,0,0,5,7,910.0,910,1945,0,98115,47.6823,-122.27,1850,6440
7625703357,20150227T000000,394950.0,2,2.25,1300,2104,2.0,0,0,3,8,1010.0,290,2011,0,98136,47.5477,-122.388,1430,1850
9238900850,20140919T000000,688000.0,3,1.5,1760,4880,1.5,0,3,3,8,1290.0,470,1928,0,98136,47.5334,-122.388,1840,4998
9407001860,20140524T000000,372000.0,4,1.75,1960,9300,1.0,0,0,5,7,1340.0,620,1979,0,98045,47.4487,-121.772,1500,9752
6798100652,20140715T000000,316750.0,3,2.5,1256,1154,3.0,0,0,3,7,1256.0,0,2005,0,98125,47.7146,-122.311,1309,1232
7789900030,20140725T000000,319990.0,4,1.5,1890,10707,1.0,0,0,3,7,1890.0,0,1962,0,98148,47.428,-122.326,1610,8827
1467400095,20150224T000000,545000.0,4,1.75,2040,53578,1.0,0,0,5,7,1160.0,880,1959,0,98038,47.3844,-122.0,2040,53578
2517000650,20140716T000000,300000.0,3,2.5,2090,4590,2.0,0,0,3,7,2090.0,0,2005,0,98042,47.3992,-122.163,2190,4060
3528900401,20140701T000000,1640000.0,3,3.25,3140,5445,2.0,0,3,4,10,2240.0,900,1913,0,98109,47.6406,-122.347,2950,5250
3630110360,20150422T000000,750000.0,5,3.5,2980,5809,2.0,0,2,3,8,2980.0,0,2005,0,98029,47.5537,-121.996,2120,3416
723049274,20150417T000000,330000.0,3,1.75,1250,8100,1.0,0,0,3,7,1250.0,0,1951,2004,98146,47.5016,-122.348,1300,8175
7376300085,20150505T000000,530000.0,3,1.75,1430,10350,1.0,0,0,3,7,1430.0,0,1959,0,98008,47.6353,-122.123,1890,10350
8663100050,20140519T000000,446000.0,5,2.75,2190,12687,1.0,0,0,5,7,1370.0,820,1978,0,98028,47.7762,-122.257,2280,10784
3905120330,20141110T000000,575000.0,4,2.5,2040,5508,2.0,0,0,4,8,2040.0,0,1996,0,98029,47.5719,-122.007,2130,5496
2469000010,20150323T000000,1081000.0,4,2.25,2100,12172,1.0,0,0,5,9,2100.0,0,1961,0,98040,47.5458,-122.227,2400,10713
3793501400,20140820T000000,397000.0,4,2.5,3000,8584,2.0,0,0,3,7,3000.0,0,2003,0,98038,47.369,-122.032,2610,7570
7284900385,20140521T000000,970000.0,4,3.25,2790,5420,1.0,0,3,3,9,1130.0,1660,1963,2013,98177,47.7698,-122.386,2530,7200
5045700400,20150223T000000,559950.0,5,2.75,2990,6370,2.0,0,0,3,8,2990.0,0,2014,0,98059,47.4853,-122.154,2730,5740
323059316,20150505T000000,535000.0,5,2.5,3190,6178,2.0,0,0,3,8,3190.0,0,2003,0,98059,47.5104,-122.154,2480,7548
9297301065,20141029T000000,625000.0,3,1.0,1800,4800,1.0,0,2,4,9,900.0,900,1927,0,98126,47.5672,-122.372,1400,4800
4022902260,20140626T000000,460000.0,4,2.5,2550,19017,1.0,0,0,4,7,1300.0,1250,1961,0,98155,47.7682,-122.284,2080,21100
1683900040,20141215T000000,330000.0,3,2.25,1440,5150,2.0,0,0,3,7,1440.0,0,1997,0,98106,47.5456,-122.356,1530,5238
8856971000,20150406T000000,245000.0,3,2.5,1600,4271,2.0,0,0,3,7,1600.0,0,2003,0,98038,47.386,-122.036,1520,3225
3362400640,20150512T000000,825000.0,3,1.75,2010,3090,1.5,0,0,5,7,1510.0,500,1926,0,98103,47.682,-122.348,1600,3150
2569500210,20141117T000000,339950.0,0,2.5,2290,8319,2.0,0,0,3,8,2290.0,0,1985,0,98042,47.3473,-122.151,2500,8751
8732040810,20141104T000000,235000.0,4,2.75,1770,10184,1.0,0,0,3,8,1250.0,520,1979,0,98023,47.3074,-122.385,2070,8320
2734100732,20141015T000000,216650.0,3,3.5,1480,1077,2.0,0,0,3,7,1300.0,180,2007,0,98109,47.5421,-122.322,1140,2003
251620110,20140702T000000,2288000.0,4,2.5,4080,18362,2.0,0,2,4,11,4080.0,0,1983,0,98004,47.6344,-122.214,4080,19991
5104540330,20150508T000000,679000.0,4,2.5,3680,7236,2.0,0,0,3,10,3680.0,0,2006,0,98038,47.3543,-122.005,3310,7180
9828200460,20150106T000000,430000.0,2,1.0,700,4800,1.0,0,0,3,7,700.0,0,1922,0,98122,47.6147,-122.3,1440,4800
2744000100,20140625T000000,299950.0,3,2.5,1870,7942,2.0,0,0,3,7,1870.0,0,1990,0,98001,47.342,-122.279,1870,7392
6632300212,20140505T000000,366750.0,3,3.0,1571,2017,3.0,0,0,3,8,1571.0,0,2008,0,98125,47.7338,-122.309,1520,1497
316000160,20140821T000000,260000.0,3,1.0,1480,7469,1.5,0,0,3,6,1120.0,360,1940,0,98168,47.5048,-122.301,1460,7379
6072600200,20150417T000000,470500.0,5,2.5,2500,9248,1.0,0,0,3,8,1300.0,1200,1966,0,98006,47.5415,-122.18,2090,8568
8965500880,20140916T000000,1108000.0,4,2.5,3320,9380,2.0,0,3,3,10,3320.0,0,1988,0,98006,47.5655,-122.114,2870,11779
2767704345,20140520T000000,467000.0,3,2.25,1270,1213,2.0,0,0,3,8,1040.0,230,2005,0,98107,47.6736,-122.375,1410,1265
4440400125,20140508T000000,228000.0,4,1.75,2000,6120,1.0,0,0,3,7,1100.0,900,1965,0,98178,47.5035,-122.258,1880,6120
408100150,20140514T000000,267800.0,2,1.0,700,6000,1.0,0,0,4,6,700.0,0,1949,0,98155,47.7515,-122.316,920,6000
8648200030,20140716T000000,260000.0,3,1.75,1100,10968,1.0,0,0,5,7,1100.0,0,1984,0,98042,47.363,-122.08,1400,7799
3424069154,20140624T000000,362500.0,4,1.75,1450,8450,1.0,0,0,3,7,1450.0,0,1960,0,98027,47.5289,-122.028,1540,8450
3874010220,20140624T000000,289000.0,3,2.5,1970,9607,2.0,0,0,3,7,1090.0,880,1988,0,98001,47.3462,-122.286,2020,9608
3755500080,20140606T000000,510000.0,4,1.5,1320,14250,1.0,0,0,4,7,1320.0,0,1954,0,98033,47.7016,-122.199,1720,14250
4401200010,20140808T000000,795000.0,4,2.75,3100,7501,2.0,0,0,3,10,3100.0,0,1998,0,98052,47.6859,-122.109,3140,8672
8084900195,20141121T000000,1646000.0,6,3.5,4010,16200,1.0,0,0,3,8,2090.0,1920,1955,1990,98004,47.6322,-122.216,3560,16200
2821049082,20150212T000000,225000.0,2,1.0,1040,11500,1.0,0,0,5,7,1040.0,0,1947,0,98003,47.2791,-122.3,1300,11954
7230200310,20150409T000000,289571.0,3,1.5,1340,25160,1.0,0,0,3,7,1340.0,0,1968,0,98059,47.475,-122.111,1440,23680
1782500035,20140703T000000,357000.0,2,1.0,870,4600,1.0,0,0,4,7,870.0,0,1942,0,98126,47.5274,-122.379,930,4600
226039214,20140612T000000,465250.0,5,2.0,1940,7642,1.5,0,0,3,7,1940.0,0,1957,0,98177,47.7751,-122.38,1940,8724
1328300820,20140806T000000,329000.0,3,1.75,1980,7000,1.0,0,0,4,8,1360.0,620,1977,0,98058,47.4442,-122.129,1880,7200
9406520830,20150326T000000,314950.0,3,2.25,1654,8479,2.0,0,0,3,7,1654.0,0,1995,0,98038,47.3627,-122.037,1654,8479
1070000180,20141015T000000,1107460.0,4,3.5,3660,4760,2.0,0,0,3,9,2840.0,820,2014,0,98199,47.6482,-122.409,3210,4640
8562710550,20140521T000000,950000.0,5,3.75,5330,6000,2.0,0,2,3,10,3570.0,1760,2006,0,98027,47.5401,-122.073,4420,5797
7443000652,20141103T000000,365000.0,2,1.5,790,1123,2.0,0,0,3,8,700.0,90,2003,0,98119,47.651,-122.368,1370,1281
6649300190,20140903T000000,407500.0,5,2.0,2740,8230,1.5,0,0,3,7,2210.0,530,1962,0,98155,47.7352,-122.297,2130,8232
824059140,20140527T000000,949880.0,4,2.25,2290,10687,2.0,0,0,3,9,2290.0,0,1978,0,98004,47.5878,-122.202,2290,10300
5244800895,20140523T000000,595000.0,2,1.5,1030,4500,1.0,0,0,3,7,830.0,200,1924,0,98109,47.6455,-122.352,1250,4000
7518502030,20141117T000000,410000.0,4,2.0,1900,5100,1.0,0,0,3,6,950.0,950,1914,1973,98117,47.6767,-122.38,1230,5100
7137970130,20141218T000000,339999.0,3,2.5,2360,8093,2.0,0,0,3,8,2360.0,0,1995,0,98092,47.3257,-122.17,1860,6762
7748000020,20140621T000000,750000.0,3,1.75,2610,5544,1.5,0,0,3,8,1680.0,930,1934,0,98117,47.684,-122.376,1330,5074
5169700022,20140915T000000,334950.0,3,1.75,1880,16262,1.0,0,0,5,7,1880.0,0,1980,0,98059,47.5089,-122.155,1900,7972
6403510130,20141114T000000,490000.0,5,2.75,2990,7200,2.0,0,0,3,8,2990.0,0,1997,0,98059,47.4955,-122.16,2710,7620
1223039242,20150126T000000,388000.0,3,1.75,1760,9277,1.0,0,0,4,7,1760.0,0,1962,0,98146,47.4977,-122.358,1760,7650
926069142,20141124T000000,480000.0,4,2.5,2870,35757,2.0,0,0,4,9,2870.0,0,1977,0,98077,47.7568,-122.05,2700,41221
3585901085,20140604T000000,2005000.0,6,4.5,3810,28176,1.0,0,4,5,10,3810.0,0,1969,0,98177,47.7612,-122.381,3810,26400
3361401977,20140826T000000,250000.0,3,2.25,1560,15340,2.0,0,0,3,7,1560.0,0,1997,0,98168,47.4989,-122.322,1560,8260
7518505160,20140925T000000,417000.0,2,1.0,1190,5100,1.5,0,0,2,7,1190.0,0,1928,0,98117,47.6773,-122.382,1920,5100
121059147,20141104T000000,392000.0,4,2.5,2300,41167,2.0,0,0,3,7,2300.0,0,1988,0,98042,47.3412,-122.108,2300,21765
8029200135,20141113T000000,247000.0,3,2.0,1270,7198,1.5,0,0,3,7,1270.0,0,1916,2013,98022,47.2086,-121.996,1160,7198
6306100080,20140909T000000,234950.0,3,2.0,1430,10850,1.0,0,0,3,7,1430.0,0,1994,0,98001,47.2671,-122.233,1610,8015
452001860,20150321T000000,503000.0,3,2.0,1260,2500,1.0,0,0,4,7,750.0,510,1987,0,98107,47.6748,-122.371,1710,5000
1974300020,20150218T000000,624900.0,4,2.5,2270,11500,1.0,0,0,3,8,1540.0,730,1967,0,98034,47.7089,-122.241,2020,10918
3172600095,20140708T000000,371500.0,3,1.0,1650,6400,1.0,0,0,4,7,980.0,670,1954,0,98106,47.52,-122.365,1230,6400
2561320120,20140811T000000,366000.0,3,2.0,1350,10200,1.0,0,0,3,7,1350.0,0,1977,0,98074,47.6159,-122.05,1820,9600
1776230220,20140626T000000,414000.0,3,2.5,2490,4540,2.5,0,0,3,8,2490.0,0,2012,0,98059,47.5051,-122.155,2640,3844
8731960540,20141215T000000,242000.0,4,2.5,1750,11400,2.0,0,0,4,7,1750.0,0,1975,0,98023,47.3149,-122.386,1890,9024
1422700040,20150514T000000,183000.0,3,1.0,1170,7320,1.0,0,0,3,7,1170.0,0,1962,0,98188,47.4685,-122.282,2040,7320
7304301010,20140915T000000,421000.0,2,1.5,1400,11245,1.0,0,0,5,7,1400.0,0,1947,0,98155,47.7469,-122.321,1220,11241
9334800140,20141023T000000,315000.0,3,1.75,1660,8160,1.0,0,0,4,7,1660.0,0,1951,0,98166,47.4608,-122.358,1490,8100
9412900045,20140519T000000,462000.0,3,1.5,1710,4500,1.5,0,0,3,8,1410.0,300,1928,0,98118,47.5366,-122.268,1860,6000
7504200250,20150428T000000,490000.0,3,2.25,2330,3600,1.5,0,0,3,8,2330.0,0,1971,0,98074,47.631,-122.061,2050,4275
1446110020,20140910T000000,405000.0,5,3.5,3672,9742,2.0,0,0,3,9,3006.0,666,2006,0,98092,47.3255,-122.192,2140,9118
3546000090,20150224T000000,199500.0,3,1.75,1690,8901,1.0,0,0,3,7,1690.0,0,1986,0,98030,47.3546,-122.176,1690,7532
4239400730,20140625T000000,152000.0,3,1.0,1090,3264,1.0,0,0,4,6,1090.0,0,1969,0,98092,47.3155,-122.182,1090,3330
8081650330,20140625T000000,320000.0,4,2.5,2000,10051,2.0,0,0,3,7,2000.0,0,1997,0,98038,47.3625,-122.025,2000,6686
1329500120,20150109T000000,300000.0,4,2.5,2600,8572,2.0,0,0,3,8,2600.0,0,2003,0,98001,47.3155,-122.266,2170,5288
2314300420,20140916T000000,400000.0,4,2.5,2150,5397,2.0,0,0,3,8,2150.0,0,1998,0,98058,47.4644,-122.151,2260,5080
9310300211,20141114T000000,284000.0,3,1.0,1080,8214,1.0,0,0,3,7,1080.0,0,1944,0,98133,47.7401,-122.348,1850,13560
9478500570,20140623T000000,300000.0,4,2.5,2620,4469,2.0,0,0,3,7,2620.0,0,2008,0,98042,47.3663,-122.115,2250,4500
868000615,20141231T000000,1225000.0,4,2.5,2600,11542,1.5,0,0,4,9,2200.0,400,1939,0,98177,47.7076,-122.377,2840,10960
2517010230,20150226T000000,286000.0,3,2.5,1800,3980,2.0,0,0,3,7,1800.0,0,2006,0,98042,47.4006,-122.162,2580,4307
396100110,20140516T000000,282613.0,2,1.0,830,6017,1.0,0,0,4,6,830.0,0,1954,0,98133,47.7466,-122.334,1340,6040
3298700941,20140905T000000,260000.0,3,1.0,1200,4592,1.0,0,0,3,6,800.0,400,1950,0,98106,47.519,-122.352,940,4440
9264910300,20140710T000000,345000.0,3,1.75,3140,8571,1.0,0,0,4,8,1670.0,1470,1985,0,98023,47.3074,-122.337,2590,7949
1250203135,20140701T000000,725000.0,3,1.75,1860,6000,2.0,0,2,4,8,1860.0,0,1959,0,98144,47.5981,-122.288,3030,7119
3262300322,20150408T000000,1651000.0,4,3.25,3640,13530,1.0,0,0,3,9,2570.0,1070,1924,2000,98039,47.6293,-122.238,2760,15000
923059259,20150401T000000,455950.0,4,2.5,2720,5771,2.0,0,0,3,8,2720.0,0,2015,0,98056,47.4917,-122.17,1940,4184
9324320030,20150317T000000,281000.0,3,1.75,1690,9826,1.0,0,0,4,7,1690.0,0,1988,0,98023,47.314,-122.365,1980,9826
2678100005,20150212T000000,325000.0,2,1.0,1120,6236,1.0,0,0,4,6,1120.0,0,1954,0,98155,47.763,-122.291,1340,7784
3336500180,20140605T000000,324500.0,3,2.5,1660,3990,2.0,0,0,3,7,1660.0,0,2009,0,98118,47.5298,-122.268,1670,4050
8682281480,20140725T000000,592500.0,2,2.0,1870,4751,1.0,0,0,3,8,1870.0,0,2006,0,98053,47.7082,-122.015,2170,5580
1438000010,20140912T000000,569995.0,4,2.5,2650,6875,2.0,0,0,3,8,2650.0,0,2014,0,98059,47.479,-122.124,2650,5831
825059271,20140910T000000,900000.0,3,2.75,2980,12600,1.5,0,0,3,8,1590.0,1390,1941,2012,98033,47.674,-122.196,1520,9660
3996900575,20141007T000000,259950.0,2,1.0,770,6542,1.0,0,0,3,6,770.0,0,1948,0,98155,47.747,-122.301,1120,8149
3797002160,20140724T000000,409950.0,2,1.0,990,3000,1.0,0,0,4,6,990.0,0,1918,0,98103,47.6839,-122.345,1120,3000
3286800110,20140904T000000,575000.0,5,1.75,2980,53578,1.0,0,0,4,9,2230.0,750,1976,0,98027,47.4908,-122.059,2860,75546
2599700040,20141230T000000,160000.0,4,1.0,1540,7350,1.0,0,0,4,6,770.0,770,1969,0,98023,47.3318,-122.34,910,8000
7517500310,20150506T000000,775000.0,3,1.0,1460,6198,1.5,0,0,4,7,1460.0,0,1916,0,98107,47.6626,-122.361,2280,5160
5104511730,20150409T000000,549950.0,4,2.5,3780,6800,2.0,0,0,3,8,3780.0,0,2004,0,98038,47.3526,-122.012,3640,7326
2268000180,20150325T000000,230000.0,3,1.0,1250,9035,1.0,0,0,4,7,1250.0,0,1970,0,98003,47.275,-122.302,1350,10425
7215400280,20150116T000000,345000.0,3,2.25,2670,37089,2.0,0,0,3,9,2670.0,0,1990,0,98042,47.3347,-122.077,2290,36284
1086100130,20140904T000000,528000.0,5,1.75,2140,8580,1.0,0,0,3,7,1200.0,940,1962,0,98033,47.6625,-122.178,1600,9206
8651442880,20140516T000000,205000.0,5,1.75,1730,5200,1.0,0,0,4,7,1050.0,680,1978,0,98042,47.3628,-122.089,1350,5200
5406500440,20140812T000000,690000.0,4,2.5,2780,6235,2.0,0,0,3,8,2780.0,0,2001,0,98075,47.5976,-122.039,2670,4410
4167100240,20150310T000000,252000.0,3,1.75,1440,16819,1.5,0,0,4,6,1440.0,0,1925,0,98023,47.3318,-122.373,1560,12376
9187200345,20140709T000000,599000.0,7,2.5,2580,5750,1.0,0,0,4,7,1880.0,700,1901,0,98122,47.6025,-122.294,2280,5750
8146100095,20140515T000000,839000.0,3,1.0,1230,12305,1.0,0,0,3,7,1230.0,0,1955,1990,98004,47.6095,-122.195,2100,7960
7215420370,20150407T000000,479000.0,4,2.5,2370,30378,2.0,0,0,3,8,2370.0,0,1996,0,98042,47.3389,-122.066,2870,34834
1624049087,20140917T000000,635000.0,2,2.5,2470,8840,2.0,0,0,4,8,1780.0,690,2001,0,98108,47.5693,-122.301,1940,8840
4388000070,20150127T000000,186000.0,3,1.75,1460,7967,1.0,0,0,3,7,1040.0,420,1977,0,98023,47.3199,-122.374,1460,6835
9578500510,20141103T000000,409950.0,3,2.5,2655,5080,2.0,0,0,3,8,2655.0,0,2013,0,98023,47.2972,-122.348,2879,5232
8691390530,20140625T000000,700000.0,4,2.5,2770,5686,2.0,0,0,3,9,2770.0,0,2004,0,98075,47.5997,-121.973,2910,5000
5101405331,20140502T000000,495000.0,4,1.75,1600,6380,1.0,0,0,3,8,1130.0,470,1959,0,98125,47.701,-122.306,1090,6380
5014000120,20140617T000000,430000.0,3,1.0,980,7200,1.0,0,0,4,7,980.0,0,1950,0,98116,47.5718,-122.395,1180,6572
3126049517,20140508T000000,413450.0,3,2.5,1540,1614,3.0,0,0,3,8,1470.0,70,2008,0,98103,47.6961,-122.341,1540,1418
3876313030,20140520T000000,458000.0,1,2.25,2140,10350,1.0,0,0,3,7,1470.0,670,1976,0,98072,47.7352,-122.17,1980,8400
3179100790,20140915T000000,766500.0,2,1.75,2230,6930,1.0,0,0,4,8,1530.0,700,1947,0,98105,47.6705,-122.277,1970,6930
3438500253,20140904T000000,616950.0,5,3.5,3560,5008,2.0,0,0,3,8,2810.0,750,2013,0,98106,47.5542,-122.359,2910,5026
3423049209,20150318T000000,200450.0,3,1.0,970,9130,1.0,0,0,3,6,970.0,0,1957,0,98188,47.4369,-122.272,1000,8886
5668500045,20140917T000000,375000.0,3,2.0,1450,7300,1.5,0,0,5,7,1450.0,0,1955,0,98133,47.7517,-122.342,1660,9069
1922039062,20150420T000000,480000.0,2,1.5,1008,26487,1.0,1,4,4,6,1008.0,0,1943,2002,98070,47.3853,-122.479,1132,24079
686450330,20140915T000000,575000.0,4,2.25,2060,12155,1.0,0,0,4,8,2060.0,0,1968,0,98008,47.6378,-122.117,2360,8625
3013300830,20141106T000000,410000.0,2,1.0,1030,4366,1.0,0,0,3,7,1030.0,0,1912,0,98136,47.5311,-122.384,1890,4499
6669200370,20140626T000000,815000.0,3,2.0,2270,11989,1.0,0,0,4,9,2270.0,0,1968,0,98040,47.5434,-122.229,2880,12439
1072100085,20140514T000000,310000.0,3,1.0,1480,7830,1.0,0,0,3,7,1480.0,0,1952,0,98133,47.7703,-122.336,1450,7830
8941100095,20140923T000000,1112500.0,6,4.0,3600,6224,2.0,0,0,3,9,2610.0,990,1945,2006,98199,47.6531,-122.405,1430,6224
7984400005,20140626T000000,253500.0,3,1.0,1640,12384,1.0,0,0,4,7,1090.0,550,1954,0,98003,47.3256,-122.298,1550,11200
4017050820,20150320T000000,569999.0,3,2.5,3080,13880,2.0,0,0,3,9,3080.0,0,1990,0,98038,47.3726,-122.025,2780,15318
7520000330,20140813T000000,285000.0,3,2.5,1690,7460,1.0,0,0,3,7,870.0,820,1997,0,98146,47.4964,-122.353,1900,7302
930000425,20150301T000000,440000.0,3,1.75,1570,5120,1.0,0,2,3,7,980.0,590,1947,0,98177,47.7166,-122.365,2420,7200
2597490300,20141119T000000,700000.0,3,2.5,2350,4975,2.0,0,0,3,8,2350.0,0,2012,0,98029,47.5418,-122.01,2350,3951
7852170130,20150421T000000,650000.0,4,2.75,3260,5335,2.0,0,0,3,9,3260.0,0,2003,0,98065,47.5414,-121.864,3180,5438
809002390,20150115T000000,658000.0,3,1.5,1660,3190,1.5,0,0,3,7,1660.0,0,1919,0,98109,47.6368,-122.351,2200,3240
3904100041,20150424T000000,290750.0,3,2.5,1270,865,2.0,0,0,3,7,1080.0,190,2008,0,98118,47.5351,-122.279,1630,7752
8025700590,20140519T000000,215000.0,3,1.0,970,7275,1.0,0,0,4,7,970.0,0,1970,0,98031,47.4006,-122.188,1750,7200
7199350340,20140825T000000,460000.0,3,1.75,1440,7070,1.0,0,0,3,7,1440.0,0,1980,0,98052,47.6947,-122.125,1440,7210
3995700245,20140627T000000,285000.0,2,1.0,910,8155,1.0,0,0,4,6,910.0,0,1948,0,98155,47.7399,-122.3,1240,8155
4040400200,20141007T000000,527500.0,5,2.25,2530,8250,2.0,0,0,4,7,2530.0,0,1961,0,98007,47.6117,-122.134,2020,8250
7137900320,20140509T000000,224500.0,4,1.0,1430,8355,1.5,0,0,4,7,1430.0,0,1983,0,98092,47.3178,-122.174,1550,7938
8093600065,20141231T000000,205000.0,4,1.0,1030,6621,1.0,0,0,4,6,1030.0,0,1955,0,98055,47.4857,-122.221,1420,6631
1939000010,20140619T000000,720000.0,4,2.5,2440,34290,2.0,0,0,3,9,2440.0,0,1987,0,98053,47.6685,-122.044,2860,38119
2436700610,20150422T000000,550000.0,4,2.0,1720,4000,1.0,0,0,3,7,1420.0,300,1950,0,98105,47.6651,-122.285,1350,1281
4359100050,20150330T000000,244000.0,3,1.5,1360,9625,1.0,0,0,3,7,1360.0,0,1963,0,98030,47.3799,-122.211,1890,9625
8906200070,20150210T000000,280000.0,3,1.5,1670,11610,1.0,0,0,4,7,1670.0,0,1963,0,98055,47.4404,-122.191,1930,10200
4031000520,20141125T000000,227000.0,1,2.0,1150,9812,1.0,0,0,4,7,1150.0,0,1962,0,98001,47.2951,-122.284,1200,9812
2487700130,20150406T000000,710000.0,4,2.5,2720,8000,1.0,0,0,4,7,1360.0,1360,1955,0,98136,47.5237,-122.391,1790,8000
7691800130,20140826T000000,650000.0,3,2.5,2790,6720,2.0,0,0,3,8,2790.0,0,2002,0,98075,47.5958,-122.038,2620,6720
8691450120,20150227T000000,908990.0,4,2.75,3530,6844,2.0,0,0,3,10,3530.0,0,2014,0,98075,47.5975,-121.985,3530,10038
3582900280,20140606T000000,1120000.0,5,2.75,4400,18500,1.0,0,3,5,9,2250.0,2150,1963,0,98028,47.7424,-122.263,3290,19257
3432500200,20150409T000000,329999.0,3,1.0,1150,6908,1.0,0,0,3,6,800.0,350,1952,0,98155,47.7447,-122.313,1150,6908
6300000693,20141202T000000,233000.0,2,2.25,850,1656,2.0,0,0,3,8,850.0,0,2001,0,98133,47.7064,-122.344,850,1312
1774200230,20150120T000000,585000.0,6,3.0,3870,43787,2.0,0,0,3,8,2700.0,1170,1976,0,98077,47.7642,-122.098,2600,35381
9523103001,20141013T000000,389000.0,2,1.0,850,3276,1.0,0,0,3,6,850.0,0,1910,0,98103,47.6742,-122.35,1460,4100
6817850050,20150217T000000,810000.0,4,2.5,3280,25211,2.0,0,3,3,11,3280.0,0,1985,0,98074,47.6398,-122.05,3280,25211
5126310110,20140722T000000,540000.0,4,2.5,2600,9935,2.0,0,0,3,8,2600.0,0,2005,0,98059,47.4865,-122.142,2830,7620
9286730020,20150331T000000,1802750.0,5,3.25,3890,20005,1.0,0,0,3,10,2260.0,1630,1977,0,98004,47.6312,-122.224,3450,20176
1828000760,20140714T000000,529950.0,3,2.0,1540,8400,1.0,0,0,3,7,1180.0,360,1968,0,98052,47.6554,-122.129,1550,8760
1084000107,20141202T000000,1265000.0,4,2.25,2870,6000,1.0,0,0,5,8,1730.0,1140,1951,0,98112,47.6362,-122.282,2370,5500
2610100015,20140813T000000,305000.0,4,1.75,1000,7200,1.5,0,0,4,6,1000.0,0,1947,0,98155,47.742,-122.324,1280,7200
1176001310,20150304T000000,2945000.0,5,4.5,4340,5722,3.0,0,4,3,10,4340.0,0,2010,0,98107,47.6715,-122.406,1770,5250
2215900410,20150508T000000,323000.0,4,2.75,2000,9083,2.0,0,0,4,7,2000.0,0,1992,0,98038,47.3511,-122.058,1690,7735
1760650280,20150306T000000,324950.0,4,2.5,2110,4178,2.0,0,0,3,7,2110.0,0,2013,0,98042,47.3612,-122.081,2300,4142
1623069071,20141105T000000,475000.0,3,2.5,2220,60984,2.0,0,0,4,8,2220.0,0,1987,0,98027,47.4802,-122.052,1930,55333
9136100420,20150408T000000,767500.0,4,2.0,2350,4815,1.5,0,0,4,7,1450.0,900,1914,0,98103,47.6681,-122.338,1640,4013
625059036,20140813T000000,2700000.0,5,4.0,4230,27295,2.0,1,4,3,8,3230.0,1000,1949,1985,98033,47.6803,-122.214,2660,27295
7971300050,20140710T000000,657500.0,3,2.0,2320,10960,1.0,0,0,3,7,1510.0,810,1956,0,98005,47.6157,-122.174,2160,10960
5101400862,20140512T000000,499950.0,3,1.0,980,6380,1.0,0,0,3,7,760.0,220,1941,0,98115,47.692,-122.308,1390,6380
3693900985,20140529T000000,436500.0,2,1.0,1260,5000,1.0,0,0,3,7,1040.0,220,1951,0,98117,47.6782,-122.397,1510,5000
5651010150,20150510T000000,435000.0,3,2.5,1930,5790,2.0,0,0,4,7,1930.0,0,1988,0,98011,47.7733,-122.17,1790,4901
3333500151,20150507T000000,598200.0,5,3.75,2980,4635,3.0,0,0,3,8,2980.0,0,1997,0,98118,47.5508,-122.268,1100,5150
9526600090,20150424T000000,750000.0,4,2.5,2680,4548,2.0,0,0,3,8,2680.0,0,2009,0,98052,47.7073,-122.114,2750,4548
4383500030,20140924T000000,154500.0,3,1.0,890,9465,1.0,0,0,3,6,890.0,0,1957,0,98148,47.4388,-122.328,1590,9147
723000226,20141028T000000,1250000.0,3,2.75,2780,4815,3.0,0,2,3,10,2780.0,0,1974,0,98105,47.6569,-122.286,2820,5000
8731982190,20140618T000000,274500.0,3,2.25,1720,9000,1.0,0,0,4,8,1320.0,400,1969,0,98023,47.3191,-122.383,1930,8000
1441800250,20150126T000000,440000.0,4,2.25,2080,15750,1.0,0,0,3,8,1460.0,620,1976,0,98034,47.7225,-122.2,1960,10500
3619600132,20140915T000000,635000.0,3,1.75,2940,6000,1.0,0,2,4,8,1590.0,1350,1957,0,98177,47.7235,-122.369,2880,8100
148000375,20140619T000000,945000.0,2,2.5,2540,7089,2.0,0,0,3,9,2540.0,0,2004,0,98116,47.5747,-122.414,1330,7089
224069129,20150225T000000,500000.0,3,1.0,1440,54315,1.0,0,0,3,7,790.0,650,1974,0,98075,47.591,-122.01,2690,40518
7974200457,20150122T000000,935000.0,5,3.0,2700,5001,2.0,0,0,3,10,2700.0,0,2009,0,98115,47.6811,-122.288,1610,5191
2690600005,20141001T000000,162500.0,2,1.0,760,6141,1.0,0,0,2,6,760.0,0,1920,0,98118,47.5469,-122.277,900,4120
293070270,20141104T000000,922755.0,4,3.5,3560,4951,2.0,0,0,3,9,3560.0,0,2014,0,98074,47.6178,-122.055,3540,5500
8961950050,20150320T000000,409000.0,4,2.75,3230,12651,2.0,0,0,4,8,3230.0,0,2002,0,98001,47.3157,-122.251,2550,12081
7843500070,20141118T000000,308000.0,4,2.25,1960,12243,2.0,0,0,3,8,1960.0,0,1989,0,98042,47.3405,-122.058,1910,12230
7855300200,20150319T000000,1242500.0,4,2.75,2680,8500,1.0,0,4,4,9,1480.0,1200,1962,0,98006,47.5634,-122.156,2940,8650
5071401000,20140829T000000,779000.0,6,2.5,3250,12000,1.0,0,1,3,8,1800.0,1450,1966,0,98115,47.6935,-122.28,3490,10320
6821102340,20150504T000000,415000.0,3,1.5,1360,1795,2.0,0,0,3,7,1360.0,0,1945,0,98199,47.6471,-122.397,1580,1795
8074200100,20141015T000000,266000.0,3,1.5,1120,8250,1.0,0,0,4,7,1120.0,0,1957,0,98056,47.4905,-122.179,1320,8400
7844200425,20150414T000000,525000.0,4,2.0,2680,14157,1.0,0,0,3,8,1460.0,1220,1966,0,98188,47.4286,-122.292,2100,9199
723069135,20140915T000000,499000.0,2,1.75,2040,114562,1.0,0,0,4,7,2040.0,0,1968,0,98027,47.4985,-122.092,1850,94960
1939120540,20140722T000000,640000.0,3,2.5,2390,8315,2.0,0,0,4,9,2390.0,0,1990,0,98074,47.6271,-122.028,2370,7816
7972601100,20140923T000000,355000.0,3,1.75,1960,7705,1.0,0,0,4,7,980.0,980,1950,0,98106,47.53,-122.347,1380,4349
8643200035,20140821T000000,299900.0,3,1.75,1470,27000,1.0,0,0,3,7,1470.0,0,1958,0,98198,47.3943,-122.311,2230,14186
8809200070,20150408T000000,315000.0,4,2.5,1970,5190,2.0,0,0,3,7,1970.0,0,2002,0,98059,47.515,-122.164,1840,5564
7935000125,20140605T000000,440000.0,3,1.0,1050,7500,1.0,0,0,3,6,1050.0,0,1900,0,98136,47.5473,-122.396,1380,7500
8091670190,20141104T000000,382495.0,3,2.5,1760,5390,1.0,0,0,3,8,1760.0,0,2014,0,98038,47.3482,-122.042,2310,5117
8651611130,20140605T000000,798000.0,3,3.5,3590,6402,2.0,0,0,3,10,3590.0,0,1999,0,98074,47.6336,-122.063,3230,7305
316000190,20150215T000000,219000.0,4,1.0,1370,5339,1.5,0,0,4,6,1370.0,0,1948,0,98168,47.5046,-122.3,1280,7048
3204300610,20141202T000000,450000.0,2,1.0,950,4560,1.5,0,0,3,7,950.0,0,1925,0,98112,47.6288,-122.3,2040,4560
9297302031,20150423T000000,448000.0,3,3.25,1560,1345,2.0,0,0,3,8,1260.0,300,2009,0,98126,47.5637,-122.375,1560,4800
3262300818,20150227T000000,1865000.0,4,3.75,3790,8797,2.0,0,0,3,11,3290.0,500,2006,0,98039,47.6351,-122.236,2660,12150
6021500970,20140528T000000,345000.0,2,1.0,1080,4000,1.0,0,0,3,7,1080.0,0,1940,0,98117,47.6902,-122.387,1530,4240
1926059039,20141006T000000,799950.0,4,2.5,3320,7429,2.0,0,0,3,9,3320.0,0,2014,0,98034,47.7189,-122.225,1840,7429
2600010390,20141015T000000,825000.0,4,2.25,2430,10050,2.0,0,0,4,8,2430.0,0,1979,0,98006,47.5563,-122.163,2390,10250
4154303655,20141211T000000,585000.0,2,1.75,1830,7200,1.0,0,2,4,7,1070.0,760,1949,0,98118,47.5592,-122.273,1570,6000
4099100260,20140903T000000,589000.0,3,2.5,2940,4799,1.0,0,0,3,9,1710.0,1230,1996,0,98033,47.6681,-122.184,2540,4616
1337800830,20150107T000000,998500.0,3,1.75,2140,4800,2.0,0,0,3,8,1690.0,450,1905,0,98112,47.6311,-122.312,2440,4800
3812400854,20141028T000000,352800.0,4,2.0,2080,6360,1.0,0,0,3,7,1330.0,750,1960,0,98118,47.5392,-122.278,2080,6741
1930301540,20150223T000000,390000.0,1,1.0,710,4000,1.0,0,0,4,6,610.0,100,1928,0,98103,47.6562,-122.354,1440,4500
8078570460,20140924T000000,305500.0,4,2.5,1850,7199,2.0,0,0,4,7,1850.0,0,1989,0,98031,47.4031,-122.172,1940,7432
3211800140,20150205T000000,493500.0,3,1.75,1800,16026,1.0,0,0,3,8,1390.0,410,1972,0,98008,47.5815,-122.121,2210,13959
4024101440,20140618T000000,375000.0,3,2.5,1950,6871,2.0,0,0,3,8,1950.0,0,1997,0,98155,47.7603,-122.307,1950,7663
9353301070,20150508T000000,342500.0,5,2.25,2100,10726,1.0,0,0,4,7,1050.0,1050,1963,0,98059,47.4922,-122.134,2100,10726
822069066,20150223T000000,365000.0,4,2.5,1620,219542,2.0,0,0,3,7,1620.0,0,1980,0,98038,47.4014,-122.069,2240,217800
6083000037,20140613T000000,230000.0,2,1.0,930,7550,1.0,0,0,3,6,930.0,0,1986,0,98168,47.4866,-122.303,1370,10176
1220000100,20150504T000000,215000.0,1,1.0,970,7639,1.0,0,0,4,5,570.0,400,1920,0,98166,47.4655,-122.346,1360,7380
4040800050,20141119T000000,415000.0,3,1.5,1090,8400,1.0,0,0,4,7,1090.0,0,1966,0,98008,47.6219,-122.115,1320,8400
446000020,20140913T000000,439500.0,4,1.0,1360,5500,1.5,0,0,3,7,1360.0,0,1950,0,98115,47.6878,-122.285,1530,5790
3814701090,20140806T000000,267000.0,3,2.5,1760,6477,2.0,0,0,4,8,1760.0,0,1986,0,98030,47.3731,-122.172,1890,6800
185000118,20150223T000000,212000.0,4,2.0,1880,7500,1.0,0,0,5,6,980.0,900,1946,0,98178,47.495,-122.266,1670,14350
6121800060,20140910T000000,260000.0,3,1.5,1320,9750,1.0,0,0,3,7,1320.0,0,1954,0,98148,47.4267,-122.331,1530,9750
6151800135,20140827T000000,640000.0,4,1.75,2020,16120,1.0,0,0,3,7,2020.0,0,1969,0,98010,47.3413,-122.048,1940,16350
2473500110,20150112T000000,419950.0,3,1.75,1770,16909,1.0,0,0,5,8,1770.0,0,1977,0,98058,47.4458,-122.134,1960,9100
1387301730,20150202T000000,361000.0,3,1.5,1200,7236,1.0,0,0,3,7,1200.0,0,1975,0,98011,47.739,-122.194,1680,7800
6669100070,20140512T000000,900000.0,4,3.25,4700,38412,2.0,0,0,3,10,3420.0,1280,1978,0,98005,47.6445,-122.167,3640,35571
7129800036,20150114T000000,109000.0,2,0.5,580,6900,1.0,0,0,3,5,580.0,0,1941,0,98118,47.5135,-122.262,1570,5040
9485800050,20150310T000000,680000.0,3,2.5,1610,8064,1.0,0,2,4,7,1160.0,450,1981,0,98033,47.6818,-122.189,2260,8328
7518501822,20141017T000000,469000.0,3,2.5,1190,1290,3.0,0,0,3,8,1190.0,0,2008,0,98107,47.6762,-122.378,1410,1923
1923000160,20140620T000000,905000.0,4,3.5,2970,14486,2.0,0,0,3,9,2340.0,630,1997,0,98040,47.5627,-122.215,3680,14486
6790950150,20140817T000000,855000.0,4,2.5,2810,52062,1.5,0,0,4,9,2810.0,0,1988,0,98075,47.5941,-122.029,3330,49783
9285800055,20141014T000000,619500.0,4,2.5,2210,5077,1.5,0,0,4,8,1480.0,730,1912,0,98126,47.5719,-122.377,1740,5000
3630180380,20140725T000000,890900.0,4,2.5,3420,6233,2.0,0,0,3,9,3420.0,0,2006,0,98027,47.5416,-121.998,3350,5000
1853000530,20150312T000000,1150000.0,4,3.75,5300,37034,2.0,0,0,3,11,5300.0,0,1989,0,98077,47.7283,-122.076,3730,37034
1523059183,20141205T000000,529000.0,5,2.5,2380,91476,1.0,0,0,4,8,1580.0,800,1976,0,98059,47.479,-122.153,1880,12870
1668500090,20150402T000000,715000.0,3,2.5,2770,39529,2.0,0,0,3,9,2770.0,0,1987,0,98053,47.6495,-122.042,3010,35435
9482700075,20150112T000000,800000.0,4,3.5,2370,3302,2.0,0,0,3,8,1610.0,760,1926,2014,98103,47.684,-122.341,2170,3800
6061000010,20150504T000000,323000.0,4,2.75,2230,50094,1.0,0,2,4,7,1330.0,900,1977,0,98092,47.2576,-122.099,2230,40770
7519000085,20141002T000000,685000.0,4,2.75,1660,5150,1.5,0,0,5,7,1280.0,380,1928,0,98117,47.6835,-122.362,1490,4017
624110050,20140604T000000,760000.0,4,2.75,3370,12447,2.0,0,0,3,10,3370.0,0,1991,0,98077,47.7309,-122.058,3700,13129
7852030240,20150408T000000,485500.0,4,2.5,2320,3974,2.0,0,0,3,7,2320.0,0,1999,0,98065,47.532,-121.88,2620,4539
1523069197,20140503T000000,379880.0,3,2.5,1650,14054,1.0,0,0,4,7,1130.0,520,1986,0,98027,47.4821,-122.017,1940,87555
8943600360,20150219T000000,299000.0,3,2.25,1350,3582,2.0,0,0,3,8,1350.0,0,2010,0,98031,47.4214,-122.191,1940,3860
8029500100,20150226T000000,317000.0,3,2.5,2100,7587,2.0,0,0,3,9,2100.0,0,1990,0,98023,47.3072,-122.391,2330,8119
6392000625,20140712T000000,451000.0,2,1.0,900,6000,1.0,0,0,3,7,900.0,0,1944,2004,98115,47.6855,-122.289,1460,4800
8802400416,20150213T000000,147500.0,3,1.0,1530,8498,1.0,0,0,3,7,1530.0,0,1959,0,98031,47.404,-122.203,1380,8498
8682262720,20150310T000000,495000.0,2,2.0,1580,5203,1.0,0,0,3,8,1580.0,0,2004,0,98053,47.7174,-122.032,1560,4770
6169901185,20140520T000000,490000.0,5,3.5,4460,2975,3.0,0,2,3,10,3280.0,1180,2015,0,98119,47.6313,-122.37,2490,4231
1775800800,20150224T000000,396000.0,3,1.0,1500,12616,1.0,0,0,3,7,1500.0,0,1967,0,98072,47.7415,-122.101,1820,13950
1446403145,20150122T000000,170000.0,2,1.0,1240,9900,1.0,0,0,3,7,940.0,300,1950,0,98168,47.4862,-122.326,1050,9375
8651440780,20140929T000000,231000.0,3,2.0,1640,4875,1.0,0,0,4,7,1040.0,600,1977,0,98042,47.3661,-122.094,1640,5200
5422420120,20140717T000000,252000.0,3,2.0,1420,6788,2.0,0,0,3,7,1420.0,0,1990,0,98023,47.2887,-122.351,1790,6607
4140900140,20140527T000000,438000.0,3,1.75,1650,12940,1.0,0,0,4,7,1650.0,0,1961,0,98028,47.7629,-122.268,2830,12600
9276202160,20141126T000000,660000.0,3,2.0,2080,5750,1.0,0,0,5,7,1040.0,1040,1926,0,98116,47.5791,-122.392,1710,4830
5332200026,20140508T000000,553650.0,2,2.5,1360,1349,2.0,0,0,3,8,1050.0,310,1997,0,98112,47.6254,-122.292,1430,4400
6619910260,20150407T000000,536650.0,3,1.75,2090,8910,1.0,0,0,3,8,1230.0,860,1975,0,98034,47.7149,-122.222,2310,10695
9294300495,20141114T000000,810000.0,4,2.25,2020,5600,1.0,0,2,4,8,1210.0,810,1961,0,98115,47.6821,-122.267,2660,6050
5652601035,20150115T000000,285000.0,3,1.75,1150,6423,1.0,0,0,3,5,590.0,560,1927,0,98115,47.6973,-122.297,1150,8367
5009600010,20140612T000000,248000.0,4,2.5,1770,5855,2.0,0,0,3,7,1770.0,0,2003,0,98038,47.3483,-122.053,1790,5679
7732410220,20140701T000000,808000.0,4,2.25,2500,8866,2.0,0,0,4,9,2500.0,0,1987,0,98007,47.6604,-122.146,2630,8847
4340000080,20150327T000000,1450000.0,4,3.5,2820,7809,2.0,0,0,3,10,2820.0,0,1995,0,98004,47.622,-122.195,2630,7904
1432701430,20140910T000000,242500.0,3,1.0,940,7380,1.0,0,0,3,6,940.0,0,1959,0,98058,47.4516,-122.175,1210,8095
4083306616,20150224T000000,450000.0,2,1.5,960,1000,2.0,0,0,3,8,920.0,40,2008,0,98103,47.6489,-122.335,1200,1297
3356403304,20141016T000000,154000.0,3,3.0,1530,9997,1.0,0,0,3,6,1020.0,510,1992,0,98001,47.2861,-122.252,1410,9997
1150700170,20140926T000000,299000.0,4,2.25,1870,6693,2.0,0,0,3,7,1870.0,0,1996,0,98003,47.2774,-122.299,1650,6518
5631500941,20140715T000000,740000.0,4,2.5,3050,8000,2.0,0,0,3,9,3050.0,0,2007,0,98028,47.7465,-122.231,1910,8000
7016000440,20140716T000000,525000.0,5,2.25,2500,8621,1.5,0,0,4,7,2500.0,0,1968,0,98034,47.7379,-122.185,1980,7395
2464400435,20150420T000000,567000.0,3,1.75,1630,4275,1.5,0,3,3,7,1630.0,0,1908,0,98115,47.6851,-122.322,1800,4275
8857320030,20141107T000000,515000.0,3,2.0,1810,2738,2.0,0,0,4,9,1810.0,0,1979,0,98008,47.6112,-122.115,1760,2754
2785000290,20140507T000000,675000.0,3,1.75,1680,10500,1.0,0,0,4,8,1680.0,0,1959,0,98005,47.6098,-122.169,2250,10400
2592401080,20150402T000000,525000.0,3,2.5,1720,7950,1.5,0,0,4,7,1720.0,0,1972,0,98034,47.7178,-122.168,1790,7030
3298700426,20140709T000000,226550.0,3,1.0,990,4440,1.0,0,0,3,6,990.0,0,1943,0,98106,47.522,-122.354,990,6771
7192800145,20141202T000000,420000.0,2,1.0,2100,4480,1.0,0,0,5,7,1400.0,700,1908,0,98126,47.574,-122.372,1570,4400
7129301001,20141209T000000,675000.0,4,2.75,2670,6780,2.0,0,3,5,8,1630.0,1040,1908,0,98118,47.5131,-122.256,2400,5989
6065300840,20150501T000000,2850000.0,4,4.0,5040,17208,1.0,0,0,5,10,2870.0,2170,1976,0,98006,47.5701,-122.188,4050,18647
5231000060,20140805T000000,310000.0,3,1.75,1490,7150,1.0,0,0,5,6,1490.0,0,1967,0,98059,47.5015,-122.124,1350,9100
203100690,20150425T000000,1078000.0,4,2.75,3160,42733,2.0,0,0,3,9,3160.0,0,1995,0,98053,47.6367,-121.958,1890,24000
923059252,20140527T000000,450800.0,4,3.25,2510,5311,2.0,0,0,3,9,2510.0,0,2009,0,98056,47.5028,-122.17,1590,9583
8824900050,20140612T000000,656500.0,4,2.0,2710,4750,1.0,0,0,4,7,1460.0,1250,1919,0,98115,47.6756,-122.305,1700,3800
2970800105,20150313T000000,449950.0,4,2.5,2420,5244,2.0,0,0,3,9,2420.0,0,2007,0,98166,47.4729,-122.35,1400,5250
8857320120,20150310T000000,542000.0,2,2.25,1800,2819,2.0,0,2,4,9,1800.0,0,1979,0,98008,47.6104,-122.113,1800,2755
1324300380,20140716T000000,550000.0,3,1.0,1600,5000,1.5,0,0,3,7,1110.0,490,1947,0,98107,47.655,-122.358,1380,5000
9279200280,20140623T000000,750000.0,3,2.0,1820,5000,1.5,0,0,4,8,1720.0,100,1941,0,98116,47.5845,-122.395,2220,7200
723049533,20140930T000000,271000.0,4,1.75,1490,9112,1.0,0,0,3,6,970.0,520,1940,0,98146,47.4991,-122.345,1650,8411
9358001732,20150428T000000,400000.0,3,2.5,1390,2815,2.0,0,0,3,8,1390.0,0,1999,0,98126,47.566,-122.366,1390,3700
3420069055,20141203T000000,350000.0,4,2.25,1570,499571,1.0,0,3,4,7,1570.0,0,1972,0,98022,47.1808,-122.023,1700,181708
7857003046,20150506T000000,460000.0,5,3.0,2008,5050,1.0,0,0,3,7,1216.0,792,1992,0,98118,47.5376,-122.292,2040,5297
7287100035,20140731T000000,380000.0,3,2.0,2010,16736,2.0,0,0,4,6,2010.0,0,1929,0,98133,47.7643,-122.352,1890,11477
1523560030,20150325T000000,689000.0,4,2.5,2110,6069,2.0,0,0,3,9,2110.0,0,1999,0,98052,47.6374,-122.111,2180,9000
7852160170,20150422T000000,1210000.0,4,3.75,4980,18069,2.0,0,3,3,11,4980.0,0,2006,0,98065,47.5348,-121.856,4080,14577
1049000740,20141120T000000,229950.0,2,1.5,1160,1848,2.0,0,0,3,7,1160.0,0,1972,0,98034,47.7366,-122.176,1160,1566
1552510160,20141030T000000,488500.0,3,2.75,1820,9490,2.0,0,0,3,7,1820.0,0,1994,0,98011,47.7481,-122.178,1950,8851
2420069604,20150330T000000,255000.0,3,2.5,1720,6200,2.0,0,0,3,7,1720.0,0,2014,0,98022,47.2137,-121.989,1710,9520
3343901961,20150331T000000,255000.0,3,1.0,1430,12420,1.0,0,0,3,7,1430.0,0,1964,0,98056,47.5116,-122.191,1900,10350
7796450340,20141205T000000,330000.0,4,2.5,2980,5674,2.0,0,0,3,8,2980.0,0,2003,0,98023,47.277,-122.347,2610,5495
3629920990,20140623T000000,905000.0,4,3.25,3440,7661,2.0,0,0,3,11,3440.0,0,2006,0,98029,47.5429,-121.995,3580,6478
3904921250,20141010T000000,690000.0,5,3.25,3370,7313,2.0,0,0,4,8,2140.0,1230,1988,0,98029,47.5632,-122.015,2990,7806
8562900310,20140613T000000,615000.0,3,1.75,2350,20820,1.0,0,0,4,8,1800.0,550,1978,0,98074,47.6095,-122.059,2040,10800
7967700530,20150213T000000,241000.0,3,1.0,1020,7538,1.0,0,0,3,7,1020.0,0,1981,0,98032,47.3587,-122.288,1650,7201
2201500980,20141020T000000,450000.0,3,1.0,1350,10000,1.0,0,0,4,7,1350.0,0,1954,0,98006,47.5741,-122.133,1450,10000
4036400040,20150209T000000,648000.0,5,2.5,2210,10772,1.0,0,2,3,9,1430.0,780,1964,0,98155,47.7383,-122.288,2720,9858
3760000020,20141022T000000,360000.0,3,1.0,1660,9600,1.0,0,0,3,7,1660.0,0,1963,0,98034,47.708,-122.216,2020,9600
112900110,20140903T000000,345000.0,3,2.5,1620,5992,2.0,0,0,3,7,1620.0,0,2001,0,98019,47.736,-121.965,1620,4644
8947250060,20150326T000000,292500.0,4,2.5,1610,4568,2.0,0,0,3,7,1610.0,0,2006,0,98001,47.3351,-122.289,1834,4604
622100130,20140917T000000,365000.0,2,2.0,1440,15000,1.0,0,0,3,7,1440.0,0,1985,0,98072,47.7648,-122.159,1780,15000
1868902745,20140502T000000,805000.0,3,2.0,2710,4500,1.5,0,0,4,8,1880.0,830,1929,0,98115,47.6747,-122.295,2060,4500
7338402690,20150401T000000,335000.0,6,2.0,2020,7071,1.0,0,0,3,7,1010.0,1010,1979,0,98108,47.5329,-122.294,2020,5000
42000130,20140924T000000,600000.0,5,4.5,4440,9784,2.0,0,0,3,10,4440.0,0,2012,0,98168,47.4702,-122.275,2720,10080
8902500118,20140812T000000,326000.0,3,2.5,1782,1577,3.0,0,0,3,7,1782.0,0,2000,0,98125,47.7114,-122.301,1550,1744
2695600375,20141110T000000,354000.0,2,1.0,850,5225,1.0,0,0,3,7,850.0,0,1949,0,98126,47.5311,-122.38,1230,5225
333100209,20150318T000000,690000.0,3,1.75,2330,16300,2.0,0,0,3,9,2330.0,0,1964,0,98034,47.7037,-122.24,2330,16300
4365200860,20140606T000000,385200.0,4,1.0,1550,7740,1.5,0,0,3,6,1550.0,0,1954,0,98126,47.5222,-122.375,1220,7740
1026069061,20150129T000000,682000.0,4,2.5,3600,203425,2.0,0,0,3,9,3400.0,200,1979,0,98077,47.7597,-122.018,3150,202989
8819900055,20150330T000000,503000.0,2,1.0,870,4280,1.0,0,2,4,6,870.0,0,1921,0,98105,47.6697,-122.29,1750,4280
9407101380,20141230T000000,189000.0,3,2.0,1460,11481,1.0,0,0,2,7,1170.0,290,1995,0,98045,47.4493,-121.777,1540,9680
5561401530,20141029T000000,550000.0,1,1.5,1900,40600,1.5,0,0,5,9,1450.0,450,1977,0,98027,47.4718,-122.009,2920,40427
8035350120,20150224T000000,515000.0,3,2.5,3020,12184,2.0,0,0,3,8,3020.0,0,2003,0,98019,47.744,-121.976,2980,10029
9839301060,20150406T000000,650500.0,3,1.75,1740,4400,1.5,0,0,3,8,1740.0,0,1903,0,98122,47.6115,-122.292,1740,4400
3904960150,20150423T000000,535000.0,3,2.5,1970,6634,2.0,0,0,3,8,1970.0,0,1989,0,98029,47.5759,-122.012,2090,6176
1424200070,20140507T000000,1110000.0,4,1.5,2310,13300,1.0,0,0,3,7,1890.0,420,1950,0,98004,47.6232,-122.21,2840,12744
4112100101,20150219T000000,415000.0,6,2.0,2500,5200,1.0,0,0,3,8,1250.0,1250,1966,0,98118,47.5517,-122.268,1800,5200
5651500140,20140617T000000,272000.0,3,2.0,1380,7476,1.0,0,0,3,7,1380.0,0,1989,0,98001,47.3336,-122.272,1600,7227
282500010,20150107T000000,685000.0,4,2.25,3133,16197,2.0,0,0,3,9,2533.0,600,1965,2010,98166,47.4255,-122.338,3090,15588
6143600580,20140505T000000,184000.0,3,1.75,1490,10125,1.0,0,0,4,7,1490.0,0,1962,0,98001,47.3075,-122.284,2488,4981
2520069100,20141016T000000,275000.0,4,2.0,1960,30480,1.0,0,2,4,7,1060.0,900,1972,0,98022,47.1924,-121.988,1460,8914
2310110120,20140808T000000,365000.0,3,2.5,2190,5091,2.0,0,0,3,8,2190.0,0,2004,0,98038,47.3506,-122.039,2200,5948
9528104109,20141027T000000,530000.0,3,2.5,1365,1090,3.0,0,0,3,7,1315.0,50,2003,0,98115,47.6776,-122.324,1360,1124
8089510170,20141027T000000,935000.0,5,4.5,4230,9701,2.0,0,0,3,10,4230.0,0,1999,0,98006,47.5444,-122.131,4130,12253
1923069078,20140805T000000,890000.0,4,3.25,3180,194278,2.0,0,0,3,10,3180.0,0,2005,0,98059,47.4711,-122.084,2200,178160
7806210400,20140929T000000,255000.0,5,1.75,1970,8925,1.0,0,0,5,7,1170.0,800,1977,0,98002,47.2925,-122.196,1910,8025
3216900070,20140617T000000,382500.0,4,2.5,2210,7079,2.0,0,0,3,8,2210.0,0,1993,0,98031,47.4206,-122.183,1970,7000
9828202215,20140905T000000,665000.0,4,3.0,2160,4400,1.0,0,0,5,7,1320.0,840,1921,0,98122,47.6163,-122.293,1430,4400
1330910280,20150427T000000,864000.0,4,2.5,3720,105850,2.0,0,0,4,10,3720.0,0,1984,0,98053,47.655,-122.029,2830,88256
7625702437,20150115T000000,389000.0,3,2.5,1350,874,3.0,0,0,3,8,1270.0,80,2006,0,98136,47.5491,-122.387,1350,886
418000010,20150422T000000,227450.0,2,1.0,660,6509,1.0,0,0,4,5,660.0,0,1952,0,98056,47.4938,-122.171,970,5713
9540100060,20140926T000000,330000.0,3,1.75,1590,9417,1.0,0,0,4,7,1590.0,0,1954,0,98177,47.7617,-122.36,1600,9272
7853302110,20150406T000000,469900.0,3,2.5,2270,4399,2.0,0,0,3,7,2270.0,0,2007,0,98065,47.5415,-121.884,2060,4399
9272201318,20150414T000000,540000.0,3,2.0,1580,1972,2.5,0,2,3,8,1180.0,400,2007,0,98116,47.5903,-122.386,1500,1908
8081010040,20140911T000000,1150000.0,3,2.5,3160,24437,1.0,0,3,3,11,2160.0,1000,1991,0,98006,47.5531,-122.131,3990,11977
5101404170,20141113T000000,200000.0,1,0.75,680,9600,1.0,0,0,3,5,680.0,0,1947,0,98115,47.6964,-122.306,1580,6624
3546000630,20140826T000000,289000.0,3,2.5,2110,8304,1.0,0,0,4,7,2110.0,0,1985,0,98030,47.3558,-122.173,1680,7508
5416500950,20150309T000000,428900.0,4,2.5,2820,5056,2.0,0,0,3,9,2820.0,0,2006,0,98038,47.3591,-122.038,2820,5150
2887700140,20140707T000000,588000.0,3,2.0,1860,4777,2.0,0,0,5,7,1860.0,0,1908,0,98115,47.6892,-122.311,1580,3822
5643600351,20140806T000000,257000.0,4,1.75,1900,22896,1.5,0,0,3,7,1360.0,540,1922,1990,98010,47.3102,-122.023,1300,8960
321030150,20150506T000000,358000.0,3,2.5,2026,7611,2.0,0,0,3,8,2026.0,0,2010,0,98042,47.3733,-122.162,2270,7611
5149300400,20150206T000000,311750.0,4,2.25,2270,12000,1.0,0,0,4,7,1290.0,980,1976,0,98023,47.3287,-122.353,2030,23980
8850000509,20140923T000000,525000.0,2,1.5,1620,1444,2.0,0,0,3,9,1080.0,540,2007,0,98144,47.5892,-122.309,1660,1642
726059047,20141216T000000,310000.0,1,1.0,920,8282,1.5,0,0,3,6,920.0,0,1944,1980,98011,47.761,-122.214,2260,14025
7129303180,20141002T000000,310000.0,3,2.0,1290,6150,1.0,0,1,5,6,1290.0,0,1950,0,98118,47.5181,-122.257,1960,6150
2946001950,20150505T000000,248000.0,3,1.0,1260,6000,1.0,0,0,4,6,1260.0,0,1954,0,98198,47.4187,-122.323,1520,6600
7853302370,20140505T000000,499000.0,4,2.5,2910,6479,2.0,0,0,3,7,2910.0,0,2006,0,98065,47.5402,-121.887,2320,5178
3810000202,20140905T000000,251700.0,3,2.25,1810,11800,1.0,0,0,3,7,1240.0,570,1977,0,98178,47.4997,-122.231,1810,5641
2472950170,20150507T000000,365000.0,3,2.25,2860,8458,2.0,0,0,3,7,2860.0,0,1983,0,98058,47.4269,-122.148,1760,8458
1310980580,20150319T000000,374900.0,5,2.75,2980,8500,1.0,0,0,3,8,1540.0,1440,1982,0,98032,47.3641,-122.278,2310,8500
1777600230,20140506T000000,610000.0,4,3.0,2450,10117,1.0,0,0,5,8,1580.0,870,1967,0,98006,47.5694,-122.132,2530,10125
6669020490,20140812T000000,320000.0,4,2.25,2190,9020,2.0,0,0,3,8,2190.0,0,1978,0,98032,47.3742,-122.284,2170,8400
5104540500,20140624T000000,589950.0,4,2.5,3190,8195,2.0,0,0,3,10,3190.0,0,2006,0,98038,47.3555,-122.003,3400,7607
3586500630,20140924T000000,850000.0,2,1.75,2170,25732,1.0,0,2,4,8,2170.0,0,1952,0,98177,47.7542,-122.372,3020,23135
5469700260,20140903T000000,340000.0,4,2.25,2530,24700,2.0,0,0,3,7,2530.0,0,1974,0,98031,47.3939,-122.177,2650,24700
1604601801,20150217T000000,539000.0,3,2.75,2130,1400,2.0,0,0,3,9,1080.0,1050,2010,0,98118,47.5661,-122.29,1520,3132
8665900295,20150423T000000,439500.0,3,2.5,1600,6510,1.0,0,0,3,7,940.0,660,1983,0,98155,47.7679,-122.308,1600,10507
2560805630,20140923T000000,242500.0,3,2.25,1770,10000,1.0,0,0,3,7,1340.0,430,1978,0,98198,47.3814,-122.322,1270,5055
4310702440,20141014T000000,355000.0,3,2.0,1480,2502,2.0,0,0,3,7,1480.0,0,1991,0,98103,47.6969,-122.338,1850,5000
4365200895,20150417T000000,364000.0,4,1.0,1210,7740,1.5,0,0,3,7,1210.0,0,1922,0,98126,47.5216,-122.374,1100,7740
1494300040,20140624T000000,437000.0,4,2.5,1890,8505,1.0,0,0,3,8,1290.0,600,1980,0,98052,47.6796,-122.115,1720,9600
8682320350,20140709T000000,741500.0,2,2.5,2150,5760,1.0,0,0,3,8,2150.0,0,2010,0,98053,47.7094,-122.018,1640,4680
9528104660,20140827T000000,905000.0,4,3.5,2980,3000,2.0,0,0,3,9,2340.0,640,2008,0,98115,47.6768,-122.326,1810,4545
5259800090,20150427T000000,210000.0,3,2.25,1430,9150,1.0,0,0,3,7,1070.0,360,1984,0,98023,47.3239,-122.35,1430,6364
2372800050,20140521T000000,220000.0,3,1.0,1060,9126,1.0,0,2,5,7,1060.0,0,1956,0,98022,47.201,-121.999,1300,9126
2329600040,20141118T000000,158000.0,3,1.5,990,8925,1.0,0,0,4,7,990.0,0,1962,0,98003,47.3294,-122.331,1360,8625
4025300135,20150508T000000,451000.0,3,1.75,1790,9813,2.0,0,0,3,7,1790.0,0,1949,0,98155,47.749,-122.305,1520,10125
8562740520,20140806T000000,855000.0,5,3.25,3420,5669,2.0,0,0,3,9,2620.0,800,2003,0,98027,47.5366,-122.067,3310,6006
2824600180,20141024T000000,713414.0,3,2.5,2830,6000,1.0,0,3,3,9,1730.0,1100,1954,0,98126,47.5751,-122.378,2040,5300
7011201087,20140804T000000,385000.0,3,1.75,1220,1450,1.0,0,0,3,6,620.0,600,1905,0,98119,47.6361,-122.368,1660,2960
259900160,20150102T000000,748000.0,4,3.5,2770,3330,2.0,0,0,3,8,1970.0,800,2001,0,98052,47.6327,-122.109,2180,3380
1442860120,20141205T000000,363000.0,4,3.0,2250,12142,2.0,0,0,3,8,2250.0,0,1986,0,98058,47.4338,-122.16,2300,9003
1788800080,20140730T000000,184900.0,3,1.0,1040,10080,1.0,0,0,3,6,1040.0,0,1959,0,98023,47.329,-122.343,1000,8736
829000160,20141009T000000,311000.0,5,3.0,2020,5917,1.0,0,0,3,7,1220.0,800,1993,0,98108,47.5482,-122.294,2130,5529
4402700070,20150311T000000,300000.0,2,1.0,1100,7680,1.0,0,0,4,7,1100.0,0,1950,0,98133,47.7439,-122.339,1460,7680
1193000480,20140724T000000,784000.0,4,2.75,3540,7091,1.5,0,1,4,8,1970.0,1570,1947,0,98199,47.6467,-122.394,2200,6000
2622059138,20150416T000000,339000.0,3,1.5,1740,21980,1.0,0,0,4,7,1740.0,0,1973,0,98042,47.3644,-122.132,1400,16100
7849201100,20150217T000000,323000.0,3,1.0,1590,7759,2.0,0,0,4,7,1590.0,0,1912,1984,98065,47.5217,-121.819,1600,7200
7661600206,20150129T000000,262000.0,4,2.5,2070,8685,2.0,0,0,3,7,2070.0,0,2006,0,98188,47.4697,-122.267,2170,9715
6145600955,20141224T000000,329000.0,4,1.0,1120,3844,1.0,0,0,3,7,1120.0,0,1972,0,98133,47.7038,-122.352,1480,3844
4307350200,20150512T000000,347000.0,3,2.5,1680,4308,2.0,0,0,3,7,1680.0,0,2004,0,98056,47.4802,-122.179,2160,4182
1112000125,20140930T000000,463500.0,1,1.0,1090,8750,1.0,0,0,4,6,1090.0,0,1924,0,98118,47.54,-122.269,1830,5000
1026069163,20150422T000000,630000.0,3,2.5,2460,38794,2.0,0,0,3,9,2460.0,0,1999,0,98077,47.7602,-122.022,2470,51400
7015200615,20140529T000000,820000.0,4,2.25,2280,6660,1.5,0,2,3,8,1960.0,320,1940,1984,98119,47.6503,-122.368,1720,5336
9533100285,20140630T000000,2065000.0,4,3.75,4350,7965,2.0,0,0,3,10,4350.0,0,2013,0,98004,47.6289,-122.205,2190,8557
8635751120,20140519T000000,611000.0,4,2.5,2460,4200,2.0,0,0,3,8,2460.0,0,1998,0,98074,47.6031,-122.021,2330,4200
1777600210,20150217T000000,590000.0,4,2.25,2530,10611,1.0,0,0,5,8,1320.0,1210,1977,0,98006,47.5698,-122.132,2530,10125
1099760230,20150107T000000,291000.0,3,2.25,1480,7200,1.0,0,0,3,7,1190.0,290,1975,0,98023,47.3037,-122.375,1830,7200
2428100070,20140918T000000,914154.0,3,3.5,2940,6431,2.0,0,0,3,10,2940.0,0,2014,0,98075,47.5818,-122.047,2760,6695
2895730280,20140828T000000,995000.0,5,3.25,4130,7197,2.0,0,0,3,10,4130.0,0,2012,0,98074,47.6022,-122.06,3730,7202
5126310400,20150305T000000,480000.0,4,2.5,2600,7787,2.0,0,0,3,8,2600.0,0,2005,0,98059,47.4877,-122.139,2830,7787
7942100310,20150127T000000,232000.0,3,1.75,1300,11230,1.0,0,0,5,7,1300.0,0,1968,0,98042,47.3811,-122.087,1300,10794
2624049050,20150213T000000,338000.0,2,1.0,1470,5566,1.0,0,0,4,7,770.0,700,1919,0,98118,47.5348,-122.269,1410,5808
1861100267,20140918T000000,580000.0,3,2.75,1430,1521,2.0,0,0,3,9,1130.0,300,2009,0,98119,47.6353,-122.371,1930,2700
1870400470,20141113T000000,637800.0,4,1.75,2250,4750,1.5,0,0,4,7,1420.0,830,1924,0,98115,47.6738,-122.292,1930,4750
1796350570,20140521T000000,195000.0,3,1.75,1380,7350,1.0,0,0,3,7,990.0,390,1981,0,98042,47.369,-122.093,1660,8400
1424100100,20140610T000000,183000.0,3,1.75,1330,9200,1.0,0,0,4,7,1330.0,0,1973,0,98092,47.2916,-122.185,1590,9200
2895600350,20141103T000000,375000.0,3,1.0,1780,5236,1.5,0,0,5,6,1050.0,730,1944,0,98146,47.5119,-122.386,1260,5320
5315100393,20141211T000000,670000.0,3,1.0,1600,16868,1.0,0,1,3,7,990.0,610,1946,0,98040,47.5872,-122.241,2600,12735
4358700164,20141113T000000,260000.0,2,1.5,980,1296,2.0,0,0,3,7,840.0,140,2001,0,98133,47.7075,-122.336,1100,1228
6415100410,20140609T000000,440000.0,3,1.75,2240,8153,1.0,0,0,3,7,1120.0,1120,1948,0,98125,47.7303,-122.329,1710,8100
2588800006,20141021T000000,240000.0,3,1.5,1290,8366,1.0,0,0,3,7,1020.0,270,1957,0,98168,47.4853,-122.318,1770,8400
3574800090,20141202T000000,446950.0,5,2.5,2250,7945,1.0,0,0,4,7,1360.0,890,1977,0,98034,47.7316,-122.221,1820,7866
7212680020,20141219T000000,299500.0,3,1.75,1820,8813,2.0,0,0,3,7,1820.0,0,1994,0,98003,47.2622,-122.303,1780,7349
8127700440,20141211T000000,654000.0,3,2.5,2570,5500,1.0,0,0,4,7,1320.0,1250,1961,0,98199,47.6417,-122.397,1460,6250
7183000120,20140812T000000,380000.0,4,2.5,2500,11070,1.0,0,2,4,8,1300.0,1200,1964,0,98003,47.336,-122.334,2500,11070
9368700270,20150401T000000,137900.0,3,1.75,1160,5082,1.0,0,0,3,6,580.0,580,1942,0,98178,47.503,-122.262,1730,6000
9406590250,20150224T000000,293000.0,4,2.25,1870,5371,2.0,0,0,3,7,1870.0,0,2009,0,98038,47.3844,-122.036,2380,4502
3758900075,20140507T000000,1532500.0,5,4.5,4270,8076,2.0,0,0,3,11,3400.0,870,2007,0,98033,47.699,-122.206,4100,10631
2122059198,20140825T000000,335000.0,4,2.5,2370,6000,2.0,0,0,3,8,2370.0,0,2001,0,98030,47.3732,-122.179,2190,6070
1726069198,20140918T000000,850000.0,3,2.5,3260,91911,2.0,0,0,4,9,3260.0,0,1984,0,98077,47.737,-122.074,2520,65775
9477201470,20141022T000000,379950.0,3,1.0,1270,6900,1.0,0,0,3,7,1270.0,0,1977,0,98034,47.7279,-122.192,1480,7280
6802200230,20150209T000000,220000.0,3,2.5,1430,9044,2.0,0,0,3,7,1430.0,0,1991,0,98022,47.1956,-121.986,1580,8624
9406550060,20141002T000000,339500.0,4,2.5,1930,7862,2.0,0,0,3,7,1930.0,0,1994,0,98038,47.3644,-122.04,1640,9145
3342100780,20140709T000000,583000.0,3,2.5,2600,5100,2.0,0,1,3,8,2600.0,0,1998,0,98056,47.5175,-122.205,2270,5400
2346800270,20150106T000000,555000.0,3,3.0,2920,23085,1.5,0,2,3,7,1540.0,1380,1908,0,98136,47.5159,-122.395,2270,18180
3622059088,20140513T000000,450000.0,3,2.25,2450,42180,1.0,0,0,4,7,2450.0,0,1978,2000,98042,47.3549,-122.111,1440,42180
3886902870,20140527T000000,800000.0,4,2.5,2680,7200,1.0,0,0,3,8,1380.0,1300,1952,2013,98033,47.6835,-122.187,1950,8520
2817850290,20141201T000000,258000.0,3,2.0,1790,7879,1.5,0,0,3,7,1790.0,0,1998,0,98001,47.2634,-122.289,1790,7879
8078390150,20140626T000000,675750.0,4,2.5,2770,10274,2.0,0,0,3,9,2770.0,0,1989,0,98029,47.5748,-122.018,2270,7210
5127000470,20150305T000000,292000.0,3,2.25,1780,9720,1.0,0,0,3,8,1280.0,500,1981,0,98059,47.4762,-122.156,1710,9790
8691300860,20150421T000000,851000.0,4,2.5,3130,13202,2.0,0,0,3,10,3130.0,0,1996,0,98075,47.5878,-121.976,2840,10470
2966800010,20141120T000000,297000.0,4,1.75,1790,5341,1.0,0,0,4,7,1050.0,740,1951,0,98166,47.4663,-122.363,1540,6916
7856620210,20140808T000000,812500.0,4,2.75,2810,10300,1.0,0,0,4,9,1810.0,1000,1978,0,98006,47.5626,-122.149,2710,9900
9542840570,20150401T000000,305000.0,4,2.5,1620,4000,2.0,0,0,3,7,1620.0,0,2008,0,98038,47.3661,-122.02,1580,3780
3876310860,20150330T000000,350000.0,4,1.75,2310,9002,1.0,0,0,3,7,1780.0,530,1970,0,98034,47.731,-122.166,2090,8814
5104220120,20150107T000000,320000.0,4,1.75,1710,10480,1.5,0,0,4,6,1710.0,0,1969,0,98059,47.4743,-122.143,1750,10480
2475200140,20150205T000000,370000.0,3,2.0,1680,5036,1.0,0,1,4,7,1680.0,0,1987,0,98055,47.4734,-122.186,1680,4921
7950302255,20150324T000000,404500.0,2,2.0,1320,3060,1.5,0,0,4,6,1320.0,0,1910,0,98118,47.5643,-122.284,1410,3264
2326300090,20140604T000000,865000.0,3,1.75,2090,4725,2.0,0,0,3,7,1610.0,480,1947,2013,98199,47.657,-122.394,1280,4725
3793700210,20140613T000000,299000.0,3,1.75,1180,13927,1.0,0,0,5,7,1180.0,0,1962,0,98059,47.4818,-122.094,1400,13173
4006000401,20140811T000000,140000.0,2,1.0,900,6400,1.0,0,0,2,6,900.0,0,1940,0,98118,47.5287,-122.281,1350,6405
1760650950,20150423T000000,309000.0,3,2.5,1950,3825,2.0,0,0,3,7,1950.0,0,2013,0,98042,47.3588,-122.082,1950,3825
9808640040,20150306T000000,850000.0,3,2.5,2340,1919,2.0,0,2,4,9,2340.0,0,1981,0,98033,47.6512,-122.203,2415,2166
1853080850,20140606T000000,837219.0,5,2.75,3030,7679,2.0,0,0,3,9,3030.0,0,2014,0,98074,47.593,-122.057,3080,6341
3971700903,20150122T000000,422250.0,3,1.75,1650,7145,2.0,0,0,5,8,1300.0,350,1977,0,98155,47.7733,-122.324,1760,7206
9164100105,20150310T000000,570000.0,3,1.0,1700,4750,1.5,0,0,4,6,1200.0,500,1909,0,98117,47.6819,-122.389,1550,4750
2459000020,20141125T000000,258000.0,4,3.0,2710,7199,1.0,0,0,4,7,1710.0,1000,1967,0,98030,47.3789,-122.213,2070,9271
2422049104,20141230T000000,235000.0,2,1.0,830,9000,1.0,0,0,3,6,830.0,0,1939,0,98032,47.3813,-122.243,1160,7680
8722101360,20141202T000000,780000.0,3,1.0,1660,4400,1.5,0,0,3,8,1460.0,200,1911,0,98112,47.6362,-122.302,1660,4400
2023069059,20141030T000000,790000.0,3,3.0,2840,206910,2.0,0,0,3,10,2840.0,0,1999,0,98059,47.469,-122.063,2070,25067
1025069192,20141105T000000,929000.0,4,3.25,4030,57499,2.0,0,0,3,9,4030.0,0,2002,0,98053,47.6617,-122.026,3470,57499
1320069179,20141104T000000,397000.0,3,2.0,1710,134489,1.0,0,2,5,7,1710.0,0,1952,0,98022,47.2207,-121.984,1700,63823
3886902950,20140911T000000,860000.0,4,3.5,3380,8098,1.0,0,1,5,9,1690.0,1690,1952,0,98033,47.6839,-122.19,1890,8400
7504021510,20141219T000000,750000.0,4,2.25,3140,12150,2.0,0,0,3,9,3140.0,0,1979,0,98074,47.6361,-122.047,2370,12054
9307300100,20140519T000000,485000.0,3,1.0,1500,4100,1.5,0,0,3,7,1370.0,130,1926,0,98107,47.6689,-122.367,1500,4100
1438000440,20140724T000000,515805.0,5,2.75,2710,4136,2.0,0,0,3,8,2710.0,0,2014,0,98059,47.4786,-122.123,2590,4136
8886000005,20150309T000000,649000.0,2,2.75,2090,23962,2.0,0,3,4,8,2090.0,0,1988,0,98070,47.4145,-122.44,1820,32340
4024100951,20150105T000000,420000.0,7,3.0,2940,8624,1.0,0,0,3,8,1690.0,1250,1977,0,98155,47.7555,-122.307,1850,8031
7137970210,20150327T000000,289999.0,3,2.0,1490,9285,1.0,0,0,3,8,1490.0,0,1995,0,98092,47.3248,-122.169,2040,6681
5416500090,20140724T000000,269000.0,3,2.5,1440,3800,2.0,0,0,3,7,1440.0,0,2005,0,98038,47.3606,-122.039,1890,3819
5540800100,20150511T000000,245000.0,3,1.0,910,6630,1.0,0,0,4,6,910.0,0,1912,0,98103,47.6947,-122.346,950,5100
8127700132,20150326T000000,1236300.0,5,3.5,3180,4628,2.0,0,0,3,10,2420.0,760,2001,0,98199,47.6423,-122.394,2060,4640
924069042,20141125T000000,775000.0,3,2.0,1160,13747,1.0,0,0,5,5,580.0,580,1931,0,98075,47.585,-122.051,2961,16320
2154900040,20141030T000000,194250.0,3,2.25,2190,8834,1.0,0,0,3,7,1390.0,800,1987,0,98001,47.2633,-122.244,1490,8766
9547200790,20140917T000000,518000.0,3,1.75,1830,4500,1.5,0,0,4,7,1830.0,0,1909,0,98115,47.676,-122.308,1830,4080
3026059363,20141031T000000,575000.0,3,3.5,2514,1559,2.0,0,0,3,8,2024.0,490,2007,0,98034,47.7044,-122.209,2090,10454
952000495,20150402T000000,598000.0,4,2.5,2420,5118,1.5,0,2,5,7,1550.0,870,1926,0,98126,47.5671,-122.378,1740,5750
3825310540,20141121T000000,640000.0,4,2.5,2260,5172,2.0,0,0,3,9,2260.0,0,2004,0,98052,47.7047,-122.128,2680,5172
9417400215,20140731T000000,363000.0,2,1.0,820,4880,1.0,0,0,4,6,820.0,0,1925,0,98136,47.5483,-122.394,1320,4880
6190000035,20140715T000000,925000.0,5,3.0,3850,9457,2.0,0,0,4,9,2910.0,940,1963,0,98177,47.727,-122.362,2830,9608
3885805640,20140704T000000,625000.0,3,1.5,1300,7200,1.0,0,0,5,7,1300.0,0,1960,0,98033,47.6821,-122.196,2280,7200
7888700030,20140825T000000,605000.0,3,2.5,2960,18600,2.0,0,0,3,8,2960.0,0,1979,0,98166,47.4358,-122.344,2740,15681
4206901550,20140602T000000,550000.0,3,2.5,1840,3035,1.0,0,0,3,7,920.0,920,1926,0,98105,47.6557,-122.327,1780,4000
2344300220,20140714T000000,1100000.0,4,3.5,2210,7597,1.0,0,0,4,9,1550.0,660,1977,2006,98004,47.5816,-122.197,2370,8811
3223049158,20150417T000000,222200.0,2,1.0,1210,10000,1.0,0,0,3,7,1210.0,0,1953,0,98148,47.4402,-122.333,1620,10959
8651400580,20140920T000000,195000.0,3,1.5,1050,5525,1.0,0,0,5,6,1050.0,0,1969,0,98042,47.3608,-122.083,1100,5200
3034200399,20150113T000000,635000.0,4,2.5,2720,7991,2.0,0,0,3,9,2720.0,0,2006,0,98133,47.7168,-122.331,1590,8611
1450900020,20141003T000000,268000.0,3,2.0,1610,8416,1.0,0,0,3,7,1610.0,0,1994,0,98031,47.397,-122.187,1600,8308
1565100010,20150327T000000,225000.0,3,2.25,1590,9200,1.0,0,0,4,7,1110.0,480,1979,0,98092,47.2917,-122.184,1880,9200
4013800131,20140807T000000,267500.0,2,1.0,1747,12250,2.5,0,0,4,6,1747.0,0,1948,0,98001,47.3282,-122.285,1620,10300
4136960010,20150327T000000,480000.0,5,3.5,3480,12821,2.0,0,2,3,10,2890.0,590,2004,0,98092,47.2641,-122.215,3400,9870
5089700750,20140509T000000,320000.0,4,2.25,2310,7490,2.0,0,0,3,8,2310.0,0,1980,0,98055,47.4379,-122.192,2310,8480
6154500030,20140626T000000,1080000.0,4,3.5,3990,5267,2.0,0,0,3,10,3990.0,0,2008,0,98006,47.5641,-122.124,3230,6481
7227501765,20150323T000000,265000.0,4,1.75,1430,5490,1.0,0,0,5,6,1430.0,0,1942,0,98056,47.494,-122.184,1030,5900
7936000252,20150511T000000,521000.0,2,1.0,1050,7500,1.5,0,3,4,6,1050.0,0,1910,0,98116,47.5577,-122.399,2540,13680
8861700110,20140714T000000,490000.0,4,2.25,1960,10275,2.0,0,0,3,7,1960.0,0,1965,0,98052,47.6887,-122.124,1560,10275
6708200040,20140507T000000,409500.0,4,2.75,2140,13000,1.0,0,0,3,7,1320.0,820,1968,0,98028,47.7683,-122.252,2360,11000
8562900710,20140711T000000,483000.0,3,3.0,2440,15540,2.0,0,0,3,9,2440.0,0,1992,0,98074,47.6104,-122.06,2440,15283
4219400580,20140612T000000,1688000.0,4,2.5,3000,7500,2.0,0,0,3,9,3000.0,0,1937,1994,98105,47.6571,-122.277,2580,5000
2125059124,20140602T000000,955000.0,3,2.25,3020,43560,2.0,0,0,3,10,2720.0,300,1969,0,98005,47.6456,-122.173,3910,43560
3125079013,20150430T000000,1065000.0,3,2.5,3970,263538,1.5,0,0,3,9,3970.0,0,1991,0,98024,47.6067,-121.952,3970,194676
1338600175,20140507T000000,940000.0,4,2.25,1890,5940,1.0,0,1,3,9,1470.0,420,1963,0,98112,47.6316,-122.303,2430,5940
5535600110,20140618T000000,515500.0,4,2.5,2920,7700,2.0,0,0,3,9,2920.0,0,2003,0,98019,47.7351,-121.975,2920,8943
3825310820,20140729T000000,799000.0,4,2.5,3400,6742,2.0,0,0,3,9,3400.0,0,2004,0,98052,47.7067,-122.129,2970,6909
1061400360,20140701T000000,280000.0,3,1.0,1090,10710,1.0,0,0,4,7,1090.0,0,1962,0,98056,47.5,-122.169,1090,10440
8001600150,20150310T000000,300000.0,3,1.5,1810,8232,1.0,0,0,3,8,1810.0,0,1988,0,98001,47.3195,-122.273,2260,8491
1796370590,20150305T000000,255000.0,3,2.0,1490,7599,1.0,0,0,3,7,1490.0,0,1990,0,98042,47.3687,-122.088,1560,7710
8564950250,20150107T000000,528000.0,3,2.5,2810,4932,2.0,0,0,3,8,2810.0,0,2003,0,98011,47.7739,-122.227,2470,4919
2473460060,20150422T000000,349000.0,3,1.75,1740,7682,1.0,0,0,3,8,1330.0,410,1978,0,98058,47.4451,-122.126,2010,8820
4073200575,20141201T000000,460000.0,2,1.0,1430,12092,1.0,0,0,4,7,1430.0,0,1938,0,98125,47.7023,-122.276,2320,10800
9560800290,20140814T000000,440000.0,3,2.5,2060,11231,2.0,0,0,3,8,2060.0,0,1987,0,98072,47.7571,-122.141,2140,10224
7200001608,20140701T000000,540000.0,4,2.5,2180,10140,1.0,0,0,4,7,1180.0,1000,1968,0,98052,47.6822,-122.111,1840,9375
9558200210,20150217T000000,290000.0,3,1.0,1240,9300,1.0,0,0,3,7,1240.0,0,1954,0,98148,47.4363,-122.333,1250,9300
4454800060,20140626T000000,450000.0,2,1.75,840,3340,1.0,0,0,3,6,700.0,140,1912,0,98107,47.6692,-122.359,1700,3980
2301400470,20140908T000000,635000.0,3,1.75,1530,5000,1.0,0,2,3,7,1020.0,510,1948,0,98117,47.6806,-122.36,1530,5000
4058801702,20150206T000000,800000.0,4,2.5,4940,10037,1.0,0,4,3,9,3450.0,1490,1953,0,98178,47.5095,-122.247,2430,9272
1818800289,20150121T000000,795000.0,3,2.75,1820,7517,1.0,0,0,3,9,1820.0,0,1997,0,98116,47.5705,-122.406,2540,8035
1446404015,20140620T000000,200000.0,2,1.0,860,6600,1.0,0,0,5,6,860.0,0,1949,0,98168,47.4878,-122.324,1030,6732
7203101590,20150108T000000,305000.0,2,1.0,1290,3383,2.0,0,0,3,7,1290.0,0,2008,0,98053,47.6968,-122.025,1290,2828
4139440100,20150128T000000,810000.0,3,2.5,2610,8481,2.0,0,0,3,10,2610.0,0,1993,0,98006,47.5535,-122.115,3140,10008
1442800370,20150415T000000,189950.0,2,1.0,1030,4188,1.0,0,0,3,8,1030.0,0,1981,0,98038,47.3738,-122.057,1450,3376
2021000180,20150310T000000,380000.0,4,2.5,3120,5001,2.0,0,0,3,9,3120.0,0,2005,0,98023,47.2779,-122.349,3120,5244
8961970190,20140512T000000,647000.0,4,2.5,3040,6887,2.0,0,0,3,8,3040.0,0,1999,0,98074,47.6073,-122.015,2790,7196
9269750460,20140519T000000,247000.0,3,2.25,1580,7941,2.0,0,0,4,7,1580.0,0,1986,0,98023,47.2843,-122.357,1730,8051
9476200020,20150306T000000,254000.0,3,1.0,1010,7384,1.0,0,2,5,6,1010.0,0,1943,0,98056,47.4905,-122.191,1010,8000
1788700070,20140627T000000,170000.0,2,1.0,810,8424,1.0,0,0,4,6,810.0,0,1959,0,98023,47.3286,-122.346,820,8424
7522500005,20140815T000000,555000.0,2,1.5,1780,4750,1.0,0,0,4,7,1080.0,700,1947,0,98117,47.6859,-122.395,1690,5962
1026069044,20141010T000000,785000.0,4,2.25,3200,53357,2.0,0,0,4,9,3200.0,0,1972,0,98077,47.755,-122.035,2650,54014
818100030,20141204T000000,310000.0,4,2.5,1930,7014,2.0,0,0,3,8,1930.0,0,1994,0,98042,47.3921,-122.163,1990,7920
8651400750,20141028T000000,209950.0,3,1.75,1100,5525,1.0,0,0,5,6,1100.0,0,1968,0,98042,47.3625,-122.084,1050,5200
1934800162,20150511T000000,386180.0,2,1.5,960,1829,2.0,0,0,3,7,960.0,0,2005,0,98122,47.6032,-122.308,1470,1829
1823059223,20140520T000000,291000.0,3,1.75,1560,9788,1.0,0,0,3,7,1560.0,0,1964,0,98178,47.4876,-122.226,1840,11180
1736100090,20141214T000000,339888.0,3,1.0,1040,7490,1.0,0,0,3,7,1040.0,0,1969,0,98034,47.7137,-122.213,1520,7410
1442740010,20141107T000000,465000.0,4,2.5,2590,16437,2.0,0,0,3,8,2590.0,0,1986,0,98038,47.3714,-122.059,2320,15625
1830300090,20150401T000000,670000.0,5,3.0,2520,13001,2.0,0,1,3,8,2010.0,510,1973,0,98008,47.6385,-122.114,2170,8215
1591600506,20150225T000000,479000.0,4,2.25,2270,9464,1.5,0,0,4,7,1520.0,750,1940,0,98146,47.5007,-122.359,1770,9464
2619920110,20141230T000000,825000.0,4,2.5,3220,5262,2.0,0,0,3,9,3220.0,0,2003,0,98033,47.6878,-122.162,3220,4921
2523069156,20141203T000000,520000.0,3,2.25,2510,43995,2.0,0,0,3,8,2510.0,0,1981,0,98027,47.4545,-121.988,2470,48351
2877102495,20150429T000000,445000.0,3,1.5,860,3200,1.0,0,0,3,6,860.0,0,1929,0,98117,47.6791,-122.362,1220,4300
798000342,20140815T000000,300000.0,3,2.5,1830,12750,2.0,0,0,3,7,1830.0,0,1991,0,98168,47.5003,-122.328,1610,10000
4189800020,20140820T000000,367500.0,3,1.0,1570,10050,1.0,0,0,3,7,1570.0,0,1963,0,98028,47.736,-122.231,2540,9940
1426049054,20140701T000000,450000.0,3,1.75,1400,13775,1.0,0,0,3,8,1400.0,0,1963,0,98028,47.7413,-122.259,2200,10450
3222069153,20141024T000000,286900.0,3,2.25,1720,17235,1.0,0,0,4,7,1440.0,280,1974,0,98042,47.3438,-122.073,1990,35048
4178500100,20140723T000000,282500.0,3,2.25,1670,7150,2.0,0,0,4,7,1670.0,0,1990,0,98042,47.3603,-122.088,1570,7040
2726079061,20140507T000000,535000.0,3,1.75,2720,149410,1.5,0,0,3,9,2720.0,0,1988,0,98014,47.7092,-121.892,2560,149410
2787700060,20150115T000000,420000.0,3,2.5,1810,7210,1.0,0,0,5,7,1210.0,600,1968,0,98059,47.5067,-122.163,1770,7210
7625700935,20140605T000000,875000.0,3,3.5,3250,6000,2.0,0,0,3,10,2500.0,750,2001,0,98136,47.5533,-122.391,1650,6000
6072650250,20150424T000000,555000.0,4,2.25,2220,8125,1.0,0,0,4,8,1450.0,770,1965,0,98006,47.5429,-122.177,1980,8700
185000161,20141015T000000,261000.0,3,1.0,1780,7800,1.0,0,0,3,7,1060.0,720,1957,0,98178,47.4932,-122.263,1450,7800
631000040,20150331T000000,548000.0,4,1.75,1690,7794,1.0,0,0,3,7,1090.0,600,1968,0,98033,47.6888,-122.203,1380,7325
3034200197,20140903T000000,549000.0,2,1.0,1510,11165,1.5,0,0,4,7,1510.0,0,1921,0,98133,47.7212,-122.331,2210,8851
1952200240,20140611T000000,850830.0,3,2.5,2070,13241,1.5,0,0,5,9,1270.0,800,1910,0,98102,47.6415,-122.315,2200,4500
486000597,20140811T000000,1047500.0,3,2.25,2930,7005,3.0,0,2,3,9,2670.0,260,1999,0,98117,47.6763,-122.404,2450,6460
4423100095,20140523T000000,670500.0,4,2.0,1590,6750,1.0,0,0,3,7,1590.0,0,1951,0,98102,47.6406,-122.317,2370,4500
1774230300,20150306T000000,615000.0,3,2.5,2980,43301,1.0,0,0,4,8,1930.0,1050,1978,0,98077,47.7631,-122.093,2890,35915
1873100490,20150502T000000,760000.0,4,2.5,3520,8095,2.0,0,0,3,9,3520.0,0,2006,0,98052,47.7065,-122.109,2460,4676
5466750140,20150427T000000,270000.0,3,2.25,1420,7800,1.0,0,0,4,7,1130.0,290,1985,0,98042,47.3598,-122.157,1460,7800
8651480090,20150327T000000,692000.0,4,2.5,2350,9779,1.0,0,0,3,10,2350.0,0,1987,0,98074,47.6411,-122.065,2700,10441
2310060230,20141010T000000,272000.0,4,2.25,1800,5555,2.0,0,0,3,7,1800.0,0,2003,0,98038,47.3498,-122.052,1810,5669
4232400110,20141111T000000,1125000.0,5,1.75,1910,5640,2.0,0,0,4,9,1910.0,0,1906,0,98112,47.6249,-122.311,2050,5400
7689600215,20141017T000000,202500.0,3,1.0,1120,8576,1.0,0,0,3,6,1120.0,0,1943,0,98178,47.4896,-122.248,1050,8812
2492200256,20141112T000000,357500.0,3,1.0,1000,4080,1.0,0,0,4,7,740.0,260,1945,0,98126,47.5351,-122.381,1480,4080
1926049385,20140729T000000,559950.0,4,2.5,2650,7200,2.0,0,0,3,8,2250.0,400,1979,0,98133,47.7317,-122.354,2110,7269
1774220070,20150507T000000,550000.0,4,2.25,2590,36256,2.0,0,0,3,8,2590.0,0,1978,0,98077,47.769,-122.094,2670,35657
8946390150,20140722T000000,324950.0,4,2.5,2229,5723,2.0,0,0,3,7,2229.0,0,2012,0,98032,47.3693,-122.286,2738,5742
9269750690,20150105T000000,299950.0,4,2.25,1810,7601,1.0,0,0,3,7,1080.0,730,1986,0,98023,47.2857,-122.358,1570,7601
7977201240,20150311T000000,1010000.0,4,3.5,3500,4080,2.0,0,2,3,9,2590.0,910,2004,0,98115,47.6834,-122.292,2430,5100
4167960330,20150109T000000,270000.0,3,2.0,1820,7750,1.0,0,0,3,8,1820.0,0,1992,0,98023,47.3169,-122.352,2080,8084
5409000110,20150506T000000,389000.0,6,4.5,3560,14010,2.0,0,0,3,7,3560.0,0,1989,0,98002,47.3244,-122.217,1710,11116
3760000030,20141030T000000,669950.0,5,2.5,2820,14062,2.0,0,0,4,7,2380.0,440,1960,0,98034,47.7081,-122.215,1910,10392
7349600230,20140729T000000,275000.0,3,2.25,1640,6044,2.0,0,0,3,7,1640.0,0,1996,0,98002,47.2844,-122.205,1600,7418
626049115,20141105T000000,405000.0,4,2.5,2620,8960,1.0,0,0,5,7,1520.0,1100,1955,0,98133,47.7642,-122.335,1880,8960
3705900292,20150428T000000,420000.0,3,2.0,1750,9239,1.0,0,0,3,8,1410.0,340,1989,0,98133,47.7583,-122.339,1720,7874
7787110680,20140923T000000,445000.0,3,2.5,2210,8010,2.0,0,0,3,8,2210.0,0,1998,0,98045,47.4845,-121.775,2430,9600
1232001070,20140814T000000,485000.0,2,1.0,1130,3800,1.0,0,0,4,7,1130.0,0,1916,0,98117,47.6862,-122.378,1470,3800
8838900167,20140509T000000,542500.0,4,2.5,2330,14289,2.0,0,0,4,8,2330.0,0,1978,0,98007,47.5916,-122.148,2210,12823
2922701305,20150402T000000,470000.0,2,1.75,1520,4220,1.0,0,0,4,7,840.0,680,1910,0,98117,47.6876,-122.366,1120,5700
4441300240,20150331T000000,1200000.0,3,2.0,3660,22410,1.0,0,3,4,9,1830.0,1830,1947,0,98117,47.6972,-122.4,2680,8250
3996900295,20141214T000000,358000.0,2,1.0,1140,8340,1.0,0,0,3,7,1140.0,0,1948,0,98155,47.7448,-122.3,1030,8149
1760600009,20140829T000000,229000.0,3,1.0,1030,7800,1.0,0,0,3,7,1030.0,0,1954,0,98168,47.473,-122.324,1630,12664
8714600145,20150401T000000,540000.0,2,1.75,1240,4120,1.0,0,0,4,7,890.0,350,1906,0,98105,47.6689,-122.314,1640,3740
2212900920,20140722T000000,215000.0,4,1.75,1610,9652,1.0,0,0,5,7,1610.0,0,1969,0,98042,47.3281,-122.135,1220,9800
9826701345,20140715T000000,498000.0,3,2.5,1620,2640,2.0,0,0,4,7,1620.0,0,1900,1993,98122,47.6036,-122.305,1370,3840
7853380510,20140603T000000,575000.0,4,2.75,3120,7644,2.0,0,0,3,10,3120.0,0,2010,0,98065,47.5156,-121.884,2980,6050
1338801060,20141204T000000,560000.0,4,1.5,1810,3400,2.0,0,0,3,8,1810.0,0,1926,0,98112,47.6264,-122.302,1770,3600
7974700122,20140610T000000,659500.0,3,1.75,1820,5500,1.0,0,0,4,8,1620.0,200,1957,0,98115,47.6737,-122.283,2330,6050
808300200,20150319T000000,468000.0,4,2.5,3040,20682,2.0,0,0,3,7,3040.0,0,2000,0,98019,47.7245,-121.959,2670,9742
8698600055,20140620T000000,210000.0,2,2.0,1680,5756,2.0,0,0,4,7,1680.0,0,1910,0,98002,47.3065,-122.222,1340,5447
5104510540,20141126T000000,295000.0,3,2.5,1690,4102,2.0,0,0,3,7,1690.0,0,2003,0,98038,47.3552,-122.015,1830,4733
8079040140,20141006T000000,429000.0,3,2.5,1860,11122,2.0,0,0,3,8,1860.0,0,1994,0,98059,47.5062,-122.151,2420,8542
7549802030,20141104T000000,400000.0,4,1.75,1850,6480,1.0,0,0,4,7,1120.0,730,1958,0,98108,47.5525,-122.313,1610,5040
6332940020,20140826T000000,344000.0,5,2.0,2130,8412,1.0,0,0,3,7,1440.0,690,1946,2000,98155,47.7403,-122.318,2310,7474
1424130050,20141216T000000,995000.0,5,4.0,5610,22529,2.0,0,0,3,11,4090.0,1520,1996,0,98072,47.7239,-122.092,3860,24751
9828701565,20150209T000000,375000.0,3,2.0,2240,5200,1.0,0,0,3,7,1630.0,610,1954,0,98112,47.6191,-122.296,1470,3775
1982201465,20141121T000000,475999.0,4,1.75,1880,4175,1.5,0,0,3,7,1090.0,790,1944,0,98107,47.6646,-122.364,1700,3758
9269200520,20141016T000000,310000.0,1,1.0,670,4920,1.0,0,0,3,5,670.0,0,1920,0,98126,47.5342,-122.373,1050,4920
4331000595,20140910T000000,260000.0,3,1.0,1690,13184,1.0,0,0,4,7,1690.0,0,1959,0,98166,47.476,-122.343,1130,13451
8856004415,20150325T000000,168000.0,3,1.0,1150,8000,1.5,0,0,4,6,1150.0,0,1913,1957,98001,47.2749,-122.252,1170,9600
7579200600,20150428T000000,575000.0,3,2.0,1750,5750,1.0,0,2,5,7,870.0,880,1956,0,98116,47.5579,-122.384,1750,5750
3630200480,20140612T000000,680000.0,3,2.5,2570,3600,2.5,0,0,3,9,2570.0,0,2007,0,98027,47.5412,-121.994,2570,3600
3223039181,20140609T000000,585000.0,4,1.75,2470,131790,2.0,0,2,3,8,2470.0,0,1937,0,98070,47.4421,-122.444,1470,92747
372000040,20141003T000000,304000.0,3,1.75,1720,6000,1.0,0,2,3,7,1000.0,720,1954,0,98178,47.4999,-122.223,1690,6000
98300230,20150428T000000,1459000.0,4,4.0,4620,130208,2.0,0,0,3,10,4620.0,0,2014,0,98024,47.5885,-121.939,4620,131007
2473350470,20150511T000000,330000.0,3,1.5,1440,7875,1.0,0,0,4,8,1440.0,0,1968,0,98058,47.4561,-122.148,1800,8964
461002615,20141202T000000,580000.0,5,2.5,2720,5000,1.5,0,0,4,7,1530.0,1190,1939,0,98117,47.6827,-122.376,1210,5000
1823059241,20150408T000000,609000.0,4,3.5,3990,11270,2.0,0,3,3,9,2930.0,1060,2007,0,98055,47.488,-122.225,1980,11328
726049190,20141002T000000,287500.0,3,1.0,1810,7200,1.0,0,0,4,7,1130.0,680,1954,0,98133,47.7493,-122.351,1810,8100
7173700591,20140811T000000,735000.0,3,2.25,2350,6000,1.0,0,0,5,7,1020.0,1330,1948,0,98115,47.6809,-122.305,1570,5000
1117000050,20150313T000000,250000.0,3,2.25,1900,9990,1.0,0,0,3,7,1300.0,600,1961,0,98003,47.3478,-122.298,1900,9990
8820902549,20141119T000000,718000.0,3,1.75,2280,3446,2.0,0,0,3,8,2280.0,0,1949,1991,98125,47.715,-122.282,1610,6670
2459950010,20140722T000000,258000.0,3,2.0,1390,7200,1.0,0,0,3,7,1390.0,0,1996,0,98058,47.434,-122.154,1630,7340
723049434,20150408T000000,369950.0,3,2.5,1930,8254,2.0,0,0,3,7,1930.0,0,2014,0,98146,47.4973,-122.346,1540,8849
3584000400,20141211T000000,172000.0,3,1.0,1340,10260,1.0,0,0,3,7,1340.0,0,1968,0,98003,47.3173,-122.317,1250,8775
9289100170,20141031T000000,569950.0,5,2.75,2510,28185,1.0,0,0,4,7,1600.0,910,1963,0,98155,47.7719,-122.282,2910,14880
1400300055,20150428T000000,425000.0,2,1.0,770,5040,1.0,0,0,3,5,770.0,0,1930,0,98144,47.5964,-122.299,1330,2580
2141310020,20150416T000000,779000.0,5,2.25,2830,7738,2.0,0,0,4,8,2830.0,0,1977,0,98006,47.5582,-122.136,2300,9840
3158500250,20140514T000000,317000.0,3,2.5,1840,5011,2.0,0,0,3,8,1840.0,0,2012,0,98038,47.3555,-122.054,2000,4793
3888100226,20140630T000000,461000.0,3,1.75,3600,8666,2.0,0,0,4,6,2400.0,1200,1948,0,98033,47.6893,-122.167,2290,8200
2771102144,20140502T000000,385000.0,3,3.25,1320,1327,2.0,0,0,3,8,1040.0,280,2008,0,98199,47.6506,-122.383,1440,1263
3793501050,20140822T000000,399950.0,4,2.5,3200,7545,2.0,0,0,3,7,3200.0,0,2003,0,98038,47.3666,-122.03,2840,7137
3793500550,20140808T000000,289950.0,3,2.5,1670,6186,2.0,0,0,3,7,1670.0,0,2002,0,98038,47.3668,-122.031,2390,6924
4054530240,20150427T000000,1400000.0,4,3.5,4380,66613,1.5,0,0,3,11,4380.0,0,1993,0,98077,47.7279,-122.048,4010,70109
2013800095,20140904T000000,266750.0,3,2.25,1650,10000,2.0,0,0,3,7,1650.0,0,1988,0,98198,47.3862,-122.315,1420,10000
3205400150,20140617T000000,402000.0,3,1.5,1450,7375,1.0,0,0,3,7,1010.0,440,1968,0,98034,47.7212,-122.179,1350,7440
2206500110,20140905T000000,508450.0,4,1.75,1520,9600,1.0,0,0,4,7,1000.0,520,1955,0,98006,47.5763,-122.154,1510,9000
2314300170,20141104T000000,405000.0,4,2.5,2090,6667,2.0,0,0,3,8,2090.0,0,1997,0,98058,47.4648,-122.15,2250,6165
7300410110,20140519T000000,390000.0,4,2.5,2490,8290,2.0,0,0,3,9,2490.0,0,1999,0,98092,47.3305,-122.171,2690,7008
7276100282,20140729T000000,320000.0,3,1.75,2300,12000,1.0,0,0,3,8,1770.0,530,1942,0,98133,47.7599,-122.343,2030,6000
984210590,20140929T000000,360000.0,4,2.25,2470,8686,1.0,0,0,4,7,1270.0,1200,1974,0,98058,47.4371,-122.166,1900,7350
3860900003,20140617T000000,1170000.0,4,2.5,2570,6251,2.0,0,0,3,9,2570.0,0,2000,0,98004,47.593,-122.197,2570,9588
7199320600,20140519T000000,588000.0,3,2.25,2030,7350,1.0,0,0,4,7,1190.0,840,1977,0,98052,47.6939,-122.126,1950,7350
3031200165,20140611T000000,262500.0,3,1.5,1160,8906,1.0,0,0,3,7,1160.0,0,1962,0,98118,47.5362,-122.29,1160,8906
2473101190,20150427T000000,279950.0,3,1.75,1530,8800,1.0,0,0,4,7,1040.0,490,1967,0,98058,47.4483,-122.158,1530,8690
3300701440,20140729T000000,409000.0,2,1.75,1480,4000,1.0,0,0,4,6,740.0,740,1925,0,98117,47.6916,-122.38,1060,4000
4221270340,20150327T000000,655000.0,3,2.5,2320,4721,2.0,0,0,3,8,2320.0,0,2004,0,98075,47.591,-122.017,2250,4356
3693900155,20140905T000000,950000.0,6,1.0,2330,5000,1.5,0,0,4,7,2330.0,0,1920,0,98117,47.6789,-122.397,1570,5000
4048400191,20140605T000000,545000.0,3,1.75,1700,51649,1.5,0,0,5,6,1700.0,0,1931,0,98059,47.4704,-122.076,1100,39504
7227800025,20141118T000000,250000.0,3,3.0,2300,7701,1.0,0,0,3,7,2300.0,0,1960,0,98056,47.5102,-122.18,1570,8116
9485300010,20150213T000000,311500.0,4,2.5,1940,10133,2.0,0,0,3,8,1940.0,0,1992,0,98031,47.3877,-122.171,1940,7265
8680500090,20150316T000000,606000.0,3,2.5,2200,6005,2.0,0,0,3,9,2200.0,0,1997,0,98072,47.7408,-122.169,2320,6098
2526069095,20140605T000000,955000.0,4,4.25,5660,193593,2.0,0,0,3,10,4100.0,1560,2001,0,98019,47.7064,-121.981,3620,207141
2475201180,20150206T000000,303000.0,3,2.5,1560,4100,2.0,0,0,3,7,1560.0,0,1985,0,98055,47.4733,-122.189,1660,4400
8824900120,20140606T000000,739000.0,4,3.0,2720,3800,2.0,0,0,5,8,1800.0,920,1919,0,98115,47.6756,-122.306,1940,4001
3024059149,20141112T000000,1065000.0,4,2.25,3240,12930,2.0,0,0,4,9,2730.0,510,1968,0,98040,47.5373,-122.22,2610,12884
2436700625,20150417T000000,590000.0,2,2.5,1450,1281,2.0,0,0,3,8,1220.0,230,2006,0,98105,47.665,-122.285,1440,1281
7283900521,20150420T000000,352500.0,3,1.75,1500,10269,1.0,0,0,3,7,1030.0,470,1958,0,98133,47.7672,-122.348,2090,10269
4045750010,20150409T000000,624950.0,3,2.5,2060,4730,2.0,0,0,4,8,2060.0,0,1994,0,98033,47.6874,-122.178,1980,5010
9290850800,20141202T000000,965000.0,4,2.5,4070,57587,2.0,0,0,3,10,4070.0,0,1989,0,98052,47.6908,-122.052,3890,35960
767000159,20140821T000000,337900.0,3,3.5,1500,1471,3.0,0,0,3,7,1500.0,0,1999,0,98177,47.7034,-122.362,1500,1445
4136930190,20141028T000000,427500.0,4,2.5,3160,8726,2.0,0,0,3,9,3160.0,0,1999,0,98092,47.2582,-122.223,2500,8648
6909200401,20140908T000000,536500.0,4,2.5,1720,3515,2.0,0,2,3,8,1470.0,250,2000,0,98144,47.591,-122.293,1140,2208
3204800200,20150108T000000,665000.0,4,2.75,3320,10574,2.0,0,0,5,8,2220.0,1100,1960,0,98056,47.5376,-122.18,2720,8330
8644220070,20140910T000000,745000.0,4,2.5,2650,18903,2.0,0,0,3,11,2650.0,0,1994,0,98075,47.5761,-121.989,3270,18843
5318100504,20140728T000000,524000.0,2,2.0,1450,2272,1.0,0,0,4,6,750.0,700,1924,0,98112,47.633,-122.282,2170,4370
2797500030,20150211T000000,355000.0,3,1.0,1650,10075,1.0,0,0,3,7,1170.0,480,1955,0,98177,47.7695,-122.359,1690,8125
3702900185,20140818T000000,640000.0,3,2.5,2580,7500,2.0,0,0,3,9,2580.0,0,1991,0,98116,47.5577,-122.396,910,6500
4310703070,20150413T000000,650000.0,6,3.0,2960,5000,1.0,0,0,3,8,1790.0,1170,1968,0,98103,47.6971,-122.341,1280,1251
9287800375,20141030T000000,685000.0,3,2.0,2210,5000,1.5,0,2,3,7,1710.0,500,1909,0,98103,47.6754,-122.357,1920,5000
5244801255,20150428T000000,705000.0,3,2.75,2260,4000,2.0,0,0,4,8,1540.0,720,1956,0,98109,47.6435,-122.353,2120,4000
4077800412,20150316T000000,563000.0,3,1.5,1730,9509,2.0,0,0,3,8,1270.0,460,1955,0,98125,47.7067,-122.282,1810,8795
2806800090,20141104T000000,390000.0,3,1.75,2200,8036,1.0,0,0,3,7,1270.0,930,1978,0,98011,47.7763,-122.209,1850,7563
3179102305,20140717T000000,580000.0,3,1.75,2100,6874,1.0,0,0,3,7,1300.0,800,1943,0,98115,47.6724,-122.279,2220,5912
9346980140,20140820T000000,605000.0,3,1.75,1920,7400,1.0,0,0,4,8,1260.0,660,1977,0,98006,47.5633,-122.131,2360,8048
7696620100,20150422T000000,254999.0,3,1.0,1580,7560,1.0,0,0,4,7,1000.0,580,1976,0,98001,47.3318,-122.277,1580,7560
2025059131,20140904T000000,980000.0,4,4.25,3250,11780,2.0,0,0,3,8,2360.0,890,1944,2001,98004,47.6322,-122.203,1800,9000
3630130010,20140714T000000,650000.0,3,2.5,1910,4363,2.0,0,0,3,9,1910.0,0,2006,0,98029,47.5482,-121.996,1890,3732
2540800390,20140904T000000,469000.0,3,2.25,1820,8446,2.0,0,0,3,8,1820.0,0,1978,0,98034,47.7208,-122.236,1850,8437
2767603535,20150126T000000,600000.0,3,1.75,1310,5000,2.0,0,0,4,7,1310.0,0,1901,0,98107,47.6722,-122.379,1270,4750
1133000050,20150420T000000,362000.0,4,2.5,2360,7370,1.0,0,0,3,7,1460.0,900,1985,0,98125,47.7201,-122.308,1590,9906
3420069065,20140825T000000,360000.0,4,1.75,3730,16980,1.0,0,0,4,7,2150.0,1580,1974,0,98022,47.1775,-122.022,1880,16963
1424069069,20140522T000000,1150000.0,6,4.5,6040,219542,2.0,0,0,3,11,4100.0,1940,1996,0,98029,47.5622,-122.003,2010,32362
1423800080,20140512T000000,225000.0,3,1.0,990,8012,1.0,0,0,4,7,990.0,0,1966,0,98058,47.4557,-122.181,1260,9060
8830400135,20150305T000000,264950.0,3,1.5,1470,11599,1.0,0,0,3,7,1070.0,400,1967,0,98030,47.3632,-122.188,1580,9760
3134100116,20140827T000000,470000.0,5,1.75,2030,12342,2.0,0,0,4,7,2030.0,0,1942,0,98052,47.6417,-122.109,2500,9433
3210950080,20140514T000000,486000.0,4,2.5,2150,39449,1.0,0,0,3,7,1420.0,730,1978,0,98024,47.5531,-121.892,2010,35717
3277801646,20140516T000000,238000.0,3,2.0,1020,1204,2.0,0,0,3,7,720.0,300,2004,0,98126,47.5445,-122.376,1360,1506
9558800025,20150429T000000,225000.0,3,1.0,940,9272,1.0,0,0,3,7,940.0,0,1954,0,98148,47.4353,-122.335,1270,9375
2224700136,20150122T000000,315000.0,4,1.0,1300,8400,1.5,0,0,4,7,1300.0,0,1953,0,98133,47.7612,-122.332,1330,8400
259600910,20141110T000000,485000.0,5,1.5,1420,9900,1.0,0,0,3,7,1050.0,370,1964,0,98008,47.6348,-122.118,1580,8075
3644100065,20150427T000000,257000.0,2,1.75,1220,2268,1.0,0,0,4,6,610.0,610,1909,0,98144,47.592,-122.295,1240,1675
1062100075,20150503T000000,455000.0,2,1.0,980,5000,1.0,0,0,4,7,980.0,0,1950,0,98155,47.7518,-122.279,1600,5965
9476200680,20150428T000000,226000.0,3,1.75,1490,6269,1.0,0,0,4,6,990.0,500,1944,0,98056,47.4917,-122.188,1490,7722
4222700130,20150304T000000,279000.0,3,2.25,2070,7800,1.0,0,0,3,7,1170.0,900,1964,0,98003,47.3431,-122.305,1570,8400
164000237,20140612T000000,495000.0,4,2.5,2140,7245,2.0,0,0,3,7,2140.0,0,2003,0,98133,47.729,-122.35,2080,7875
7203600750,20150427T000000,421000.0,3,2.5,1930,4505,1.0,0,3,4,7,1440.0,490,1973,0,98198,47.3459,-122.326,1550,4505
5360200054,20141002T000000,247500.0,3,2.0,1530,8749,1.0,0,0,3,7,1530.0,0,1995,0,98023,47.2974,-122.372,1750,8749
2719100042,20140623T000000,458500.0,3,2.0,1890,1599,2.0,0,0,3,9,1430.0,460,2012,0,98136,47.5438,-122.385,1780,1562
6979900010,20140905T000000,975000.0,4,2.5,3420,183387,2.0,0,0,3,10,3420.0,0,2000,0,98053,47.633,-121.972,2260,34613
2854800090,20140710T000000,307150.0,3,1.5,1480,6752,1.0,0,0,4,7,1480.0,0,1959,0,98056,47.4993,-122.176,1450,8023
524069116,20140602T000000,472500.0,3,2.0,1750,15500,1.0,0,0,3,7,1490.0,260,1982,0,98075,47.5887,-122.065,2450,50094
9424400110,20141216T000000,725000.0,2,1.0,2410,5930,2.0,0,0,3,9,1930.0,480,2007,0,98116,47.5657,-122.395,1540,5892
646910560,20150306T000000,260000.0,3,2.5,1770,2677,2.0,0,0,3,7,1770.0,0,2005,0,98055,47.4339,-122.194,1550,1798
976000903,20150319T000000,655000.0,2,2.25,1460,1851,2.0,0,0,3,9,1180.0,280,2014,0,98119,47.6461,-122.362,1800,4269
2722059185,20140910T000000,445000.0,4,2.5,2360,81892,1.0,0,0,3,8,2360.0,0,2000,0,98042,47.369,-122.156,1730,18096
7972000010,20141021T000000,195000.0,3,1.75,1140,9628,1.0,0,0,4,7,1140.0,0,1969,0,98023,47.2933,-122.372,1510,9633
7227500020,20150123T000000,259950.0,3,1.0,1460,5825,1.0,0,0,5,5,1260.0,200,1942,0,98056,47.4958,-122.191,1150,5926
4104900150,20150414T000000,605000.0,5,3.5,3060,8862,2.0,0,0,3,8,3060.0,0,1989,0,98056,47.5322,-122.185,2680,8398
2767604074,20140822T000000,437500.0,2,1.5,1210,1232,3.0,0,0,3,8,1210.0,0,2007,0,98107,47.6712,-122.39,1330,1174
9126100550,20140513T000000,625000.0,3,3.5,1810,1846,2.0,0,0,4,8,1440.0,370,2009,0,98122,47.607,-122.305,1480,3600
4204400201,20141021T000000,216180.0,2,1.0,1120,7797,1.0,0,0,3,6,1120.0,0,1948,0,98055,47.4871,-122.22,2180,7200
9406520290,20141229T000000,305000.0,3,2.25,1646,12414,2.0,0,0,3,7,1646.0,0,1996,0,98038,47.363,-122.035,1654,8734
7334501250,20140909T000000,325000.0,3,2.5,1870,9825,1.0,0,0,4,7,1250.0,620,1994,0,98045,47.4639,-121.744,1380,11475
8045600130,20140528T000000,425000.0,4,2.75,1680,9545,1.0,0,0,4,7,1080.0,600,1979,0,98028,47.739,-122.243,1890,9545
7740100015,20150206T000000,440000.0,3,1.75,2840,16851,1.0,0,3,3,8,1600.0,1240,1950,0,98155,47.7458,-122.287,2650,11063
8807810090,20140925T000000,335000.0,3,1.0,1350,14212,1.0,0,0,4,6,1350.0,0,1981,0,98053,47.6606,-122.06,1520,14404
8564860110,20150113T000000,594491.0,4,2.5,2990,6037,2.0,0,0,3,9,2990.0,0,2013,0,98045,47.4766,-121.735,2990,5992
1051000040,20150424T000000,1824100.0,3,2.25,3330,20053,2.0,0,0,3,9,3330.0,0,1968,1998,98004,47.6395,-122.214,2870,20053
7871500280,20150413T000000,975000.0,4,2.25,2250,3600,2.0,0,0,4,9,2010.0,240,1912,1994,98119,47.643,-122.37,1910,3990
1231000510,20150504T000000,510000.0,3,1.75,1490,3800,1.0,0,0,3,6,700.0,790,1913,0,98118,47.5554,-122.27,2180,4000
1726059134,20141010T000000,1075000.0,3,2.5,2830,56628,2.0,0,0,3,11,2830.0,0,2001,0,98011,47.7409,-122.198,2830,16430
6446200365,20150505T000000,605000.0,5,1.75,3240,34510,2.0,0,0,4,7,2690.0,550,1963,0,98029,47.5529,-122.027,2650,28250
455000841,20140829T000000,475000.0,2,1.0,870,7975,1.0,0,2,3,7,870.0,0,1946,0,98107,47.6698,-122.361,1080,5722
7625702277,20150331T000000,406000.0,2,2.0,1110,1095,3.0,0,0,3,7,980.0,130,2008,0,98136,47.5494,-122.388,1110,1083
6821600390,20150108T000000,815000.0,3,2.0,2310,6000,2.0,0,1,4,9,1560.0,750,1926,0,98199,47.648,-122.395,2000,6000
9141100005,20141028T000000,285000.0,4,3.5,2770,10505,2.0,0,0,3,8,2770.0,0,1940,2015,98133,47.7412,-122.355,1760,10505
3832710680,20140721T000000,215000.0,4,2.0,1540,7575,1.0,0,0,4,7,1040.0,500,1978,0,98032,47.3664,-122.279,1720,7575
4450700010,20140708T000000,375000.0,3,1.75,1660,9673,1.0,0,0,3,7,1130.0,530,1976,0,98072,47.7628,-122.162,1260,9681
7715800570,20150413T000000,385000.0,3,2.0,1010,7380,1.0,0,0,3,7,1010.0,0,1982,0,98074,47.6273,-122.062,1650,9030
8651730290,20140805T000000,445000.0,4,3.25,1960,7200,2.0,0,0,3,7,1960.0,0,1979,0,98034,47.7291,-122.218,1980,7529
6918720100,20150130T000000,665000.0,6,3.0,2480,9720,2.0,0,0,3,8,2480.0,0,1972,0,98007,47.6127,-122.145,2480,9200
2331300025,20150311T000000,967000.0,4,3.25,1860,4356,2.0,0,0,3,9,1860.0,0,1917,2005,98103,47.6785,-122.351,1860,4356
3727800065,20141113T000000,425000.0,2,1.0,790,5024,1.0,0,0,4,7,790.0,0,1941,0,98117,47.6833,-122.395,1330,5024
7853270940,20140905T000000,389000.0,3,2.5,1720,4515,2.0,0,0,3,7,1720.0,0,2005,0,98065,47.5426,-121.879,2220,4618
1338300010,20141013T000000,842500.0,3,2.25,2560,3996,1.5,0,0,3,8,2150.0,410,1910,0,98112,47.6321,-122.306,2970,4320
5249801440,20141216T000000,250000.0,3,1.0,1660,7650,1.5,0,0,3,7,1350.0,310,1910,0,98118,47.5576,-122.277,1750,5760
1545804860,20141027T000000,275000.0,3,3.0,1590,7750,1.0,0,0,3,7,1060.0,530,1997,0,98038,47.3624,-122.045,1680,7500
6204420180,20140603T000000,425000.0,3,2.25,1870,9000,1.0,0,0,3,7,1440.0,430,1978,0,98011,47.7373,-122.198,1870,8640
9346930100,20141015T000000,610000.0,4,2.5,2440,9350,1.0,0,0,4,8,1560.0,880,1976,0,98006,47.5614,-122.13,2260,8500
9542100165,20141107T000000,875000.0,4,3.0,3720,14125,1.0,0,0,4,9,1930.0,1790,1960,0,98005,47.5911,-122.177,3160,15300
7645900165,20141016T000000,810000.0,4,1.0,2150,3588,2.0,0,3,4,8,1850.0,300,1926,0,98126,47.5767,-122.378,1950,3588
955000430,20140903T000000,540000.0,2,1.25,1230,1569,2.0,0,0,3,9,1050.0,180,2009,0,98112,47.6193,-122.304,1100,1230
6163901381,20141204T000000,295000.0,3,1.0,1000,8320,1.0,0,0,5,6,1000.0,0,1951,0,98155,47.7548,-122.316,1090,8450
1926049141,20141010T000000,403500.0,1,1.0,700,5621,1.0,0,0,4,6,700.0,0,1945,0,98133,47.734,-122.353,1020,5621
5379804888,20150421T000000,380000.0,4,1.75,1740,9150,1.0,0,0,3,7,1740.0,0,1974,0,98188,47.4498,-122.28,1540,9147
2571900430,20140923T000000,315000.0,4,2.5,2740,8400,1.5,0,2,3,8,2740.0,0,1993,0,98022,47.1947,-122.008,2030,8638
8562720410,20140807T000000,1200000.0,5,3.25,4610,10576,2.0,0,3,3,11,3310.0,1300,2006,0,98027,47.5373,-122.07,4042,8321
4113800550,20140721T000000,562500.0,4,2.5,2440,7322,2.0,0,0,3,9,2440.0,0,1991,0,98056,47.5357,-122.179,2590,9927
5422560900,20140807T000000,450000.0,3,2.25,1960,6500,2.0,0,0,4,8,1960.0,0,1977,0,98052,47.6642,-122.129,1860,6160
4107100204,20140821T000000,2135000.0,4,3.25,3860,17820,1.0,0,4,4,10,2630.0,1230,1975,0,98004,47.6224,-122.215,4590,23760
1151100035,20140611T000000,450000.0,4,2.5,2300,19250,1.0,0,0,4,7,2300.0,0,1955,0,98045,47.4793,-121.776,1460,19250
2619950110,20140624T000000,415000.0,3,2.5,2280,6031,2.0,0,0,3,8,2280.0,0,2011,0,98019,47.7322,-121.966,2430,7200
1997200245,20140714T000000,540000.0,2,1.75,1460,4800,1.0,0,0,5,7,850.0,610,1950,0,98103,47.6928,-122.339,2050,5592
538000190,20150213T000000,334950.0,4,2.5,2230,5500,2.0,0,0,3,7,2230.0,0,1999,0,98038,47.3533,-122.023,1910,5500
5557800010,20140623T000000,261350.0,3,1.75,1390,18200,1.0,0,0,4,7,1390.0,0,1962,0,98023,47.3208,-122.337,1810,9675
8658300315,20150312T000000,425000.0,5,1.75,1400,5071,1.0,0,0,3,5,1400.0,0,1916,0,98014,47.6499,-121.908,1200,7500
7203100730,20150210T000000,875000.0,4,3.5,3790,6874,2.5,0,0,3,9,3790.0,0,2010,0,98053,47.6956,-122.022,3370,6535
1226059101,20140701T000000,502000.0,3,2.25,1600,45613,2.0,0,0,4,8,1600.0,0,1983,0,98072,47.7523,-122.117,2320,43005
937000220,20140904T000000,219000.0,4,1.5,1370,7944,1.5,0,0,3,7,1370.0,0,1961,0,98198,47.4224,-122.289,1370,9181
8732190380,20150414T000000,231000.0,3,1.75,1220,8817,1.0,0,0,3,7,1220.0,0,1978,0,98023,47.3111,-122.396,2000,8028
3333002440,20140604T000000,327500.0,3,1.0,1070,7140,1.0,0,0,3,7,1070.0,0,1989,0,98118,47.5427,-122.288,1390,2374
5076700115,20150223T000000,529941.0,3,2.0,1660,10000,1.0,0,0,4,7,1010.0,650,1961,0,98005,47.5852,-122.174,2020,9720
6893300350,20140602T000000,439900.0,2,2.0,1410,12282,1.5,0,0,5,8,1410.0,0,1909,1988,98024,47.5242,-121.926,1410,8931
7287700059,20140813T000000,367950.0,3,1.75,2290,8234,1.0,0,0,4,7,1250.0,1040,1950,0,98133,47.7611,-122.351,1660,7200
3623029034,20150311T000000,230000.0,3,1.0,1120,32250,1.0,0,0,4,6,1120.0,0,1934,0,98070,47.447,-122.482,1010,335289
6414100721,20150416T000000,407500.0,2,1.0,770,6017,1.0,0,0,3,7,770.0,0,1950,0,98125,47.7223,-122.321,1670,7500
3276930270,20150425T000000,817500.0,4,2.5,2910,35679,2.0,0,0,4,9,2910.0,0,1987,0,98075,47.5859,-121.991,2720,36728
7010700976,20141114T000000,505000.0,3,1.0,1100,5400,1.5,0,0,3,7,1100.0,0,1908,0,98199,47.6604,-122.396,1770,4400
6654700240,20150408T000000,332000.0,4,2.5,1980,6566,2.0,0,0,3,8,1980.0,0,2004,0,98042,47.3809,-122.097,2590,6999
2595650220,20150421T000000,313100.0,3,2.0,1730,12821,1.0,0,0,3,8,1730.0,0,1994,0,98001,47.353,-122.272,1980,11336
1423089134,20140815T000000,590000.0,3,2.25,2680,41250,2.0,0,0,3,7,2680.0,0,1984,0,98045,47.4817,-121.749,1940,47044
1096100010,20141028T000000,320000.0,2,1.0,1210,7040,1.0,0,0,3,7,1210.0,0,1952,0,98155,47.745,-122.297,1210,7205
2726079103,20140722T000000,475000.0,3,2.5,2630,185130,2.0,0,0,3,9,2630.0,0,1991,0,98014,47.7035,-121.894,2630,210394
7749500070,20150119T000000,339900.0,4,1.75,2600,18042,1.0,0,0,4,8,2020.0,580,1969,0,98092,47.2969,-122.189,2200,9408
4232400010,20140804T000000,780500.0,5,1.0,1760,4264,2.0,0,0,3,8,1760.0,0,1902,0,98112,47.6246,-122.312,2130,4264
9274204100,20140910T000000,462500.0,4,1.0,1540,4500,1.5,0,0,2,7,1540.0,0,1905,0,98116,47.587,-122.384,1920,6000
8682281200,20150309T000000,479950.0,2,2.0,1510,6516,1.0,0,0,3,8,1510.0,0,2005,0,98053,47.7076,-122.013,1640,6009
4139420640,20141030T000000,1785000.0,4,3.5,5490,14300,1.0,0,4,3,12,2910.0,2580,1996,0,98006,47.5511,-122.114,4290,13822
7625701386,20140516T000000,430000.0,3,1.75,2150,4333,1.0,0,0,3,7,1200.0,950,1956,0,98136,47.5537,-122.388,1480,6500
1025059181,20140722T000000,480000.0,3,2.0,1580,7400,1.0,0,0,3,7,1050.0,530,1977,0,98052,47.6715,-122.162,1560,7458
2123049114,20140519T000000,110700.0,2,1.0,680,8064,1.0,0,0,3,6,680.0,0,1941,0,98188,47.469,-122.298,1340,10800
475000605,20140623T000000,800000.0,4,3.0,3520,4895,1.0,0,0,3,8,1980.0,1540,1954,0,98107,47.6678,-122.361,1570,2153
9454200030,20140923T000000,734000.0,4,2.75,3090,7650,2.0,0,2,3,8,2340.0,750,1959,1989,98042,47.3622,-122.157,2760,10370
8847400115,20140723T000000,590000.0,3,2.0,2420,208652,1.5,0,0,3,8,2420.0,0,2005,0,98010,47.3666,-121.978,3180,212137
4027700021,20150311T000000,680000.0,5,3.25,2440,15815,2.0,0,0,3,8,1990.0,450,2014,0,98155,47.774,-122.28,2500,14201
5694000710,20141107T000000,352950.0,3,1.0,1760,3000,1.5,0,0,1,6,1760.0,0,1900,0,98103,47.6598,-122.348,1320,1266
3356406510,20140530T000000,196440.0,3,2.0,1560,7352,1.0,0,0,3,6,1560.0,0,1992,0,98001,47.2804,-122.251,1120,7950
7853321110,20140813T000000,409000.0,3,2.5,1950,7263,2.0,0,0,3,7,1950.0,0,2007,0,98065,47.5194,-121.869,2190,5900
3447000090,20150428T000000,653000.0,3,2.25,2800,17300,1.0,0,0,4,8,1420.0,1380,1971,0,98006,47.5716,-122.128,2140,12650
472000590,20140624T000000,845000.0,3,2.0,2540,4750,1.5,0,0,5,9,1840.0,700,1930,0,98117,47.6838,-122.4,2190,4750
6791050100,20140721T000000,775000.0,3,2.5,2890,8470,2.0,0,0,3,10,2890.0,0,1996,0,98075,47.5785,-122.054,3000,8879
3797002575,20141010T000000,605000.0,4,1.5,1880,3500,1.0,0,0,4,7,1080.0,800,1926,0,98103,47.6835,-122.347,1690,3500
3275750290,20150317T000000,480000.0,3,2.0,1460,7860,1.0,0,0,5,7,1460.0,0,1967,0,98008,47.6233,-122.108,1850,8148
2203500570,20150217T000000,437000.0,4,1.75,1700,10642,1.0,0,0,4,7,850.0,850,1954,0,98006,47.5674,-122.142,1610,11200
2483700095,20141106T000000,560000.0,4,1.5,1810,6000,1.0,0,1,3,8,1350.0,460,1952,0,98136,47.5233,-122.386,2020,6000
6306810110,20141117T000000,485230.0,4,2.5,2714,12558,2.0,0,0,3,9,2714.0,0,2014,0,98031,47.3522,-122.201,2873,8269
5608010750,20140829T000000,1160000.0,4,3.5,4190,15724,2.0,0,2,3,11,4190.0,0,1994,0,98027,47.5518,-122.096,3300,10113
1954700610,20141209T000000,2193000.0,3,2.25,3360,7108,2.0,0,0,3,10,2770.0,590,1905,2004,98112,47.6187,-122.284,3450,8558
6130500070,20141008T000000,378000.0,3,2.5,1650,2082,3.0,0,0,3,8,1650.0,0,2007,0,98133,47.7108,-122.332,1650,1965
7887200390,20140926T000000,294000.0,3,1.0,1320,9520,1.0,0,0,3,7,990.0,330,1953,0,98178,47.4857,-122.253,1460,10610
9276202190,20140808T000000,545000.0,6,1.75,1820,6250,1.0,0,0,3,7,1130.0,690,1954,0,98116,47.579,-122.39,1820,5750
1387300940,20150429T000000,441000.0,3,1.5,1540,7200,1.0,0,0,3,7,1540.0,0,1968,0,98011,47.7357,-122.195,1560,7500
1324059104,20150421T000000,691100.0,3,2.75,2360,16117,1.0,0,0,4,8,1710.0,650,1983,0,98006,47.5698,-122.121,2120,16117
6021501780,20140818T000000,578000.0,3,1.0,1500,4500,1.0,0,0,3,7,1120.0,380,1938,0,98117,47.6873,-122.385,1440,4500
8562780280,20150220T000000,331000.0,2,2.25,1240,720,2.0,0,0,3,7,1150.0,90,2008,0,98027,47.5322,-122.072,1260,810
9274203036,20140915T000000,930000.0,3,3.25,2950,4446,2.0,0,0,3,9,2450.0,500,2001,0,98116,47.5852,-122.391,1930,4255
2426039247,20150325T000000,299950.0,2,1.5,1390,1756,3.0,0,0,3,7,1390.0,0,2005,0,98133,47.7274,-122.357,1340,1756
5381000352,20140622T000000,330000.0,4,2.5,2380,13550,2.0,0,0,3,7,2380.0,0,1999,0,98188,47.4486,-122.288,1230,9450
5700003705,20140619T000000,930000.0,5,2.0,3530,9385,1.5,0,0,3,9,3530.0,0,1925,0,98144,47.5774,-122.285,4100,9203
3342102385,20141029T000000,376000.0,4,2.25,2200,6750,1.0,0,0,5,8,1480.0,720,1959,0,98056,47.5215,-122.202,2710,6750
7211400615,20140515T000000,217450.0,3,1.0,1040,5000,1.0,0,0,3,7,1040.0,0,1959,0,98146,47.5122,-122.358,1440,5000
1564000410,20150218T000000,781500.0,4,2.5,3440,6332,2.0,0,0,3,10,3440.0,0,2001,0,98059,47.5347,-122.155,3310,6528
9278200095,20141217T000000,465000.0,3,1.5,900,8690,1.5,0,0,5,6,900.0,0,1941,0,98116,47.5751,-122.393,1000,6150
8899100230,20150311T000000,345000.0,3,1.75,1520,7439,1.0,0,0,4,7,1520.0,0,1969,0,98055,47.457,-122.208,1650,7500
1592000260,20150217T000000,600000.0,3,2.25,2240,9314,2.0,0,0,3,9,2240.0,0,1984,0,98074,47.6216,-122.032,2240,9314
2767603824,20140915T000000,459000.0,2,2.5,1240,1249,3.0,0,0,3,8,1240.0,0,2006,0,98107,47.6718,-122.386,1240,2500
2917200675,20150127T000000,340000.0,2,1.75,1500,4158,1.0,0,0,4,7,1220.0,280,1947,0,98103,47.7006,-122.35,1270,4081
6821102100,20150317T000000,510000.0,2,1.0,810,6480,1.0,0,0,5,6,810.0,0,1942,0,98199,47.6493,-122.398,1920,6000
7954310210,20150430T000000,615000.0,4,2.5,3010,6903,2.0,0,0,3,9,3010.0,0,2001,0,98056,47.5213,-122.193,2860,6435
7812800155,20150318T000000,170000.0,3,1.0,790,6750,1.0,0,0,2,6,790.0,0,1944,0,98178,47.4984,-122.24,960,6298
8929000060,20141004T000000,351358.0,2,1.75,1210,1189,2.0,0,0,3,8,1210.0,0,2014,0,98029,47.5526,-121.998,1540,1672
7932600140,20140703T000000,395000.0,4,2.75,2640,35070,1.5,0,0,3,8,2640.0,0,1963,0,98058,47.4242,-122.181,2520,34986
4302201085,20150506T000000,546940.0,3,1.0,1470,7680,1.0,0,0,3,7,1220.0,250,1946,0,98106,47.5276,-122.359,1470,6784
2310030510,20150422T000000,320000.0,4,2.25,1550,7579,2.0,0,0,3,8,1550.0,0,1993,0,98038,47.354,-122.047,1630,6397
4039700090,20140923T000000,643403.0,3,2.5,2350,9648,1.0,0,0,4,9,2350.0,0,1966,0,98008,47.6156,-122.108,2320,10512
9322800230,20141212T000000,1250000.0,4,2.5,2960,20240,2.0,0,4,4,10,2960.0,0,1985,0,98146,47.5075,-122.389,2500,14960
6300000396,20141216T000000,375000.0,3,1.75,1380,5060,1.0,0,0,3,7,1380.0,0,1986,0,98133,47.7059,-122.341,1030,5060
8021701115,20140826T000000,549000.0,3,2.0,1560,5130,1.0,0,0,5,7,1150.0,410,1915,0,98103,47.6913,-122.333,1560,4500
3530530110,20150217T000000,149900.0,2,1.75,1090,1950,1.0,0,0,4,8,1090.0,0,1982,0,98198,47.3782,-122.319,1360,3426
5631501073,20140625T000000,374500.0,3,2.25,1400,11400,2.0,0,0,3,8,1400.0,0,1984,0,98028,47.7428,-122.231,2180,9248
6140100095,20140520T000000,475000.0,4,1.75,1650,7775,1.0,0,0,4,7,1150.0,500,1950,0,98133,47.715,-122.354,1390,7200
5466700360,20141023T000000,234000.0,4,2.0,1710,7455,1.0,0,0,3,7,1030.0,680,1975,0,98031,47.3965,-122.173,1710,7350
2201501015,20140502T000000,430000.0,4,1.5,1920,10000,1.0,0,0,4,7,1070.0,850,1954,0,98006,47.5725,-122.133,1450,10836
1454100127,20140811T000000,689950.0,4,2.75,2520,8433,2.0,0,0,3,8,2520.0,0,2014,0,98125,47.7214,-122.289,1890,7772
3066200440,20140608T000000,684680.0,4,2.25,2370,9360,2.0,0,0,4,8,2370.0,0,1979,0,98052,47.6518,-122.123,2370,9720
7237450190,20140806T000000,430760.0,5,2.75,2710,4685,2.0,0,0,3,8,2710.0,0,2014,0,98038,47.3555,-122.062,2710,4449
6082400083,20150430T000000,166000.0,3,1.0,1010,11675,1.0,0,0,3,7,1010.0,0,1957,0,98168,47.4849,-122.301,1370,10042
1860600535,20141220T000000,1320000.0,4,3.0,2120,3600,2.0,0,3,4,8,1830.0,290,1908,1996,98119,47.6344,-122.369,2120,3600
723049476,20140724T000000,203000.0,3,2.25,1630,9145,1.0,0,0,3,7,1630.0,0,1960,0,98146,47.5,-122.347,1630,9206
3031200246,20140711T000000,250000.0,3,1.0,920,4429,1.0,0,0,3,7,920.0,0,1952,0,98118,47.5369,-122.291,1320,7860
7242800020,20140815T000000,277140.0,3,1.5,1190,785,2.0,0,0,3,8,920.0,270,2014,0,98052,47.6781,-122.117,2820,5626
2769602880,20141002T000000,652000.0,3,2.0,2130,5000,1.5,0,0,5,7,1330.0,800,1925,0,98107,47.6746,-122.362,2010,5000
1788300010,20141211T000000,179950.0,2,1.0,1200,9000,1.0,0,0,3,6,1200.0,0,1958,0,98023,47.3277,-122.349,1040,9600
3715500170,20140623T000000,442500.0,3,1.75,1600,10280,1.0,0,0,3,7,1050.0,550,1977,0,98034,47.725,-122.174,1590,8100
9508500075,20140729T000000,462000.0,5,1.75,2840,10220,1.0,0,0,4,7,2210.0,630,1954,0,98177,47.764,-122.36,2000,9750
7229700105,20150424T000000,172500.0,2,2.0,1510,20685,1.0,0,0,2,6,1250.0,260,1958,0,98059,47.481,-122.116,1490,29527
7202300040,20140804T000000,808000.0,4,2.5,3480,6262,2.0,0,0,3,9,3480.0,0,2003,0,98053,47.6857,-122.045,3490,6629
2862100260,20141003T000000,540000.0,4,1.75,1840,4280,1.0,0,0,4,7,920.0,920,1918,0,98105,47.6681,-122.32,1660,4280
3224069026,20140520T000000,330000.0,3,1.0,1180,43124,1.0,0,0,4,6,1180.0,0,1959,0,98027,47.5278,-122.063,1410,43560
2436700540,20141001T000000,665000.0,3,2.75,1930,2960,1.5,0,0,5,7,1490.0,440,1929,0,98105,47.6659,-122.287,2080,3760
3824100246,20141021T000000,460000.0,4,2.75,2200,9676,1.0,0,0,3,8,1500.0,700,1979,0,98028,47.7713,-122.259,2120,9585
2540820010,20150427T000000,750000.0,4,2.5,2930,8641,2.0,0,0,3,8,2930.0,0,2010,0,98034,47.7199,-122.246,2120,11175
4038000040,20150326T000000,250000.0,4,1.75,1910,8250,1.0,0,0,4,7,1910.0,0,1959,0,98008,47.6131,-122.123,1500,8250
2130410050,20140513T000000,287000.0,3,2.25,1490,9600,1.0,0,0,4,7,1170.0,320,1987,0,98019,47.7378,-121.977,1590,10104
88000591,20150414T000000,212000.0,3,1.0,1000,9450,1.0,0,0,3,6,1000.0,0,1962,0,98055,47.4562,-122.193,1300,13500
2570500230,20140529T000000,400000.0,5,2.0,1930,9747,1.0,0,0,4,7,1020.0,910,1962,0,98028,47.7743,-122.235,2040,9370
6137610190,20150317T000000,632000.0,3,2.25,2730,7521,2.0,0,2,3,9,2730.0,0,1992,0,98011,47.7704,-122.196,2700,8204
46100204,20150221T000000,1505000.0,5,3.0,3300,33474,1.0,0,3,3,9,1870.0,1430,1957,1991,98040,47.5673,-122.21,3836,20953
6132600380,20150320T000000,562200.0,3,1.5,1900,5250,1.0,0,0,4,7,1500.0,400,1943,0,98117,47.6991,-122.392,1810,5250
6344000060,20141015T000000,760000.0,4,1.75,2770,8521,1.0,0,0,4,7,1470.0,1300,1953,0,98004,47.6255,-122.199,1910,9380
4302200590,20150309T000000,375000.0,3,2.5,1770,5146,2.0,0,0,3,7,1770.0,0,1992,0,98106,47.5263,-122.356,1230,5160
2815600235,20150402T000000,450600.0,2,1.0,840,7020,1.5,0,0,4,7,840.0,0,1943,0,98136,47.5513,-122.394,1310,7072
6821101731,20140930T000000,549000.0,3,2.25,1230,1380,3.0,0,0,3,8,1230.0,0,2013,0,98199,47.6521,-122.4,1760,5664
8941500010,20150216T000000,750000.0,4,2.5,2510,17200,1.0,0,2,4,9,1540.0,970,1977,0,98052,47.6287,-122.089,2370,14621
7504010780,20141226T000000,605000.0,4,2.25,2260,11900,2.0,0,0,3,9,2260.0,0,1976,0,98074,47.6415,-122.057,2470,11900
1193000220,20150407T000000,689800.0,2,1.75,1370,3125,1.0,0,0,3,7,1090.0,280,1950,0,98199,47.6492,-122.391,1730,5966
305010190,20141016T000000,680000.0,4,2.5,2830,8399,2.0,0,0,3,9,2830.0,0,1998,0,98075,47.5851,-122.034,2520,6890
9268851670,20150424T000000,645000.0,3,2.5,2170,1984,2.5,0,0,3,8,2170.0,0,2008,0,98027,47.5401,-122.027,2150,1984
1702901340,20140613T000000,718500.0,3,2.0,2910,6600,2.0,0,0,4,7,1920.0,990,1900,1988,98118,47.5576,-122.281,1370,5500
3585300410,20150424T000000,729000.0,3,1.5,1770,30689,1.0,0,4,3,9,1770.0,0,1953,0,98177,47.7648,-122.37,2650,30280
518500610,20140616T000000,798800.0,3,2.75,2670,3738,1.0,0,0,3,10,1720.0,950,2013,0,98056,47.5299,-122.203,2610,3734
322069020,20140619T000000,520000.0,3,1.75,1940,219527,1.0,0,0,3,7,1940.0,0,1991,0,98038,47.4214,-122.02,2060,108900
8807600340,20150325T000000,322000.0,3,1.0,1230,9660,1.0,0,0,3,7,1230.0,0,1968,0,98053,47.6829,-122.06,1380,10125
3902100150,20150202T000000,490000.0,5,2.0,2150,4500,1.5,0,0,3,8,2150.0,0,1938,0,98116,47.5582,-122.388,1300,4500
921059200,20140813T000000,216000.0,3,1.75,1310,8670,1.0,0,0,4,6,1310.0,0,1984,0,98092,47.3156,-122.186,2622,7191
3422059208,20150511T000000,390000.0,3,2.5,1930,64904,1.0,0,0,4,8,1930.0,0,1988,0,98042,47.346,-122.157,2350,57500
2768000400,20141230T000000,640000.0,4,2.0,2360,6000,2.0,0,0,4,8,2360.0,0,1904,0,98107,47.6702,-122.362,1730,4700
2771604120,20141111T000000,970000.0,4,1.75,4060,4000,2.0,0,3,3,10,2890.0,1170,1953,1995,98199,47.6375,-122.389,1860,4000
6131600285,20141024T000000,195500.0,4,1.0,1230,8636,1.5,0,0,4,6,1230.0,0,1954,0,98002,47.3231,-122.219,1168,8316
4139450760,20141215T000000,932808.0,5,4.5,4690,6705,2.0,0,0,3,10,3450.0,1240,1995,0,98006,47.5539,-122.108,4070,11505
9557300560,20140508T000000,530000.0,3,1.75,1980,6760,1.0,0,0,4,8,1980.0,0,1973,0,98008,47.6398,-122.113,2120,7280
7015201015,20141028T000000,879000.0,3,3.0,3030,5156,1.5,0,0,4,9,2080.0,950,1929,0,98119,47.647,-122.369,1910,5720
824059265,20141001T000000,1155000.0,3,1.75,1640,10464,1.0,0,2,4,8,1640.0,0,1968,0,98004,47.5873,-122.205,2630,18872
1775801340,20140606T000000,415000.0,3,1.75,1910,12596,1.0,0,0,3,7,1340.0,570,1977,0,98072,47.7399,-122.099,1550,13310
2402100575,20140613T000000,1125000.0,6,3.75,3010,4360,2.0,0,0,3,9,2000.0,1010,2014,0,98103,47.6873,-122.333,1600,5160
6121800050,20141029T000000,195000.0,4,1.5,2170,9948,2.0,0,0,3,7,2170.0,0,1952,0,98148,47.4263,-122.331,1500,9750
3348401622,20140731T000000,223000.0,3,2.0,1310,8440,1.0,0,0,5,6,1310.0,0,1951,0,98178,47.5003,-122.269,1790,10775
1138010530,20150429T000000,399000.0,3,1.0,1340,7191,1.0,0,0,3,7,1340.0,0,1974,0,98034,47.7148,-122.212,1340,7215
7625704317,20150503T000000,377500.0,2,1.0,840,4500,1.0,0,0,3,6,840.0,0,1939,0,98136,47.5441,-122.39,1300,5000
6700400140,20150318T000000,268000.0,3,2.5,1550,8134,2.0,0,0,3,7,1550.0,0,1991,0,98031,47.404,-122.191,1550,8134
7856640180,20140904T000000,770000.0,3,2.5,2900,23550,1.0,0,0,3,10,1490.0,1410,1987,0,98006,47.5708,-122.153,2900,19604
7202330030,20140822T000000,500000.0,3,2.5,1650,5683,2.0,0,0,3,7,1650.0,0,2003,0,98053,47.683,-122.035,1650,4193
4139430250,20150330T000000,1436000.0,4,3.5,4970,16582,2.0,0,3,4,11,3930.0,1040,1992,0,98006,47.5496,-122.12,3580,13335
1423049019,20150331T000000,220000.0,2,1.0,580,7500,1.0,0,0,3,5,580.0,0,1943,0,98178,47.4852,-122.251,1700,11250
8835400775,20141026T000000,594950.0,4,3.25,2557,9480,2.0,0,2,3,7,2557.0,0,1948,1993,98118,47.5449,-122.262,2220,8340
7695470120,20140808T000000,610000.0,3,2.5,2260,33042,1.0,0,0,3,9,1660.0,600,1986,0,98077,47.7634,-122.086,2600,40115
7504101230,20140623T000000,675000.0,4,2.5,2810,11120,2.0,0,0,3,9,2810.0,0,1982,0,98074,47.6337,-122.044,3100,12672
7298030210,20141223T000000,445000.0,3,2.5,2790,16173,2.0,0,0,3,10,2790.0,0,1988,0,98023,47.3043,-122.343,2890,11632
5412101150,20150203T000000,299000.0,4,2.5,2400,6078,2.0,0,0,3,8,2400.0,0,2001,0,98001,47.2606,-122.285,2406,7642
1995200215,20140826T000000,352000.0,4,1.75,1850,5712,1.0,0,0,3,7,1850.0,0,1954,0,98115,47.6966,-122.324,1510,6038
1535204365,20141124T000000,428000.0,2,1.75,1980,44550,2.0,0,1,5,7,1280.0,700,1977,0,98070,47.4193,-122.444,1680,25343
9516500100,20150418T000000,525000.0,3,1.75,1600,9579,1.0,0,0,3,8,1180.0,420,1977,0,98072,47.7662,-122.159,1750,9829
2268400350,20140916T000000,749000.0,4,2.5,1710,9627,1.0,0,0,3,9,1440.0,270,1976,2014,98006,47.559,-122.164,2140,9131
2896310420,20150219T000000,615000.0,4,2.75,3120,34040,2.0,0,0,3,9,3120.0,0,1997,0,98010,47.3431,-122.03,2420,25201
9829201058,20140504T000000,783500.0,3,2.5,2850,7130,2.0,0,0,3,10,1990.0,860,1980,0,98122,47.603,-122.289,2280,6459
6145601890,20140819T000000,415000.0,5,1.75,1960,3748,1.0,0,0,3,7,980.0,980,1965,0,98133,47.7027,-122.349,1410,3844
203100435,20140918T000000,484000.0,1,0.0,690,23244,1.0,0,0,4,7,690.0,0,1948,0,98053,47.6429,-121.955,1690,19290
9468200140,20140819T000000,450000.0,2,1.75,1250,2890,1.0,0,0,4,7,790.0,460,1920,0,98103,47.6795,-122.353,1500,3225
5706200170,20141216T000000,425000.0,3,1.75,1680,14630,1.5,0,0,3,8,1680.0,0,1985,0,98027,47.5272,-122.044,1920,14630
2553300120,20150504T000000,629500.0,3,2.0,2020,10584,1.0,0,0,3,10,2020.0,0,1994,0,98075,47.5851,-122.028,3030,9870
8649400410,20150417T000000,375000.0,3,1.75,2140,13598,1.5,0,0,4,7,1620.0,520,1970,0,98014,47.7139,-121.321,930,10150
5605000215,20150225T000000,700000.0,4,1.0,1470,5450,1.5,0,0,3,7,1470.0,0,1918,0,98112,47.6458,-122.306,2160,5450
1332700020,20150116T000000,278000.0,2,2.25,1610,1968,2.0,0,0,4,7,1610.0,0,1979,0,98056,47.5184,-122.196,1950,1968
5608000190,20140714T000000,1520000.0,5,3.5,5930,13288,2.0,0,2,3,11,3920.0,2010,1996,0,98027,47.5542,-122.097,3860,12062
3574801310,20141216T000000,434000.0,3,2.25,1750,9353,1.0,0,0,3,7,1210.0,540,1987,0,98034,47.7305,-122.225,1930,8545
6141100380,20140515T000000,465000.0,3,1.75,1410,6886,1.0,0,0,3,7,1410.0,0,1924,2013,98133,47.7183,-122.353,1410,6561
2770605065,20141118T000000,450000.0,2,1.0,1180,6000,1.0,0,0,3,7,1180.0,0,1910,0,98119,47.6531,-122.373,1600,6000
6306100190,20140521T000000,220000.0,4,2.5,2160,8005,2.0,0,0,3,7,2160.0,0,1993,0,98001,47.2668,-122.231,1790,8016
9550200225,20140711T000000,625000.0,3,1.5,1230,3060,1.0,0,0,3,7,910.0,320,1927,0,98103,47.667,-122.333,1260,4488
1601600167,20140507T000000,365000.0,5,2.75,2410,5003,1.0,0,0,3,7,1410.0,1000,2008,0,98118,47.5298,-122.274,1590,5003
7234600098,20140905T000000,552100.0,3,3.0,1330,1379,2.0,0,0,4,8,1120.0,210,2005,0,98122,47.6126,-122.313,1810,1770
522079015,20150322T000000,608000.0,3,2.0,2400,217800,2.0,0,0,3,8,1590.0,810,1975,0,98038,47.4166,-121.94,2340,207781
5379801600,20150424T000000,255000.0,2,1.5,1480,9660,1.0,0,0,3,7,1480.0,0,1949,0,98188,47.4577,-122.289,1990,9660
2597501190,20150512T000000,270000.0,3,2.25,2080,26574,1.0,0,2,3,7,1380.0,700,1993,0,98002,47.2846,-122.192,1770,8140
65000085,20140708T000000,430000.0,3,2.0,1550,6039,1.0,0,0,5,7,830.0,720,1942,0,98126,47.5436,-122.378,1330,6042
9287800135,20140714T000000,1105000.0,5,3.25,3070,5000,2.0,0,0,3,9,2050.0,1020,2006,0,98103,47.6742,-122.356,2070,5000
7351200050,20141218T000000,1335000.0,4,1.75,2300,13342,1.5,1,4,3,7,2300.0,0,1934,1958,98125,47.7308,-122.282,2500,13342
7701960130,20141017T000000,820000.0,3,2.5,2980,18935,1.5,0,0,3,11,2980.0,0,1990,0,98077,47.7133,-122.079,3670,18225
5315100476,20141010T000000,760250.0,5,2.75,2540,8250,1.0,0,0,4,7,1440.0,1100,1953,0,98040,47.5875,-122.24,2540,11000
461005435,20150202T000000,519000.0,3,1.75,2000,5680,1.0,0,0,4,7,1080.0,920,1903,0,98117,47.6805,-122.366,1230,4535
3401700255,20140729T000000,595000.0,4,2.0,3090,87120,1.0,0,0,4,7,1590.0,1500,1974,0,98072,47.7275,-122.122,2560,88426
6928000440,20140718T000000,301950.0,3,1.75,1370,9288,1.0,0,0,4,7,1370.0,0,1988,0,98059,47.4824,-122.152,1500,9864
7137970340,20140703T000000,285000.0,5,2.5,2270,6300,2.0,0,0,3,8,2270.0,0,1995,0,98092,47.3266,-122.169,2240,7005
2721049061,20140709T000000,625000.0,3,1.75,3160,76230,1.0,0,0,4,8,2160.0,1000,1978,0,98001,47.274,-122.287,1990,45789
619079096,20150406T000000,750000.0,3,2.5,2350,715690,1.5,0,0,4,9,2350.0,0,1979,0,98022,47.1622,-121.971,1280,325393
6790900110,20140610T000000,563000.0,3,2.75,2340,16500,1.0,0,0,4,8,1500.0,840,1972,0,98075,47.5952,-122.051,2210,15251
3886902615,20140617T000000,720000.0,4,2.5,2650,11520,2.0,0,0,3,8,2110.0,540,1988,0,98033,47.683,-122.187,2000,7680
2112700895,20150326T000000,276000.0,2,1.0,720,4000,1.0,0,0,3,6,720.0,0,1918,0,98106,47.5346,-122.353,1630,4000
3211200140,20140710T000000,350000.0,4,2.0,1720,7210,1.0,0,0,3,7,860.0,860,1971,0,98034,47.7307,-122.239,1250,7210
1929300415,20141119T000000,710000.0,4,1.75,2000,6000,1.0,0,3,5,7,1000.0,1000,1956,0,98109,47.6428,-122.348,2610,4377
1245002445,20140714T000000,670000.0,2,1.75,1650,7500,1.0,0,0,4,7,1000.0,650,1959,0,98033,47.6871,-122.207,2530,9000
4222300040,20141216T000000,284850.0,3,1.5,1590,8256,1.0,0,1,3,7,1090.0,500,1969,0,98003,47.3488,-122.304,1950,7840
280610020,20140902T000000,825000.0,4,3.25,4110,14219,2.0,0,2,4,10,2570.0,1540,1979,0,98028,47.7382,-122.264,2760,12283
925059311,20140722T000000,810000.0,4,2.5,2910,6555,2.0,0,0,3,9,2910.0,0,2005,0,98033,47.6659,-122.172,2910,10419
4310702876,20141103T000000,398500.0,2,2.5,1780,1311,3.0,0,0,3,8,1350.0,430,2005,0,98103,47.6962,-122.34,1390,1227
1079450410,20150417T000000,450000.0,5,2.5,2510,10240,1.0,0,0,4,8,1410.0,1100,1984,0,98059,47.4732,-122.141,2170,10500
2231500030,20141001T000000,315000.0,4,2.25,2180,10754,1.0,0,0,5,7,1100.0,1080,1954,0,98133,47.7711,-122.341,1810,6929
1665400045,20150428T000000,186375.0,3,1.0,1000,7636,1.0,0,0,2,7,1000.0,0,1952,0,98166,47.472,-122.344,1150,7600
1081330180,20141222T000000,627000.0,4,2.5,2750,11830,2.0,0,0,3,9,2750.0,0,2014,0,98059,47.4698,-122.121,2310,11830
7200001259,20150501T000000,570000.0,3,1.75,2390,9000,1.0,0,0,3,8,1500.0,890,1975,0,98052,47.6809,-122.113,2040,9000
7312400075,20141216T000000,422500.0,2,1.0,910,4800,1.0,0,0,4,7,910.0,0,1923,0,98126,47.5536,-122.377,1450,5000
3649100320,20150430T000000,330000.0,2,1.0,1220,10000,1.0,0,0,5,7,1220.0,0,1950,0,98028,47.7405,-122.241,2000,9600
4019300195,20150124T000000,900000.0,3,3.0,2990,30869,2.0,0,0,3,10,2990.0,0,1951,2003,98155,47.7602,-122.278,1750,15802
5249804825,20140702T000000,545000.0,3,2.0,1340,7200,1.5,0,0,4,7,1340.0,0,1923,0,98118,47.5601,-122.265,1630,5760
1253200290,20150212T000000,265000.0,4,1.75,1860,9112,1.0,0,0,4,7,1110.0,750,1963,0,98032,47.3792,-122.282,1570,9112
1370802455,20140813T000000,1050000.0,4,4.5,3180,4606,2.0,0,3,4,9,1990.0,1190,1929,0,98199,47.6402,-122.405,2110,5323
3629970130,20140710T000000,735000.0,3,2.5,2820,8159,2.0,0,0,3,9,2820.0,0,2004,0,98029,47.5527,-121.992,2910,5000
7302000500,20140917T000000,345000.0,3,1.75,1240,38095,1.0,0,0,3,7,1240.0,0,1978,0,98053,47.6522,-121.97,2060,38552
1126059170,20150225T000000,760500.0,4,2.25,2310,36136,2.0,0,0,4,9,2310.0,0,1977,0,98072,47.7506,-122.122,3930,36136
3754501240,20150206T000000,1550000.0,3,4.0,5120,4600,3.0,0,2,3,11,4490.0,630,2008,0,98034,47.7052,-122.223,2510,5918
7211401485,20140606T000000,285000.0,2,1.0,780,5000,1.0,0,0,4,6,780.0,0,1943,0,98146,47.5112,-122.357,1030,5000
2923049421,20140702T000000,250000.0,3,2.25,1920,7738,1.0,0,0,3,8,1520.0,400,1965,0,98148,47.4562,-122.33,2170,8452
3277800823,20140820T000000,327000.0,2,2.0,1490,1627,2.0,0,0,3,8,1190.0,300,2009,0,98126,47.5455,-122.375,1400,1498
3856905185,20140624T000000,483000.0,2,1.75,1240,3000,1.5,0,0,3,7,1240.0,0,1906,0,98105,47.6689,-122.326,1800,4080
7977201065,20150305T000000,740000.0,3,1.75,1380,4590,1.0,0,0,2,7,930.0,450,1950,0,98115,47.6841,-122.293,1320,4692
2771600350,20140506T000000,575000.0,3,1.75,2130,6500,1.0,0,2,3,8,1170.0,960,1954,0,98199,47.6424,-122.386,2020,5000
1370804295,20150212T000000,860000.0,3,1.75,1860,5584,1.0,0,0,3,8,1310.0,550,1951,0,98199,47.637,-122.4,1630,6022
1133000671,20140602T000000,315000.0,3,1.0,960,6634,1.0,0,0,3,6,960.0,0,1952,0,98125,47.7264,-122.31,1570,7203
7519000471,20140625T000000,657000.0,4,2.5,2180,3375,1.5,0,0,4,7,1420.0,760,1926,0,98117,47.6846,-122.361,1560,3375
9264450550,20140520T000000,329995.0,4,2.5,2303,3680,2.0,0,0,3,8,2303.0,0,2013,0,98001,47.2599,-122.283,2303,3760
6841700070,20150317T000000,510000.0,2,1.0,1270,4500,1.5,0,0,4,7,1270.0,0,1919,0,98122,47.6059,-122.295,2140,4550
5451100490,20150115T000000,884900.0,7,4.75,5370,10800,1.5,0,0,3,8,5370.0,0,1967,0,98040,47.538,-122.223,2310,10910
7520000695,20141104T000000,151100.0,3,1.0,840,4495,1.0,0,0,3,6,840.0,0,1921,0,98146,47.496,-122.349,1260,7434
9498200091,20140925T000000,582500.0,2,2.0,1540,6804,1.0,0,0,5,7,1020.0,520,1942,0,98177,47.7044,-122.372,1380,6930
5468730280,20141013T000000,290000.0,4,2.5,1850,5674,2.0,0,0,3,7,1850.0,0,1993,0,98042,47.3536,-122.142,1750,6875
5530000050,20141027T000000,278000.0,3,1.75,2710,9088,1.0,0,0,4,7,2060.0,650,1965,0,98001,47.3073,-122.272,1690,10454
8731982550,20141210T000000,245000.0,4,1.75,2020,8800,1.0,0,0,4,8,2020.0,0,1969,0,98023,47.3202,-122.384,2320,8000
324000530,20150323T000000,459000.0,3,1.0,1320,5000,1.5,0,0,3,7,1320.0,0,1912,0,98116,47.5711,-122.386,1320,4179
3294700320,20150331T000000,325000.0,2,1.0,1070,8750,1.0,0,0,3,7,1070.0,0,1951,0,98055,47.4734,-122.198,1300,9670
3375300360,20140701T000000,217500.0,3,1.75,1400,9546,1.0,0,0,4,7,1400.0,0,1984,0,98003,47.3179,-122.331,1660,8550
2568800121,20140911T000000,512500.0,4,1.75,1540,8311,1.0,0,0,4,7,1540.0,0,1950,0,98125,47.7046,-122.293,1890,7996
2826049091,20140929T000000,259950.0,2,1.0,790,8100,1.0,0,0,3,6,790.0,0,1947,0,98125,47.7159,-122.305,1420,8100
8691390460,20140616T000000,699850.0,4,3.5,2690,6164,2.0,0,0,3,9,2690.0,0,2002,0,98075,47.599,-121.973,2910,5000
2754700170,20140804T000000,443500.0,2,1.0,1330,4140,1.0,0,0,4,7,930.0,400,1919,1940,98115,47.6802,-122.306,1410,5100
2354300915,20140903T000000,330000.0,2,1.0,720,7250,1.0,0,0,3,5,720.0,0,1943,0,98027,47.5267,-122.032,1760,7250
8682301600,20150504T000000,540000.0,3,2.5,1810,3930,2.0,0,0,3,8,1810.0,0,2008,0,98053,47.7169,-122.02,1560,5100
3339400515,20150113T000000,667000.0,3,2.75,2216,31215,1.0,0,0,3,9,2216.0,0,1968,2005,98092,47.3164,-122.199,2216,30048
5423010180,20140724T000000,825000.0,4,2.25,2770,9340,2.0,0,0,4,9,2770.0,0,1979,0,98027,47.5628,-122.081,3010,9340
5016001619,20150122T000000,699999.0,3,0.75,1240,4000,1.0,0,0,4,7,1240.0,0,1968,0,98112,47.6239,-122.297,1460,4000
856000985,20141106T000000,1430800.0,4,2.5,2910,7364,2.0,0,0,3,10,2910.0,0,2003,0,98033,47.6906,-122.213,2480,8400
3333000655,20150511T000000,334000.0,2,1.0,890,6000,1.0,0,0,3,6,890.0,0,1941,0,98118,47.5437,-122.281,1090,5900
6411600113,20150420T000000,375000.0,3,1.0,1210,7425,1.0,0,0,4,6,1210.0,0,1910,0,98133,47.7125,-122.33,1260,7425
2810600022,20141007T000000,335000.0,2,1.75,1060,1202,2.0,0,0,3,7,760.0,300,2003,0,98136,47.5426,-122.388,1060,1493
7772000010,20150309T000000,352500.0,4,2.0,1970,7451,1.0,0,0,3,8,1350.0,620,1962,0,98133,47.765,-122.335,1980,7510
8651611110,20140905T000000,817500.0,3,3.25,3230,7639,2.0,0,0,3,10,3230.0,0,1999,0,98074,47.6338,-122.063,3230,7772
1995200320,20150210T000000,280000.0,3,2.25,1220,5739,1.0,0,0,3,7,790.0,430,1984,0,98115,47.6952,-122.326,1870,5739
6114400142,20150226T000000,484000.0,5,2.5,3600,20001,2.0,0,0,4,9,3600.0,0,1976,0,98166,47.4484,-122.339,2860,21780
3416600800,20150209T000000,834000.0,4,2.5,2370,4000,1.5,0,2,5,8,1980.0,390,1928,0,98144,47.601,-122.294,2440,5750
1222069094,20141014T000000,385000.0,3,1.75,1350,155073,1.0,0,0,4,7,1350.0,0,1969,0,98038,47.4058,-121.994,1560,50965
1446800660,20150316T000000,276500.0,4,1.75,1400,6650,1.5,0,0,4,6,1400.0,0,1942,0,98168,47.4888,-122.332,1120,8645
8598900157,20150313T000000,263700.0,3,1.0,1200,6561,1.0,0,0,3,6,1200.0,0,1950,1968,98177,47.7763,-122.36,1340,9450
1568100920,20150408T000000,1950000.0,4,2.5,3440,14554,2.0,1,4,3,8,2170.0,1270,2012,0,98155,47.7364,-122.286,3170,11810
3880900245,20150202T000000,700000.0,6,3.0,2790,4550,2.5,0,0,4,8,2790.0,0,1907,0,98119,47.627,-122.361,2590,4550
5634500891,20150312T000000,319900.0,2,1.0,1380,9251,1.0,0,0,3,7,1380.0,0,1940,0,98028,47.7486,-122.249,1870,12158
1158700100,20140811T000000,575000.0,2,1.75,2770,19700,2.0,0,0,3,8,1780.0,990,1983,0,98177,47.7581,-122.365,2360,9700
9275200080,20141107T000000,295000.0,3,1.5,720,7450,1.0,0,1,1,5,720.0,0,1924,0,98126,47.584,-122.375,2600,7360
7686205020,20150312T000000,144975.0,2,1.0,900,7500,1.0,0,0,3,5,900.0,0,1940,0,98198,47.4177,-122.319,1350,7500
2122039137,20150413T000000,462500.0,3,2.5,1656,108900,1.0,0,0,4,7,1656.0,0,1985,0,98070,47.3758,-122.425,2030,29859
3876312570,20140811T000000,350500.0,3,2.25,1870,7200,1.0,0,0,3,7,1390.0,480,1975,0,98072,47.734,-122.174,1830,7876
8146100370,20140904T000000,735000.0,4,1.75,2100,7960,1.0,0,0,3,8,1340.0,760,1955,0,98004,47.6079,-122.195,2060,7960
1775920340,20150126T000000,484000.0,4,1.75,2440,16730,1.0,0,0,3,7,1390.0,1050,1976,0,98072,47.7406,-122.11,1390,11600
4123800260,20141103T000000,257700.0,4,2.25,1600,6202,2.0,0,0,4,7,1600.0,0,1986,0,98038,47.3784,-122.046,1530,6298
1922059027,20150123T000000,282510.0,4,1.0,1450,32234,1.5,0,0,4,6,1450.0,0,1932,0,98030,47.3818,-122.21,1530,10125
8651200080,20140619T000000,1190000.0,5,3.0,3330,19126,2.0,0,0,4,11,2610.0,720,1977,0,98040,47.5485,-122.214,3330,16893
9542830440,20150330T000000,340000.0,4,2.5,2090,4200,2.0,0,0,3,7,2090.0,0,2007,0,98038,47.3659,-122.017,2090,4200
100600860,20150324T000000,237500.0,3,1.75,1050,7854,1.0,0,0,4,7,1050.0,0,1975,0,98023,47.3011,-122.369,1360,7668
5649600266,20150224T000000,386000.0,3,1.5,1550,8000,1.0,0,0,3,6,1330.0,220,1980,0,98118,47.5536,-122.286,1150,5150
2619950350,20140508T000000,403000.0,3,2.75,2090,8354,2.0,0,0,3,8,2090.0,0,2012,0,98019,47.7336,-121.965,2280,6348
5418500650,20150325T000000,586000.0,4,2.25,1930,8338,1.0,0,0,3,8,1930.0,0,1968,0,98125,47.7026,-122.285,2280,7616
2115510160,20141208T000000,258950.0,3,1.75,1440,8050,1.0,0,0,3,8,1440.0,0,1985,0,98023,47.3187,-122.39,1790,7488
4083306552,20150310T000000,602000.0,3,3.25,1460,1367,3.0,0,0,3,8,1460.0,0,2008,0,98103,47.6485,-122.334,1310,1191
638100073,20140602T000000,327000.0,3,1.5,1320,13200,1.0,0,0,3,7,1320.0,0,1970,0,98059,47.5009,-122.143,1730,13200
644210020,20150105T000000,780000.0,4,2.5,3020,15164,1.0,0,0,4,8,1730.0,1290,1976,0,98004,47.5882,-122.192,2600,11556
1445500100,20150511T000000,900000.0,5,2.25,2510,35691,1.0,0,0,3,9,2510.0,0,1967,0,98005,47.6435,-122.154,3160,35037
5422570760,20141014T000000,445000.0,3,1.75,1850,7056,2.5,0,0,4,8,1850.0,0,1979,0,98052,47.6602,-122.13,1970,7056
7203210170,20140819T000000,702000.0,4,2.5,2650,6240,2.0,0,0,3,8,2650.0,0,2013,0,98053,47.6885,-122.021,2640,6524
235000075,20140718T000000,531000.0,5,2.75,2540,5022,1.0,0,0,4,8,1540.0,1000,1955,0,98108,47.5593,-122.3,2510,5182
7133300044,20140629T000000,397000.0,3,3.5,1360,1275,2.0,0,0,3,8,1240.0,120,2007,0,98144,47.5904,-122.315,1360,1275
8850000018,20141001T000000,412000.0,3,2.5,1200,813,3.0,0,0,3,9,1200.0,0,2010,0,98144,47.5894,-122.315,1750,4365
9406710060,20141114T000000,358000.0,5,2.5,2460,5604,2.0,0,0,3,8,2460.0,0,2011,0,98038,47.3658,-122.037,2210,6395
7577700061,20150416T000000,532000.0,3,1.0,2360,5012,1.0,0,0,3,7,1560.0,800,1964,0,98116,47.5705,-122.384,1690,4800
6838800140,20150224T000000,1100000.0,4,3.5,4270,40097,1.0,0,0,4,12,4270.0,0,1993,0,98077,47.7354,-122.078,3510,36149
9250900104,20141110T000000,300000.0,5,1.75,2110,8500,1.0,0,0,3,7,1100.0,1010,1962,0,98133,47.7737,-122.35,2020,8500
1545801630,20140721T000000,233000.0,3,2.0,1350,7686,1.0,0,0,3,7,1350.0,0,1989,0,98038,47.3609,-122.053,1470,7686
4024101050,20140602T000000,305000.0,3,1.0,950,13475,1.0,0,0,3,7,950.0,0,1950,0,98155,47.7543,-122.306,1240,8910
2320069189,20141027T000000,299990.0,2,1.0,1570,125452,1.0,0,3,4,7,1570.0,0,1953,0,98022,47.2077,-122.016,1660,46119
9268200484,20140513T000000,650000.0,4,2.5,2210,4861,2.0,0,0,3,9,2210.0,0,2013,0,98117,47.6959,-122.364,1590,5080
3578700073,20141110T000000,362000.0,3,1.75,1120,9730,1.0,0,0,3,7,1120.0,0,1944,1989,98011,47.7372,-122.221,2530,8717
8091670020,20140801T000000,379000.0,4,2.5,2260,5824,2.0,0,0,3,8,2260.0,0,2011,0,98038,47.3496,-122.042,2240,5561
3630240020,20140521T000000,556000.0,3,3.0,1960,1168,2.0,0,0,3,9,1600.0,360,2007,0,98027,47.5445,-122.014,2080,1423
3303230110,20140804T000000,424000.0,3,1.75,1430,6818,1.0,0,0,5,7,1430.0,0,1972,0,98034,47.7271,-122.196,1480,7210
9282801450,20150325T000000,361000.0,5,2.75,2380,7500,1.0,0,0,3,7,1300.0,1080,1984,0,98178,47.5009,-122.235,2400,6000
5381600110,20140618T000000,253779.0,4,2.0,2030,9600,1.5,0,0,3,6,1430.0,600,1947,0,98188,47.4459,-122.272,1820,14600
625049286,20140815T000000,640000.0,3,1.0,1530,4944,1.0,0,0,3,7,1530.0,0,1950,0,98103,47.6857,-122.341,1500,4944
2770604920,20140903T000000,497000.0,3,3.0,2060,1850,2.0,0,0,3,8,1400.0,660,2007,0,98119,47.6543,-122.373,1910,2951
8944320470,20140623T000000,345950.0,3,2.5,2110,4118,2.0,0,0,3,8,2110.0,0,1989,0,98042,47.3878,-122.153,2110,4044
8898700680,20140730T000000,295500.0,3,1.75,1330,10523,1.0,0,0,3,7,1000.0,330,1981,0,98055,47.4605,-122.206,1320,8775
1604600227,20150328T000000,441000.0,2,1.0,1150,3000,1.0,0,0,3,6,780.0,370,1915,0,98118,47.5624,-122.291,1150,5000
7950300005,20140528T000000,681000.0,3,1.0,1700,6356,1.5,0,0,3,7,1700.0,0,1907,0,98118,47.5677,-122.281,2080,6000
1565900070,20140721T000000,246500.0,3,2.0,1430,8919,1.0,0,0,3,7,1430.0,0,1992,0,98022,47.2118,-121.983,1580,8919
6620400205,20140806T000000,200000.0,2,1.0,1000,6227,1.0,0,0,3,6,1000.0,0,1949,0,98168,47.513,-122.333,1240,6250
8100400110,20140708T000000,557500.0,3,2.25,1820,9670,2.0,0,0,3,8,1820.0,0,1984,0,98052,47.6382,-122.11,2160,11424
3410600080,20140709T000000,734950.0,4,3.25,4280,47179,2.0,0,0,3,10,3050.0,1230,2002,0,98092,47.3017,-122.127,2820,43401
4157600180,20150223T000000,598780.0,4,2.25,3040,12160,1.0,0,0,4,7,1520.0,1520,1963,0,98007,47.5911,-122.133,2560,12090
2207500695,20150304T000000,1015000.0,4,2.5,2960,4760,2.0,0,0,3,8,2160.0,800,1900,0,98102,47.6367,-122.318,1600,4760
1352300120,20140529T000000,262000.0,2,1.0,1500,4120,1.5,0,0,3,5,880.0,620,1928,0,98055,47.4857,-122.2,1300,4120
9808630260,20150318T000000,1017000.0,3,2.5,2605,2216,2.0,0,2,4,9,2090.0,515,1979,0,98033,47.6529,-122.202,2605,1979
2397101185,20150303T000000,1500000.0,5,3.5,3520,5400,2.0,0,0,3,9,2400.0,1120,2008,0,98119,47.6364,-122.363,1360,3600
1826049225,20150417T000000,460000.0,4,1.75,1870,8663,1.0,0,0,5,7,1870.0,0,1949,0,98133,47.7366,-122.35,1560,7800
4253400100,20150410T000000,402723.0,3,2.75,1160,1073,2.0,0,0,3,7,880.0,280,2007,0,98144,47.5788,-122.315,1250,5400
7304300905,20150423T000000,252000.0,3,1.0,1300,8184,2.0,0,0,3,6,1300.0,0,1947,0,98155,47.7469,-122.319,1120,8184
5248800625,20150316T000000,385000.0,3,1.0,1070,4000,1.0,0,0,4,7,1070.0,0,1971,0,98108,47.5529,-122.305,1090,4000
4054550010,20150413T000000,1640000.0,5,4.0,4780,118047,2.0,0,0,3,11,4780.0,0,1994,0,98077,47.7243,-122.052,4040,31760
4400900030,20140602T000000,440000.0,4,2.75,2340,11034,1.0,0,0,3,8,1720.0,620,1967,0,98155,47.7686,-122.278,2370,11941
1824079107,20140528T000000,740000.0,4,2.25,2920,46355,2.0,0,0,4,9,2920.0,0,1998,0,98024,47.569,-121.962,2310,184694
3793500160,20150312T000000,323000.0,3,2.5,1890,6560,2.0,0,0,3,7,1890.0,0,2003,0,98038,47.3684,-122.031,2390,7570
1238501184,20140708T000000,999000.0,4,2.5,3130,10849,2.0,0,0,3,10,3130.0,0,2013,0,98033,47.6828,-122.186,2470,9131
3902100205,20150417T000000,515000.0,3,1.75,1190,4500,1.0,0,0,3,6,1190.0,0,1922,2012,98116,47.5576,-122.388,1820,4500
9253900408,20150408T000000,1400000.0,3,2.75,3130,19530,1.0,1,4,3,8,1690.0,1440,1947,1984,98008,47.5895,-122.111,2980,18782
1761100300,20141030T000000,220000.0,3,1.75,1230,7200,1.0,0,0,3,7,1230.0,0,1986,0,98023,47.2881,-122.363,1540,7210
1224059053,20141027T000000,1700000.0,5,2.0,2500,15250,2.0,1,4,5,8,2500.0,0,1942,0,98008,47.5883,-122.111,1880,18782
9368700341,20140822T000000,285000.0,3,2.0,2110,6900,1.5,0,0,5,6,1220.0,890,1955,0,98178,47.504,-122.26,1350,7683
1774220350,20150401T000000,510000.0,3,2.25,2370,38639,1.0,0,0,3,8,1930.0,440,1978,0,98077,47.771,-122.099,2900,37452
6161000015,20140515T000000,349950.0,3,1.0,1400,7066,1.0,0,0,3,8,1400.0,0,1957,0,98125,47.7127,-122.325,1400,7320
534000195,20141113T000000,510000.0,3,1.75,1370,6700,1.0,0,0,3,8,1370.0,0,1940,2012,98117,47.6982,-122.362,1180,6694
1670400090,20141124T000000,182000.0,3,1.0,1160,18055,1.0,0,0,2,5,1160.0,0,1950,0,98168,47.4772,-122.269,1340,10324
1725059209,20140929T000000,698000.0,6,2.5,2680,11250,1.0,0,0,5,7,1340.0,1340,1967,0,98033,47.6553,-122.19,2200,9875
1321970240,20141204T000000,265000.0,4,2.5,2040,4443,2.0,0,0,3,8,2040.0,0,2001,0,98092,47.3182,-122.189,2040,4637
3421079032,20150217T000000,75000.0,1,0.0,670,43377,1.0,0,0,3,3,670.0,0,1966,0,98022,47.2638,-121.906,1160,42882
809000525,20140826T000000,872500.0,3,2.5,2040,6000,1.0,0,0,3,8,1840.0,200,1951,0,98109,47.6334,-122.35,1820,4920
1588600045,20141215T000000,459000.0,2,1.75,1170,4887,1.0,0,0,3,6,1020.0,150,1929,0,98117,47.695,-122.366,1170,5441
1425059145,20140616T000000,455000.0,2,1.5,1310,12196,1.5,0,0,3,6,1310.0,0,1970,0,98052,47.6487,-122.122,2970,12196
1352300520,20150113T000000,294000.0,3,3.0,1670,4120,1.5,0,0,3,7,1140.0,530,1929,2012,98055,47.4881,-122.199,1010,4120
7613700950,20140610T000000,1240000.0,5,3.0,2830,7500,2.0,0,0,3,9,2460.0,370,1923,0,98105,47.6579,-122.277,2900,5000
3717000250,20150422T000000,321000.0,3,2.5,2014,4500,2.0,0,0,3,7,2014.0,0,2005,0,98001,47.3371,-122.256,2014,4500
3528900330,20140707T000000,1450000.0,4,3.25,3770,4103,2.0,0,0,5,9,2710.0,1060,1925,0,98109,47.641,-122.349,2560,4160
7226000110,20140726T000000,205000.0,2,1.0,900,4397,1.0,0,0,3,6,900.0,0,1918,0,98055,47.4851,-122.205,1430,4500
7942300070,20140915T000000,229900.0,4,1.75,1550,9899,1.0,0,0,4,7,1550.0,0,1967,0,98030,47.3583,-122.183,1500,11272
7972604001,20140718T000000,354000.0,5,1.75,1830,7986,1.0,0,0,4,7,1060.0,770,1962,0,98106,47.5208,-122.35,1410,7260
3670500710,20140715T000000,405500.0,3,1.5,1010,8108,1.0,0,0,5,7,1010.0,0,1954,0,98155,47.7359,-122.309,1300,8108
2621760480,20141014T000000,367000.0,4,2.5,2350,8182,2.0,0,0,3,8,2350.0,0,1997,0,98042,47.3697,-122.106,2330,7000
7752400075,20150428T000000,450000.0,3,2.25,1960,10682,1.0,0,0,3,7,1960.0,0,1957,0,98008,47.6319,-122.124,1540,10682
1787250210,20141222T000000,379000.0,4,2.75,2410,5225,2.0,0,0,3,8,2410.0,0,2001,0,98058,47.4244,-122.151,2300,5378
1725059316,20141120T000000,2385000.0,4,4.0,6330,13296,2.0,0,2,3,13,4900.0,1430,2000,0,98033,47.6488,-122.201,2200,9196
2490200620,20140811T000000,535000.0,3,1.0,1660,5100,1.0,0,0,3,7,1260.0,400,1957,0,98136,47.5323,-122.383,1230,5100
7547300050,20140515T000000,295000.0,3,1.5,850,2500,1.0,0,0,3,7,850.0,0,1986,0,98106,47.5677,-122.36,850,5000
1925069121,20150330T000000,960000.0,3,2.5,1730,4102,3.0,1,4,3,8,1730.0,0,1996,0,98074,47.645,-122.084,2340,16994
6749700063,20141215T000000,356000.0,2,2.25,1230,989,3.0,0,0,3,8,1230.0,0,2007,0,98103,47.6975,-122.348,1230,1223
9551201250,20140902T000000,750000.0,3,1.0,1640,6516,1.5,0,0,4,7,1440.0,200,1935,0,98103,47.6693,-122.339,1770,4000
8019200925,20150429T000000,315000.0,5,1.75,1850,14800,1.5,0,0,3,6,1760.0,90,1937,0,98168,47.4935,-122.321,1250,14800
6126601380,20150222T000000,490000.0,2,1.0,1760,5250,1.0,0,2,4,7,1000.0,760,1951,0,98126,47.5577,-122.379,1760,5400
3530490031,20140924T000000,202200.0,2,1.75,1330,2159,1.0,0,0,4,8,1330.0,0,1979,0,98198,47.3822,-122.32,1220,3679
686900010,20140528T000000,898000.0,5,1.5,2680,28014,1.0,0,0,4,8,1450.0,1230,1963,0,98004,47.6348,-122.196,2900,22180
3191000240,20140612T000000,400000.0,3,1.75,1590,8219,1.5,0,0,5,6,970.0,620,1938,0,98034,47.7146,-122.217,2030,7504
7507500015,20140730T000000,442500.0,3,1.5,1800,8303,1.0,0,0,3,7,1200.0,600,1957,0,98133,47.7693,-122.357,1800,8171
3260200110,20141208T000000,851500.0,3,2.0,3200,18184,1.0,0,0,5,8,2000.0,1200,1977,0,98005,47.6034,-122.172,1670,7416
1337800220,20140908T000000,1003000.0,4,2.5,2230,3600,2.0,0,0,5,8,1630.0,600,1906,0,98112,47.6304,-122.309,2410,4800
1732800194,20141113T000000,840000.0,2,2.5,1680,975,3.0,0,0,3,9,1680.0,0,2009,0,98119,47.6321,-122.361,1680,977
3111300040,20140801T000000,435000.0,3,2.25,1740,8491,1.0,0,0,3,8,1240.0,500,1958,0,98177,47.7758,-122.379,2080,8494
9407102460,20150323T000000,178500.0,3,1.75,1120,10450,1.0,0,0,3,7,1120.0,0,1973,0,98045,47.4418,-121.772,1250,10414
5153200506,20140731T000000,217000.0,3,1.0,1000,12000,1.0,0,0,3,7,1000.0,0,1959,0,98023,47.3321,-122.346,1490,14940
3333001430,20140912T000000,509000.0,3,3.0,2130,5000,1.5,0,0,3,7,1570.0,560,1913,0,98118,47.5451,-122.284,1638,4500
8807810890,20140827T000000,259875.0,3,1.0,1250,21303,1.0,0,0,3,6,1250.0,0,1970,0,98053,47.6625,-122.059,1250,17920
5315100806,20140915T000000,940000.0,4,3.0,2720,11740,1.0,0,0,5,9,2720.0,0,1957,0,98040,47.5833,-122.242,2640,11740
6123000225,20140625T000000,260000.0,3,1.5,1580,8184,1.0,0,0,3,7,1140.0,440,1954,0,98148,47.4294,-122.331,1540,9476
6705600020,20150324T000000,919990.0,5,3.25,3960,6352,2.0,0,0,3,10,3960.0,0,2014,0,98075,47.5806,-122.055,2930,9875
4037000160,20140615T000000,506000.0,5,3.0,2430,8000,1.0,0,0,4,7,1370.0,1060,1957,0,98008,47.603,-122.12,1770,8000
1939130420,20140715T000000,640000.0,4,2.5,2500,7417,2.0,0,0,3,9,2500.0,0,1991,0,98074,47.6251,-122.026,2770,8188
8965400010,20140606T000000,715000.0,3,2.5,2550,13458,2.0,0,0,3,9,2550.0,0,1990,0,98006,47.5586,-122.121,3180,13458
4364200250,20141201T000000,400375.0,4,1.75,1690,7680,1.0,0,0,5,6,890.0,800,1946,0,98126,47.5296,-122.375,1060,7680
985000833,20140910T000000,209977.0,3,1.0,1170,6134,1.0,0,0,4,7,1170.0,0,1948,0,98168,47.4941,-122.312,1440,9823
9169600043,20150424T000000,765000.0,3,1.75,2190,6450,1.0,0,0,3,8,1480.0,710,1957,0,98136,47.5284,-122.391,2190,6450
2798600120,20150422T000000,298000.0,4,2.5,1960,11798,2.0,0,0,3,8,1960.0,0,1999,0,98092,47.3293,-122.205,2360,11785
7212680080,20141015T000000,300000.0,3,1.75,1700,8481,2.0,0,0,3,7,1700.0,0,1993,0,98003,47.2623,-122.305,1830,6600
2881700231,20150422T000000,337000.0,3,1.75,1440,11364,1.0,0,0,3,7,1440.0,0,1985,0,98155,47.743,-122.328,1950,9390
303000220,20150421T000000,375000.0,4,2.0,2270,18450,1.0,0,0,3,7,2270.0,0,1961,0,98001,47.3264,-122.262,2150,18450
1328340630,20150403T000000,330490.0,3,2.75,1440,7350,1.0,0,0,4,7,1040.0,400,1980,0,98058,47.4431,-122.138,1510,7350
7526800040,20140827T000000,716000.0,4,2.25,2480,9780,1.0,0,0,4,8,1900.0,580,1975,0,98052,47.6388,-122.099,2640,9780
7525530590,20140720T000000,760000.0,4,2.5,2990,12788,2.0,0,0,3,10,2990.0,0,1988,0,98075,47.5601,-122.037,3250,12212
4233400340,20140820T000000,185000.0,3,1.75,1430,10816,2.0,0,0,3,7,1430.0,0,1994,0,98010,47.3122,-121.996,1560,10816
4206901155,20140924T000000,575000.0,3,2.0,2168,4000,1.5,0,0,3,8,2168.0,0,1907,0,98105,47.6561,-122.325,1770,4000
4058801230,20150305T000000,256000.0,4,1.75,1270,6825,1.0,0,2,3,7,1270.0,0,1950,0,98178,47.5051,-122.242,1800,6930
7568700215,20150312T000000,399500.0,4,1.5,1660,6617,1.0,0,0,5,7,1660.0,0,1947,0,98155,47.739,-122.323,950,7440
1137800460,20141209T000000,465000.0,3,2.5,2870,25663,2.0,0,0,3,10,2870.0,0,1988,0,98003,47.2769,-122.333,2950,24347
3992700265,20140804T000000,385100.0,3,1.0,1060,8040,1.0,0,0,4,6,1060.0,0,1949,0,98125,47.7121,-122.287,1300,7620
6690500070,20140721T000000,579000.0,3,2.5,1990,4040,1.5,0,0,5,8,1390.0,600,1926,0,98103,47.6867,-122.354,1180,3030
2557000380,20140618T000000,287500.0,4,2.5,2570,9000,1.0,0,0,4,8,1590.0,980,1979,0,98023,47.2986,-122.372,2120,8571
7904700134,20140626T000000,390000.0,3,3.25,1370,913,2.0,0,0,3,8,1100.0,270,2006,0,98116,47.5636,-122.388,1370,915
8945100320,20141008T000000,224097.0,3,1.5,1420,8580,1.0,0,0,3,6,1420.0,0,1962,0,98023,47.3076,-122.362,1200,8580
6448000090,20140512T000000,1575000.0,5,2.75,3650,20150,1.0,0,0,4,10,2360.0,1290,1975,0,98004,47.6215,-122.224,3220,19800
6620400025,20150501T000000,245000.0,3,1.0,1380,9875,1.0,0,0,3,7,1380.0,0,1959,0,98168,47.5131,-122.334,1200,6250
2799800710,20150407T000000,301000.0,3,2.5,2420,4750,2.0,0,0,3,8,2420.0,0,2003,0,98042,47.3663,-122.122,2690,4750
3679400503,20150330T000000,330000.0,3,1.75,1300,958,2.0,0,0,3,7,840.0,460,2011,0,98108,47.5677,-122.314,1340,1254
2822049254,20140516T000000,375000.0,4,2.5,2790,7956,2.0,0,0,3,9,2790.0,0,2005,0,98198,47.3681,-122.31,1660,8192
7503000050,20140807T000000,390000.0,3,2.5,1690,10113,1.0,0,0,3,7,1310.0,380,1991,0,98028,47.7381,-122.223,1690,10113
2320069014,20140709T000000,495000.0,3,2.0,2660,192099,1.0,0,0,4,9,2660.0,0,1964,0,98022,47.2098,-122.016,2570,43561
7140700850,20150326T000000,350000.0,4,2.5,2560,5428,2.0,0,0,3,8,2560.0,0,2012,0,98042,47.3835,-122.095,2620,5428
6600060120,20150223T000000,400000.0,4,2.5,2310,5813,2.0,0,0,3,8,2310.0,0,2014,0,98146,47.5107,-122.362,1830,7200
323059146,20150417T000000,343000.0,3,1.0,1410,18600,1.0,0,0,5,7,1410.0,0,1960,0,98059,47.5031,-122.152,1610,24941
1545801970,20140516T000000,250000.0,3,2.0,1900,6660,1.0,0,0,5,7,950.0,950,1966,0,98038,47.3594,-122.054,1690,8111
8944290160,20141104T000000,230000.0,3,2.0,1510,3413,2.0,0,0,3,7,1510.0,0,1985,0,98031,47.3912,-122.167,1570,3777
2522059251,20150409T000000,465000.0,3,2.5,2050,15035,2.0,0,0,3,9,2050.0,0,2006,0,98042,47.3619,-122.122,1300,15836
7787110060,20141013T000000,432900.0,3,2.5,2210,9226,2.0,0,0,3,8,2210.0,0,1998,0,98045,47.4849,-121.782,2430,8902
2944010210,20150218T000000,1093000.0,4,2.5,3930,21894,2.0,0,0,3,11,3930.0,0,1987,0,98052,47.7209,-122.128,3930,20000
4299700095,20140516T000000,254000.0,4,2.0,1510,4235,1.0,0,0,3,7,1510.0,0,1955,0,98108,47.546,-122.293,1510,4268
3825311210,20140827T000000,699000.0,3,2.5,2680,5497,2.0,0,0,3,9,2680.0,0,2001,0,98052,47.7043,-122.128,2780,5497
2624079022,20141020T000000,530000.0,3,2.25,1880,100623,1.5,0,0,3,8,1880.0,0,1987,2007,98024,47.5342,-121.883,2520,21689
4036800015,20141001T000000,465000.0,4,1.75,1730,11700,1.0,0,0,3,7,880.0,850,1956,0,98008,47.6031,-122.13,1570,7820
9274203190,20140611T000000,650000.0,2,1.0,1030,5750,1.0,0,0,5,8,1030.0,0,1928,0,98116,47.5861,-122.391,1570,5750
3333002790,20150123T000000,243500.0,2,1.0,900,5016,1.0,0,0,3,6,900.0,0,1948,0,98118,47.542,-122.282,1420,5184
9526600260,20140729T000000,750000.0,4,2.5,3080,4553,2.5,0,0,3,8,3080.0,0,2008,0,98052,47.7066,-122.112,2750,4929
7214400095,20141027T000000,667500.0,3,2.0,2040,4841,1.0,0,0,4,7,1020.0,1020,1949,0,98115,47.6778,-122.302,1600,4841
7313200120,20141031T000000,605000.0,4,3.25,2885,33671,2.0,0,0,4,8,2885.0,0,1984,0,98027,47.5174,-122.046,1910,16000
1525069058,20140626T000000,568000.0,4,1.75,2110,265716,1.0,0,0,4,8,2110.0,0,1979,0,98053,47.657,-122.026,2110,110597
2005600090,20140514T000000,160000.0,3,1.0,860,11900,1.0,0,0,4,6,860.0,0,1963,0,98030,47.3574,-122.186,1660,10248
6673050020,20150401T000000,300000.0,6,2.5,2590,11250,1.0,0,0,4,8,1390.0,1200,1978,0,98055,47.4608,-122.196,2270,8360
369000690,20140812T000000,403504.0,4,1.0,1060,5750,1.0,0,0,3,6,950.0,110,1904,0,98199,47.6562,-122.389,1790,5857
2883200775,20141113T000000,799000.0,3,1.0,1510,4178,2.0,0,0,3,8,1510.0,0,1902,1979,98103,47.6849,-122.335,2140,4916
4365200865,20140902T000000,384950.0,3,1.0,1540,7740,1.0,0,0,4,7,1540.0,0,1909,0,98126,47.522,-122.375,1220,7740
7853361310,20141215T000000,425000.0,4,2.5,1950,5000,2.0,0,0,3,8,1950.0,0,2012,0,98065,47.515,-121.872,2710,5000
3723800097,20141211T000000,476500.0,4,1.75,1670,10200,1.0,0,0,3,7,1390.0,280,1953,0,98118,47.5524,-122.267,1720,6860
8732160240,20141017T000000,223000.0,3,1.75,1360,10573,1.0,0,0,4,7,1360.0,0,1984,0,98023,47.2983,-122.374,1580,8280
2158900140,20140905T000000,695000.0,3,3.75,2380,3600,1.5,0,0,3,7,1690.0,690,1927,0,98112,47.6374,-122.307,1990,3520
5332200375,20141203T000000,900000.0,3,2.5,2320,5000,2.0,0,0,3,8,1620.0,700,1907,1993,98112,47.6278,-122.292,2160,5000
2856100250,20141106T000000,735000.0,4,2.5,2470,2550,3.0,0,0,3,8,2470.0,0,2004,0,98117,47.6765,-122.389,1270,3060
7349800780,20140805T000000,175000.0,2,1.75,1050,9800,1.5,0,0,4,6,1050.0,0,1975,0,98019,47.7595,-121.473,1230,12726
2224079086,20141110T000000,520000.0,3,1.75,1430,53628,2.0,0,0,3,8,1430.0,0,1985,0,98024,47.5577,-121.891,2100,53628
3342104046,20140708T000000,1570000.0,4,2.25,2890,18226,3.0,1,4,3,10,2890.0,0,1984,0,98056,47.5169,-122.209,2870,11151
7867500021,20140616T000000,470000.0,3,1.5,1760,6723,1.0,0,0,3,7,1160.0,600,1958,0,98118,47.5514,-122.266,2080,8965
7811210200,20150420T000000,542500.0,4,2.25,1750,10160,1.0,0,0,3,8,1320.0,430,1972,0,98005,47.5909,-122.158,2170,11165
2329800110,20150128T000000,296500.0,3,2.5,1770,6033,2.0,0,0,4,7,1770.0,0,1987,0,98042,47.3764,-122.119,1590,6510
9413500350,20140707T000000,450000.0,3,1.75,1480,8394,1.0,0,0,4,8,1480.0,0,1971,0,98052,47.6634,-122.144,1920,9184
8001100030,20150102T000000,256000.0,3,2.5,1570,5113,1.0,0,0,3,7,1090.0,480,1996,0,98001,47.3327,-122.29,1570,5150
8656800190,20141002T000000,280000.0,3,1.75,2080,87991,1.0,0,0,3,6,1040.0,1040,1970,0,98014,47.6724,-121.865,2080,84300
4215100060,20150320T000000,365000.0,3,2.5,2653,4510,2.0,0,0,3,8,2653.0,0,2006,0,98031,47.4145,-122.166,2653,4927
2025059204,20140730T000000,1013050.0,4,2.5,2480,12688,1.0,0,0,4,9,1820.0,660,1967,0,98004,47.6344,-122.205,2910,11979
2767900355,20140627T000000,523460.0,5,1.75,1890,5000,1.5,0,0,3,7,1090.0,800,1906,0,98107,47.6711,-122.372,1610,5000
8651410090,20150508T000000,209000.0,2,1.0,840,5265,1.0,0,0,5,6,840.0,0,1969,0,98042,47.3644,-122.082,920,5100
1858600012,20140605T000000,310000.0,4,2.25,2192,12128,2.0,0,0,3,8,2192.0,0,2006,0,98030,47.3644,-122.2,1914,4649
9485951510,20140915T000000,450000.0,3,2.5,2790,48994,2.0,0,0,4,9,2790.0,0,1984,0,98042,47.3487,-122.088,2550,37834
1822059073,20150414T000000,300000.0,3,1.0,1380,12000,1.0,0,0,3,7,1380.0,0,1963,0,98031,47.3997,-122.215,1890,22001
8731990700,20140625T000000,299950.0,3,1.75,1790,7650,1.0,0,3,3,9,1790.0,0,1978,0,98023,47.3213,-122.385,2540,7600
9828702895,20141022T000000,700000.0,4,1.75,2420,520,1.5,0,0,3,7,2420.0,0,1900,0,98112,47.6209,-122.302,1200,1170
7942601895,20140819T000000,640000.0,3,2.5,2160,4000,1.5,0,0,3,8,1960.0,200,1903,2013,98122,47.6045,-122.307,2160,5120
1352300315,20140808T000000,219950.0,2,1.0,1010,4120,2.0,0,0,3,6,1010.0,0,1907,1953,98055,47.488,-122.2,1200,4120
2896600020,20150325T000000,460000.0,3,1.75,1520,7700,1.0,0,0,3,7,820.0,700,1969,0,98034,47.7226,-122.219,1420,7674
3223059173,20141104T000000,275000.0,4,2.0,1480,15000,1.0,0,0,4,7,1480.0,0,1957,0,98055,47.4312,-122.196,1450,8768
5317100325,20150303T000000,883000.0,4,2.5,2800,6874,2.0,0,0,3,9,2170.0,630,1990,0,98112,47.6215,-122.29,1430,6240
4233400480,20141124T000000,240000.0,3,2.0,1190,10299,1.0,0,0,3,7,1190.0,0,1994,0,98010,47.314,-122.0,1700,9849
6648760100,20140711T000000,299950.0,3,2.5,1600,9830,2.0,0,0,4,8,1600.0,0,1993,0,98001,47.339,-122.266,1890,8910
925069111,20150507T000000,568000.0,3,1.75,1760,235224,1.0,0,0,3,7,1760.0,0,1973,0,98053,47.6735,-122.041,2320,87120
6400700230,20150311T000000,450000.0,3,2.25,1420,13468,1.0,0,0,3,7,960.0,460,1976,0,98033,47.6693,-122.176,1480,10980
1020069017,20150327T000000,700000.0,4,1.0,1300,1651359,1.0,0,3,4,6,1300.0,0,1920,0,98022,47.2313,-122.023,2560,425581
558100065,20141003T000000,254922.0,2,1.0,780,8160,1.0,0,0,4,6,780.0,0,1953,0,98133,47.7356,-122.34,1310,8160
3365901435,20140623T000000,165000.0,3,1.0,1200,13100,1.0,0,0,3,6,1200.0,0,1943,0,98168,47.475,-122.258,1960,11285
9393700065,20150423T000000,515000.0,3,1.75,1300,5120,1.5,0,0,4,6,1300.0,0,1925,0,98116,47.5589,-122.394,1090,5124
2739200160,20140612T000000,333000.0,4,2.5,1910,9244,1.0,0,0,4,6,1910.0,0,1963,0,98059,47.4918,-122.141,2590,9286
8728100781,20140516T000000,375000.0,3,1.5,1100,1751,2.0,0,0,3,8,940.0,160,2007,0,98144,47.5927,-122.306,1380,1751
8656800020,20150212T000000,309000.0,3,2.5,1450,11480,2.0,0,0,3,7,1450.0,0,1990,0,98014,47.672,-121.864,2080,87991
6819100122,20140605T000000,546000.0,2,1.0,970,3400,1.0,0,0,3,7,970.0,0,1924,0,98109,47.6444,-122.357,1180,3600
5694000768,20140922T000000,550000.0,3,2.25,1700,1481,3.0,0,0,3,8,1700.0,0,2002,0,98103,47.6598,-122.349,1560,1350
3521049048,20140811T000000,515000.0,3,2.5,3430,48993,2.0,0,0,3,9,3430.0,0,2001,0,98001,47.2609,-122.27,2460,36256
6891100330,20150325T000000,799000.0,4,2.75,3340,5677,2.0,0,0,3,9,3340.0,0,2011,0,98052,47.709,-122.118,3240,5643
7504400620,20150413T000000,418500.0,3,2.0,1800,12440,1.0,0,0,3,8,1220.0,580,1978,0,98074,47.6254,-122.05,2460,12352
5553300375,20140820T000000,2160000.0,3,3.5,3080,6495,2.0,0,3,3,11,2530.0,550,1996,2006,98199,47.6321,-122.393,4120,8620
1118500010,20150327T000000,875000.0,5,3.25,4230,21455,2.0,0,0,3,10,2720.0,1510,1990,0,98074,47.6375,-122.015,3280,22393
2144800215,20140519T000000,285000.0,4,1.75,2080,13629,1.0,0,0,4,7,1040.0,1040,1955,0,98178,47.4866,-122.232,1780,14659
3876900089,20150430T000000,687015.0,3,1.75,1470,873,3.0,0,0,3,10,1470.0,0,2009,0,98119,47.6256,-122.362,1410,967
4292300010,20140527T000000,405000.0,3,1.75,1980,8100,1.0,0,0,4,7,1310.0,670,1949,0,98133,47.7353,-122.331,1450,8212
3630220220,20140923T000000,775000.0,4,3.5,3060,4573,2.0,0,0,3,9,2410.0,650,2012,0,98029,47.5522,-122.001,3170,3634
807800190,20150204T000000,245000.0,3,1.75,2350,12720,1.0,0,0,4,7,1180.0,1170,1964,0,98030,47.3594,-122.175,1680,10400
2260000340,20141115T000000,700000.0,4,1.75,2340,9100,1.0,0,0,3,8,1610.0,730,1975,0,98052,47.6401,-122.108,2470,11000
7853310590,20140529T000000,658000.0,4,2.75,3310,6166,2.0,0,0,3,9,3310.0,0,2008,0,98065,47.521,-121.877,3200,7027
6414100133,20140522T000000,337000.0,3,1.0,1070,6109,1.0,0,0,5,7,1070.0,0,1951,0,98125,47.7207,-122.32,1170,7200
2322029048,20141119T000000,999000.0,3,2.75,2830,505166,1.0,1,3,4,8,1830.0,1000,1962,0,98070,47.3782,-122.514,2120,21988
5456000280,20150310T000000,820000.0,5,2.5,3160,8000,1.0,0,0,4,7,1580.0,1580,1960,0,98040,47.5735,-122.208,2440,8079
1853080790,20141215T000000,869950.0,4,2.75,3140,7928,2.0,0,0,3,9,3140.0,0,2013,0,98074,47.5923,-122.058,3500,7055
8029510010,20141030T000000,299250.0,3,2.5,2530,8669,2.0,0,0,3,9,2530.0,0,1990,0,98023,47.3073,-122.395,2530,9469
6865200831,20140507T000000,475000.0,2,1.0,820,2723,1.0,0,0,3,7,820.0,0,1921,0,98103,47.6623,-122.339,1370,3850
646910160,20140903T000000,237000.0,3,2.5,1490,2138,2.0,0,0,3,7,1490.0,0,2005,0,98055,47.4324,-122.197,1490,2094
5021900779,20150404T000000,785000.0,3,2.0,1600,9638,1.0,0,0,5,7,1600.0,0,1952,0,98040,47.5753,-122.224,1800,11400
5137800130,20150407T000000,388500.0,4,2.5,2718,6197,2.0,0,0,3,8,2718.0,0,2006,0,98092,47.3255,-122.164,2667,5000
7936500172,20140528T000000,1175000.0,3,2.5,1970,23180,1.0,1,4,3,8,1100.0,870,1937,1998,98136,47.5495,-122.398,3030,34689
824059324,20150325T000000,1450000.0,4,3.5,3720,8301,2.0,0,0,3,10,2880.0,840,2008,0,98004,47.5885,-122.199,2080,9676
2770601457,20150210T000000,542300.0,3,2.25,1580,1487,3.0,0,0,3,9,1580.0,0,2013,0,98199,47.6514,-122.386,1600,1525
4389201021,20140701T000000,1014250.0,3,1.0,1640,12855,1.5,0,0,5,6,1500.0,140,1920,0,98004,47.6169,-122.212,2190,11262
5469700052,20141113T000000,275000.0,3,1.5,1510,16200,1.0,0,0,3,7,1510.0,0,1970,0,98031,47.3926,-122.167,1650,13950
1081330060,20140813T000000,375000.0,4,2.25,2100,12738,2.0,0,0,4,8,2100.0,0,1975,0,98059,47.4698,-122.118,2000,12090
2909700070,20140527T000000,455500.0,3,2.0,1460,10311,1.0,0,0,4,7,1460.0,0,1975,0,98052,47.6771,-122.156,1690,9679
5700004040,20140905T000000,1500000.0,3,3.25,3990,8505,2.0,0,2,3,9,2870.0,1120,1922,1999,98144,47.5744,-122.283,3640,8505
1721801010,20140903T000000,225000.0,3,1.0,1790,6120,1.0,0,0,3,6,1790.0,0,1937,1964,98146,47.508,-122.337,830,6120
2517010120,20150413T000000,340000.0,4,2.5,2450,6941,2.0,0,0,3,7,2450.0,0,2006,0,98042,47.4006,-122.162,3300,6941
5729000070,20150128T000000,545000.0,4,2.0,5461,22880,1.0,0,0,4,9,3265.0,2196,1964,0,98032,47.3557,-122.29,1940,10995
4142450510,20140723T000000,310000.0,3,2.5,1990,3600,2.0,0,0,3,7,1990.0,0,2004,0,98038,47.3841,-122.041,1790,3600
1924069058,20141010T000000,965000.0,4,3.25,5010,49222,2.0,0,0,5,9,3710.0,1300,1978,0,98027,47.5489,-122.092,3140,54014
2742100085,20141104T000000,449500.0,6,4.0,2280,5275,1.0,0,0,3,7,1270.0,1010,1998,0,98108,47.5556,-122.294,1760,6642
1771000890,20140917T000000,305000.0,3,1.0,1160,9750,1.0,0,0,3,7,1160.0,0,1967,0,98077,47.7422,-122.073,1160,9650
2391601445,20150304T000000,840000.0,3,3.0,3570,6250,2.0,0,2,3,10,2710.0,860,1985,0,98116,47.5624,-122.399,2550,7596
6699000710,20140520T000000,289000.0,3,2.5,2090,4700,2.0,0,0,3,8,2090.0,0,2002,0,98042,47.3724,-122.104,2740,5040
9406500480,20150420T000000,273000.0,2,2.0,1384,1822,2.0,0,0,3,7,1384.0,0,1990,0,98028,47.7525,-122.244,1078,1315
7686202065,20140723T000000,170000.0,4,1.75,1920,7500,1.0,0,0,4,7,1920.0,0,1962,0,98198,47.4222,-122.318,1490,8000
1926069137,20140707T000000,775000.0,4,3.25,4100,241322,2.0,0,0,3,9,2500.0,1600,1981,0,98072,47.7302,-122.096,3770,87821
395300330,20141211T000000,354000.0,3,1.0,1130,11250,1.0,0,0,3,7,1130.0,0,1965,0,98034,47.7254,-122.227,1410,11250
4054560170,20140611T000000,875000.0,4,2.5,3470,32109,2.0,0,0,3,10,3470.0,0,1995,0,98077,47.7311,-122.036,3800,35181
855700170,20150225T000000,482000.0,4,2.25,2240,8322,2.0,0,0,3,8,2240.0,0,1979,0,98034,47.728,-122.206,2240,6448
2391602250,20140626T000000,440000.0,4,1.5,1770,5750,2.0,0,0,3,7,1770.0,0,1947,0,98116,47.5621,-122.394,970,5750
7697870310,20140514T000000,266000.0,3,2.5,1780,7214,1.0,0,0,4,7,1400.0,380,1986,0,98030,47.3667,-122.182,1520,7228
3764500090,20140521T000000,655000.0,4,3.5,2350,13402,2.0,0,3,3,8,1670.0,680,1994,0,98033,47.6947,-122.19,2250,9474
1312900180,20150325T000000,225000.0,3,1.0,1250,7820,1.0,0,0,3,7,1250.0,0,1967,0,98001,47.3397,-122.291,1300,7920
2331540070,20140703T000000,342000.0,4,2.5,2300,6448,2.0,0,0,3,8,2300.0,0,2001,0,98030,47.3813,-122.204,1860,5872
2420069220,20141203T000000,209000.0,3,1.0,1320,3954,1.5,0,0,3,6,1320.0,0,1912,2014,98022,47.202,-121.994,1270,5184
3438500036,20150429T000000,545000.0,5,3.75,2380,7268,1.0,0,0,3,8,1430.0,950,2008,0,98106,47.5571,-122.357,2040,10810
2652501513,20140813T000000,539950.0,3,2.0,1560,3200,1.5,0,0,3,7,1560.0,0,1910,2007,98109,47.6398,-122.356,1240,3600
2256500005,20141014T000000,612000.0,3,3.0,1740,3700,1.0,0,0,3,7,1740.0,0,1982,0,98122,47.6102,-122.309,1830,2480
3451000206,20141016T000000,340000.0,3,1.75,2140,13260,1.0,0,0,3,7,1240.0,900,1948,0,98146,47.5074,-122.353,1640,13260
1997200060,20140908T000000,270000.0,1,1.0,720,5196,1.0,0,0,3,7,720.0,0,1911,0,98103,47.6928,-122.337,1580,5762
2624049073,20140729T000000,360000.0,2,1.0,780,4200,1.0,0,0,3,6,780.0,0,1920,0,98118,47.5381,-122.267,1620,6000
7852100110,20150422T000000,490000.0,4,3.0,2640,5267,2.0,0,0,3,7,2640.0,0,2001,0,98065,47.5298,-121.88,2640,5670
7309100070,20141212T000000,600000.0,4,1.75,1700,7800,1.0,0,0,4,8,1700.0,0,1975,0,98052,47.651,-122.119,2430,8342
3822200087,20150319T000000,355000.0,3,1.0,1180,5965,1.5,0,0,4,6,1180.0,0,1928,0,98125,47.7281,-122.299,1270,7710
2769602140,20141215T000000,499950.0,3,2.0,1360,2500,1.0,0,0,3,7,730.0,630,1986,0,98107,47.6753,-122.363,1630,5000
1624079057,20140717T000000,430000.0,4,1.0,1620,37075,1.5,0,0,3,7,1620.0,0,1943,0,98024,47.5654,-121.929,2190,87117
7855000325,20150220T000000,1050000.0,4,3.0,3080,10757,2.0,0,3,5,8,3080.0,0,1961,0,98006,47.5671,-122.159,2810,10757
5490210200,20140905T000000,456000.0,4,1.0,1700,7689,1.0,0,0,3,7,1080.0,620,1977,0,98052,47.6955,-122.116,1700,7333
3445000005,20141117T000000,237600.0,2,1.0,1370,11584,1.0,0,0,4,6,1370.0,0,1950,0,98198,47.4224,-122.293,1330,8012
3526039019,20140702T000000,811000.0,3,3.0,2470,7410,2.0,0,0,5,8,1860.0,610,1977,0,98117,47.6937,-122.392,2390,7800
985001321,20141217T000000,291000.0,4,1.0,1590,24330,1.5,0,0,3,6,1140.0,450,1942,0,98168,47.4906,-122.309,1000,16228
4221900305,20150121T000000,1312000.0,3,3.25,4030,6300,2.0,0,0,3,10,3630.0,400,2006,0,98105,47.6664,-122.276,1660,6300
1604601155,20141208T000000,180000.0,3,1.0,780,3540,1.0,0,0,2,6,780.0,0,1920,0,98118,47.565,-122.291,1260,3540
7011201333,20140917T000000,590000.0,3,3.25,1290,1230,2.0,0,2,3,9,1090.0,200,2008,0,98119,47.6367,-122.37,1710,1797
31200020,20150319T000000,1038000.0,5,2.75,3050,8904,1.0,0,0,4,8,1650.0,1400,1956,0,98040,47.5709,-122.214,2920,8904
293910030,20141008T000000,655000.0,4,2.5,2570,4412,2.0,0,0,3,9,2570.0,0,2001,0,98034,47.7076,-122.232,2460,5470
7304301045,20150203T000000,257000.0,2,1.0,770,11084,1.0,0,0,4,6,770.0,0,1947,0,98155,47.7482,-122.321,1010,11084
8731980880,20141222T000000,340000.0,4,2.25,2180,8000,1.0,0,0,4,9,1630.0,550,1975,0,98023,47.317,-122.378,2310,8000
2922059212,20150109T000000,480000.0,6,5.0,3028,18055,2.0,0,0,3,7,3028.0,0,2005,0,98030,47.3651,-122.197,1400,34575
1311500020,20140703T000000,198000.0,4,1.75,2080,7200,1.0,0,0,4,7,1050.0,1030,1966,0,98001,47.3385,-122.282,1500,7350
7520400040,20140620T000000,355000.0,4,2.5,2040,8265,2.0,0,0,3,7,2040.0,0,1996,0,98146,47.4973,-122.341,2160,8265
984220370,20150326T000000,279000.0,4,2.25,2090,8941,2.0,0,0,3,7,2090.0,0,1975,0,98058,47.4332,-122.167,1890,7946
511700170,20150505T000000,350000.0,4,2.25,1780,10416,1.0,0,0,5,7,1060.0,720,1963,0,98055,47.4414,-122.189,1780,9975
3034200426,20150320T000000,450500.0,3,1.0,1410,9384,1.0,0,0,3,7,1410.0,0,1948,0,98133,47.7161,-122.33,1990,9384
1561750040,20141224T000000,1375000.0,5,4.5,4350,13405,2.0,0,0,3,11,4350.0,0,2014,0,98074,47.6018,-122.06,3990,7208
3336001360,20140826T000000,254000.0,2,1.0,910,6000,1.0,0,0,3,6,910.0,0,1943,0,98118,47.5253,-122.266,1460,5800
1330280100,20140801T000000,178000.0,3,1.0,1100,5734,1.0,0,0,4,7,1100.0,0,1955,0,98030,47.3632,-122.174,1770,6050
9282801720,20150319T000000,355000.0,4,1.5,2020,6000,1.0,0,0,4,7,1010.0,1010,1953,0,98178,47.5019,-122.235,1710,6000
5104510190,20150427T000000,349000.0,4,2.5,1830,4694,2.0,0,0,3,7,1830.0,0,2003,0,98038,47.3573,-122.016,1830,5175
2722069077,20150409T000000,430000.0,3,2.5,2075,39553,1.0,0,0,3,7,2075.0,0,2012,0,98038,47.3601,-122.032,1960,9047
9297300750,20141105T000000,355000.0,2,1.75,1760,4600,1.0,0,0,4,7,850.0,910,1926,0,98126,47.5654,-122.372,1150,4800
9191201250,20150107T000000,580000.0,5,2.0,2600,3750,1.5,0,0,4,6,1400.0,1200,1914,0,98105,47.6691,-122.299,1700,3750
5612100065,20140529T000000,400000.0,4,2.0,1670,12056,1.0,0,0,3,7,1670.0,0,1955,0,98028,47.7418,-122.244,1860,12056
952001710,20150303T000000,575000.0,4,1.75,1630,5750,1.0,0,0,3,7,1160.0,470,1947,0,98116,47.5674,-122.384,1640,5750
1773100755,20140821T000000,520000.0,11,3.0,3000,4960,2.0,0,0,3,7,2400.0,600,1918,1999,98106,47.556,-122.363,1420,4960
322059326,20150427T000000,362500.0,3,2.0,1940,40588,1.0,0,0,3,7,1940.0,0,2000,0,98058,47.4252,-122.159,1860,9657
5341600030,20140509T000000,255000.0,2,1.0,960,28717,1.0,0,0,4,6,960.0,0,1984,0,98070,47.3356,-122.502,1860,28717
2423069164,20150410T000000,500000.0,3,2.0,1990,65340,2.0,0,0,3,8,1990.0,0,1986,0,98027,47.4726,-121.99,2120,59241
1115700040,20141201T000000,713500.0,5,2.75,2920,9163,1.0,0,0,4,8,1520.0,1400,1976,0,98006,47.5668,-122.169,2250,9163
2273600250,20140804T000000,500000.0,3,1.75,1570,8530,1.0,0,0,4,7,1190.0,380,1983,0,98033,47.6881,-122.184,1530,8708
1120069036,20141218T000000,325000.0,3,2.25,1570,43350,1.0,0,3,4,7,1570.0,0,1967,0,98022,47.2377,-122.016,1570,220849
5358300100,20140619T000000,346150.0,3,2.0,2140,7200,1.0,0,0,4,8,1480.0,660,1966,0,98056,47.5084,-122.185,2070,7220
2591830130,20140504T000000,365000.0,3,2.5,2200,7350,1.0,0,0,5,8,1570.0,630,1988,0,98058,47.4395,-122.161,2350,7557
3211100240,20140529T000000,349000.0,4,1.75,1700,7800,1.0,0,0,5,7,1120.0,580,1981,0,98059,47.4801,-122.158,1560,7800
6790200180,20140603T000000,600000.0,4,2.5,2620,9873,2.0,0,0,3,8,2620.0,0,1987,0,98075,47.5822,-122.051,2520,9935
5422500220,20150411T000000,479000.0,4,2.5,2050,6705,1.0,0,0,4,7,1230.0,820,1973,0,98034,47.7242,-122.217,1610,7292
8005100540,20140709T000000,215000.0,4,1.5,1860,5040,1.5,0,0,5,8,1860.0,0,1920,0,98022,47.2077,-121.993,1680,5800
1118001215,20150204T000000,2250000.0,3,2.5,3420,8700,1.0,0,0,3,9,2890.0,530,1951,0,98112,47.6352,-122.29,3370,8700
5416500660,20150430T000000,426500.0,4,2.5,2960,4640,2.0,0,0,3,9,2960.0,0,2005,0,98038,47.3597,-122.04,2750,4623
7394400080,20150304T000000,535000.0,4,3.25,2840,4000,2.0,0,3,3,9,2330.0,510,2014,0,98108,47.5529,-122.293,2160,4867
624111000,20140805T000000,950000.0,3,3.0,4040,14338,2.0,0,0,3,10,3030.0,1010,1986,0,98077,47.7268,-122.06,3360,14142
847100046,20150416T000000,600000.0,4,2.75,3110,11225,2.0,0,0,3,8,3110.0,0,2012,0,98059,47.4865,-122.143,2610,8535
200500680,20140715T000000,557500.0,3,2.5,2620,11056,2.0,0,0,3,9,2620.0,0,1988,0,98011,47.7378,-122.218,2560,8688
2525310220,20141016T000000,242050.0,3,2.5,2170,9900,1.0,0,0,3,7,1690.0,480,1980,0,98038,47.3634,-122.031,1420,10614
104500730,20150224T000000,115000.0,3,1.75,1080,7942,1.0,0,0,3,7,1080.0,0,1981,0,98023,47.3141,-122.355,1380,8244
3904920380,20150323T000000,578550.0,3,2.5,2120,6602,2.0,0,0,4,8,2120.0,0,1989,0,98029,47.5669,-122.012,2330,7795
8731901810,20150309T000000,260000.0,4,1.75,1960,8400,1.0,0,0,4,8,1960.0,0,1967,0,98023,47.3111,-122.379,2080,8400
2594200375,20150330T000000,427500.0,3,1.75,1240,7200,1.0,0,0,5,7,1240.0,0,1942,0,98136,47.5142,-122.389,1640,7200
2332700081,20140901T000000,898000.0,3,2.25,2580,11060,1.0,0,0,3,8,2580.0,0,1964,0,98005,47.6113,-122.164,2580,13868
4083801395,20140724T000000,780000.0,3,2.75,1970,2600,2.5,0,0,3,8,1970.0,0,1924,1994,98103,47.663,-122.335,1680,3120
6431500122,20150428T000000,520000.0,3,1.5,1580,8841,1.5,0,0,5,7,1180.0,400,1923,0,98103,47.6931,-122.352,1580,7512
236500010,20141209T000000,220000.0,3,1.75,1650,8850,1.0,0,0,3,7,1650.0,0,1959,0,98188,47.4331,-122.291,1400,8800
2322069010,20141007T000000,1180000.0,5,5.0,3960,94089,2.0,0,0,3,10,3960.0,0,1998,0,98038,47.38,-122.011,2240,64468
5491200210,20140820T000000,350000.0,3,1.0,2010,6000,1.0,0,0,3,7,1210.0,800,1967,0,98108,47.5515,-122.298,2460,6000
3134100023,20141125T000000,1250000.0,4,4.25,4980,13000,2.0,0,3,3,9,3080.0,1900,1982,0,98052,47.6406,-122.101,2840,11308
9151600055,20140709T000000,749000.0,4,2.75,2700,6000,2.0,0,0,4,8,2100.0,600,1910,0,98116,47.586,-122.383,2050,5400
8085400376,20150421T000000,2320000.0,4,3.5,5050,9520,2.0,0,0,3,11,3610.0,1440,2007,0,98004,47.6364,-122.209,2430,9248
8887001192,20140620T000000,355000.0,2,1.0,1240,27042,1.0,0,1,3,6,1000.0,240,1943,0,98070,47.5026,-122.465,2140,20059
8731983200,20150310T000000,255000.0,2,1.75,1950,8200,1.0,0,0,3,8,1950.0,0,1975,0,98023,47.3161,-122.382,2370,8000
2436700800,20140516T000000,620000.0,3,2.25,1720,4000,1.5,0,0,4,7,1450.0,270,1921,0,98105,47.6683,-122.286,1410,4000
423049067,20150205T000000,160000.0,2,1.0,930,7742,1.0,0,0,3,6,930.0,0,1933,0,98168,47.507,-122.302,2240,8723
6646200770,20140724T000000,610000.0,4,2.5,2410,15899,2.0,0,3,3,9,2410.0,0,1990,0,98074,47.6242,-122.04,2360,11412
8001600130,20150501T000000,289950.0,3,2.5,1770,9450,1.0,0,0,3,8,1770.0,0,1988,0,98001,47.3196,-122.272,2200,8582
5249801411,20141010T000000,725000.0,5,3.75,3360,6000,2.0,0,0,3,8,2640.0,720,1963,1999,98118,47.558,-122.277,1930,6000
4046400440,20140806T000000,532500.0,4,2.5,2490,8750,2.0,0,0,3,8,2040.0,450,1976,0,98008,47.5931,-122.116,2120,10240
3275800050,20141022T000000,242000.0,3,1.5,1640,8922,1.0,0,0,4,7,1640.0,0,1963,0,98146,47.495,-122.342,1540,9040
4083304835,20141023T000000,620000.0,2,1.0,990,4332,1.0,0,0,3,7,990.0,0,1909,0,98103,47.6528,-122.331,1920,3420
1274500240,20140820T000000,205000.0,3,1.5,1120,8366,1.0,0,0,3,7,1120.0,0,1968,0,98042,47.3632,-122.11,1260,9000
3585900785,20140514T000000,930000.0,3,2.5,3100,20553,1.0,0,0,3,10,3100.0,0,1954,0,98177,47.7635,-122.377,3000,22302
8820901415,20140529T000000,400000.0,4,2.75,1240,3867,1.0,0,0,3,7,800.0,440,1987,0,98125,47.7157,-122.284,1150,7733
1702901557,20140911T000000,445000.0,5,3.0,2930,5500,1.0,0,0,3,7,1750.0,1180,1951,0,98118,47.5572,-122.281,1400,5500
5126400150,20140617T000000,239950.0,3,1.0,1140,8366,1.0,0,0,5,6,1140.0,0,1943,0,98058,47.4768,-122.177,960,7200
5561400610,20141019T000000,542500.0,5,3.5,2730,42500,1.0,0,0,3,8,1530.0,1200,1989,0,98027,47.4587,-121.996,3180,37970
1125069064,20150331T000000,700000.0,4,2.5,2770,89298,2.0,0,0,3,8,2770.0,0,2004,0,98053,47.6624,-122.01,2650,89298
8731801260,20150220T000000,234000.0,3,1.75,1480,8475,1.0,0,0,4,7,1480.0,0,1968,0,98023,47.3126,-122.361,1800,8800
2970800130,20141009T000000,215000.0,3,1.0,810,5240,1.0,0,0,3,6,810.0,0,1942,0,98166,47.4734,-122.35,1700,5245
2424059170,20150219T000000,900000.0,5,6.0,7120,40806,2.0,0,4,3,12,5480.0,1640,2007,0,98006,47.5451,-122.114,3440,36859
2919702705,20140731T000000,417500.0,2,1.0,1330,5510,1.0,0,0,3,6,850.0,480,1910,0,98117,47.6901,-122.362,1200,4150
316000145,20150325T000000,235000.0,4,1.0,1360,7132,1.5,0,0,3,6,1360.0,0,1941,0,98168,47.5054,-122.301,1280,7175
4358700141,20150427T000000,480000.0,4,1.75,1840,9250,1.0,0,0,4,7,980.0,860,1956,0,98133,47.708,-122.337,1520,9250
5057100080,20140919T000000,469950.0,5,3.0,3223,6371,2.0,0,0,3,9,3223.0,0,2014,0,98042,47.3588,-122.163,1979,19030
7812800855,20150311T000000,159100.0,2,1.0,790,7095,1.0,0,0,3,6,790.0,0,1944,0,98178,47.4928,-122.239,1150,7200
7935000595,20141008T000000,939000.0,3,3.5,2450,9248,2.0,0,4,3,8,1960.0,490,1933,1993,98136,47.5476,-122.397,2620,10207
1938400040,20150220T000000,246000.0,3,1.5,1630,10200,1.0,0,0,4,8,1300.0,330,1976,0,98023,47.3155,-122.364,1960,6700
395300100,20140514T000000,489200.0,3,2.75,1850,9600,1.5,0,0,5,7,1850.0,0,1965,0,98034,47.7259,-122.226,1250,10500
9414610020,20140618T000000,574950.0,5,3.25,3160,10000,2.0,0,0,4,8,3160.0,0,1980,0,98027,47.52,-122.047,2130,10000
597000593,20141117T000000,403000.0,2,1.5,1240,1101,2.0,0,0,3,8,1080.0,160,2009,0,98144,47.5758,-122.309,1530,1209
3528000260,20141111T000000,915000.0,4,2.5,3510,28052,2.0,0,0,3,10,3510.0,0,1988,0,98053,47.6671,-122.057,2890,28295
4053200933,20140623T000000,249000.0,3,1.0,1000,19204,1.0,0,0,3,7,1000.0,0,1968,2010,98042,47.3167,-122.081,2450,25927
6929603207,20141210T000000,243500.0,4,2.0,1610,6200,1.0,0,0,4,7,1610.0,0,1979,0,98198,47.3833,-122.306,1610,7500
662310620,20140826T000000,364988.0,3,2.5,2850,12593,2.0,0,0,3,9,2850.0,0,1997,0,98023,47.2848,-122.345,2850,9435
5201810060,20140807T000000,319000.0,4,2.5,1930,8336,2.0,0,0,3,8,1930.0,0,1995,0,98031,47.4016,-122.166,2280,7959
424049059,20140815T000000,373000.0,3,2.0,1400,2445,1.0,0,0,3,7,840.0,560,2002,0,98144,47.5926,-122.299,1400,3200
7854800090,20141107T000000,799950.0,3,3.0,2900,11769,2.0,0,0,3,10,2900.0,0,1997,0,98052,47.6993,-122.118,2900,9611
98020140,20140708T000000,765000.0,4,4.0,3010,7221,2.0,0,0,3,10,3010.0,0,2004,0,98075,47.5833,-121.97,3490,7518
7517500611,20140521T000000,720000.0,3,2.5,2020,1159,3.0,0,3,3,8,2020.0,0,2000,0,98103,47.6617,-122.356,1920,3600
8663240180,20150330T000000,537000.0,4,2.5,1990,2660,2.0,0,0,3,8,1990.0,0,2012,0,98034,47.732,-122.178,1990,2665
5104200380,20141014T000000,265000.0,3,1.0,1010,14948,1.0,0,0,5,6,1010.0,0,1969,0,98059,47.4772,-122.144,1510,9600
2296700470,20141106T000000,465000.0,4,2.5,2170,7700,1.0,0,0,3,7,1420.0,750,1969,0,98034,47.7216,-122.219,1710,7770
7443001470,20140520T000000,755000.0,6,2.0,2150,4505,1.0,0,0,3,7,1270.0,880,1952,0,98119,47.6514,-122.369,1740,4505
1796380060,20141201T000000,253000.0,3,2.0,1290,7372,1.0,0,0,5,7,1290.0,0,1990,0,98042,47.3658,-122.085,1290,7366
3342100421,20150424T000000,745000.0,4,2.5,3170,5100,2.0,0,0,3,9,3170.0,0,2012,0,98056,47.5187,-122.208,1580,5100
1651500060,20140929T000000,845000.0,5,2.0,1720,9972,1.0,0,0,4,8,1720.0,0,1951,0,98004,47.6368,-122.218,2700,9023
1156000250,20140602T000000,320000.0,5,2.5,3020,21441,1.0,0,0,4,8,1510.0,1510,1978,0,98042,47.3392,-122.131,1610,16445
2322069116,20140825T000000,530000.0,4,2.5,2690,46609,2.0,0,0,3,8,2690.0,0,1980,1991,98038,47.3843,-122.006,1500,34800
9194101388,20140919T000000,540000.0,3,1.75,2280,16671,1.5,0,0,4,6,1760.0,520,1909,0,98034,47.7096,-122.219,1850,9351
795000865,20140912T000000,235000.0,3,1.0,1020,6173,1.0,0,0,3,6,780.0,240,1948,0,98168,47.5042,-122.329,1330,5909
8078490330,20140916T000000,319950.0,3,2.5,1980,9907,2.0,0,0,3,8,1980.0,0,1991,0,98022,47.1903,-122.013,2050,9907
8645500370,20141203T000000,260000.0,4,1.0,1740,8100,1.0,0,0,4,7,1020.0,720,1962,0,98058,47.467,-122.185,1600,8949
6163901772,20140918T000000,535000.0,3,1.75,2020,10031,1.0,0,0,5,7,1370.0,650,1952,0,98155,47.7487,-122.319,1500,8456
9551200270,20140825T000000,1000000.0,5,3.0,3350,9450,2.0,0,0,5,8,2180.0,1170,1912,1980,98103,47.6705,-122.34,2660,4500
9320200050,20141216T000000,1500000.0,4,2.75,2930,25697,1.0,0,0,4,9,2310.0,620,1964,0,98004,47.6264,-122.226,3810,20681
2892600016,20150317T000000,197500.0,2,1.0,820,8860,1.0,0,0,3,6,820.0,0,1950,0,98055,47.452,-122.19,1660,15375
5437200050,20141120T000000,560000.0,4,2.0,2720,8819,2.0,0,3,3,8,2240.0,480,1976,0,98003,47.338,-122.333,2960,9672
7936000463,20150416T000000,838000.0,4,2.5,2560,7210,2.0,0,0,3,9,2560.0,0,2006,0,98136,47.5535,-122.395,2160,10439
1545807920,20141015T000000,245000.0,3,1.75,1260,8614,1.0,0,0,4,7,1260.0,0,1985,0,98038,47.3586,-122.056,1600,8614
3583300135,20140513T000000,460000.0,3,2.25,2350,10450,1.0,0,0,3,8,1390.0,960,1977,0,98028,47.7433,-122.259,2250,10450
1732801300,20141008T000000,1248000.0,2,2.5,2310,3313,2.0,0,0,3,9,2310.0,0,2006,0,98119,47.6318,-122.365,2700,5670
5469501530,20140603T000000,575000.0,3,2.25,3800,33825,1.0,0,0,4,10,3330.0,470,1976,0,98042,47.3797,-122.152,3470,14484
8923600185,20140829T000000,800000.0,3,2.5,2760,9471,1.0,0,2,3,8,1760.0,1000,1956,0,98115,47.676,-122.272,3040,6765
1776460110,20141223T000000,395000.0,4,2.75,2280,5013,2.0,0,0,3,8,2280.0,0,2009,0,98019,47.7333,-121.976,2130,5121
4099500605,20150417T000000,840000.0,4,2.5,2360,9600,1.0,0,2,3,8,1630.0,730,1973,0,98040,47.5889,-122.249,2140,6300
7855400330,20140604T000000,1100000.0,5,2.75,2660,8737,1.0,0,4,5,8,1470.0,1190,1969,0,98006,47.5667,-122.155,3280,8783
924069106,20150313T000000,890000.0,4,2.0,1480,11171,1.5,0,0,4,6,1480.0,0,1947,0,98075,47.5849,-122.051,2790,20680
3425059222,20141124T000000,1300000.0,6,3.5,6563,32670,2.0,0,0,3,10,5153.0,1410,2002,0,98005,47.6078,-122.157,2610,22651
4435000145,20150501T000000,263000.0,4,1.75,1340,8700,1.5,0,0,3,6,1340.0,0,1958,0,98188,47.4514,-122.287,1240,8700
1720069146,20140715T000000,399950.0,3,2.0,1590,87120,1.0,0,3,3,8,1590.0,0,1998,0,98022,47.2241,-122.072,2780,183161
2607730110,20140707T000000,391500.0,3,2.5,1920,9625,2.0,0,0,3,8,1920.0,0,1993,0,98045,47.4876,-121.8,1920,10343
4022902555,20150321T000000,609000.0,4,2.5,3240,23870,1.0,0,0,3,9,1840.0,1400,1972,0,98155,47.7731,-122.282,2290,13340
9508850100,20141103T000000,666000.0,3,2.25,2780,31510,2.0,0,0,3,8,2780.0,0,1979,0,98053,47.67,-122.024,2890,36400
1088400190,20150422T000000,305000.0,3,1.0,1120,10125,1.0,0,0,3,6,1120.0,0,1961,0,98059,47.4794,-122.078,1120,8820
2787320620,20141010T000000,222000.0,3,1.75,1370,8280,1.0,0,0,4,7,1370.0,0,1980,0,98031,47.4096,-122.172,1850,7820
8856003525,20150323T000000,183500.0,3,1.0,1010,7520,1.0,0,0,4,6,1010.0,0,1975,0,98001,47.2699,-122.255,1370,8469
8078350090,20150331T000000,619000.0,3,2.5,2040,7503,2.0,0,0,3,8,2040.0,0,1987,0,98029,47.5718,-122.021,2170,7503
3210700380,20140916T000000,640000.0,4,2.75,2100,11894,1.0,0,0,4,8,1720.0,380,1968,0,98004,47.6006,-122.194,2390,9450
9551201560,20140722T000000,760000.0,2,1.0,1410,3600,1.5,0,0,4,7,1310.0,100,1925,0,98103,47.6695,-122.338,1740,4200
1972200428,20140625T000000,563500.0,3,2.5,1400,1312,3.5,0,0,3,8,1400.0,0,2007,0,98103,47.6534,-122.355,1350,1312
1917300260,20141202T000000,210000.0,4,2.0,1520,6174,1.5,0,0,5,6,1520.0,0,1920,0,98022,47.2105,-121.989,1390,5407
5540800130,20150318T000000,447500.0,2,1.0,1180,5100,1.5,0,0,3,7,1180.0,0,1926,0,98103,47.6947,-122.346,980,5100
31000165,20140911T000000,1490000.0,5,3.5,3620,7821,2.0,0,2,3,10,2790.0,830,1958,2010,98040,47.5738,-122.215,2690,9757
4038700220,20150213T000000,610000.0,6,2.75,2040,8560,1.0,0,2,4,7,1100.0,940,1961,0,98008,47.616,-122.115,2230,8560
3298500690,20140708T000000,300000.0,3,1.0,1150,7314,1.0,0,0,3,7,1150.0,0,1960,0,98008,47.6246,-122.113,1350,7350
7986400945,20141010T000000,775000.0,2,1.0,1010,3600,1.0,0,0,3,7,1010.0,0,1913,0,98107,47.6641,-122.357,1540,3600
5101402488,20140624T000000,438000.0,3,1.75,1520,6380,1.0,0,0,3,7,790.0,730,1948,0,98115,47.695,-122.304,1520,6235
8645530060,20140711T000000,339000.0,3,2.25,2090,10120,1.0,0,0,4,7,1290.0,800,1979,0,98058,47.4654,-122.174,1820,7983
7227501450,20141016T000000,240000.0,4,1.75,1420,5382,1.0,0,0,5,5,1040.0,380,1942,0,98056,47.4946,-122.187,1150,5382
126049231,20140516T000000,445000.0,3,3.0,1970,24318,1.0,0,0,3,8,1970.0,0,2010,0,98028,47.7651,-122.246,2150,14695
7399000350,20141104T000000,300000.0,3,2.0,1550,8300,1.0,0,0,4,8,1550.0,0,1965,0,98055,47.4654,-122.195,1860,8000
8122101115,20150421T000000,435000.0,4,2.5,2180,6500,2.0,0,0,3,7,1410.0,770,1945,0,98126,47.5365,-122.37,920,6500
4279600010,20141230T000000,630000.0,6,3.0,2470,9328,2.0,0,0,3,8,2470.0,0,1982,0,98007,47.6025,-122.153,2470,9454
5631500285,20141121T000000,659950.0,3,2.5,2990,9413,2.0,0,0,3,10,2990.0,0,2006,0,98028,47.7341,-122.234,1940,9600
7856601110,20150325T000000,945800.0,4,2.75,3360,9100,1.0,0,0,4,8,1760.0,1600,1973,0,98006,47.5641,-122.149,2620,8925
6600780130,20140502T000000,367500.0,4,3.0,3110,7231,2.0,0,0,3,8,3110.0,0,1997,0,98092,47.3279,-122.191,2820,7311
4449800315,20140620T000000,412000.0,2,1.0,1260,3960,1.0,0,0,3,6,690.0,570,1925,0,98117,47.6899,-122.391,1250,3960
2887700826,20140529T000000,510000.0,3,1.5,2240,3800,2.0,0,0,3,8,1370.0,870,1929,0,98115,47.6887,-122.307,1690,4275
2023049372,20141107T000000,339950.0,4,2.25,2670,9040,1.0,0,0,3,8,2170.0,500,1955,0,98148,47.4666,-122.326,1880,2648
34001765,20150325T000000,699950.0,3,3.25,2230,5460,1.0,0,1,4,8,1430.0,800,1977,0,98136,47.53,-122.388,2070,5600
5418500800,20150429T000000,825000.0,3,2.25,2510,10418,1.0,0,0,3,8,1810.0,700,1968,0,98115,47.7003,-122.285,2510,9435
1099611230,20140912T000000,199000.0,4,1.5,1160,6400,1.0,0,0,4,7,1160.0,0,1975,0,98023,47.3036,-122.378,1160,6400
2397100155,20150224T000000,589000.0,3,1.75,920,3600,1.0,0,0,4,6,820.0,100,1904,0,98119,47.6386,-122.365,1620,3600
9834201370,20150417T000000,430100.0,3,2.25,1400,1078,2.0,0,0,3,8,940.0,460,2009,0,98144,47.5701,-122.288,1420,1230
3758900150,20140826T000000,425000.0,2,1.0,1430,13300,1.5,0,0,3,6,1230.0,200,1921,0,98033,47.6996,-122.203,1950,11421
1545801850,20140723T000000,240000.0,3,1.75,1260,7362,1.0,0,0,3,7,1260.0,0,1984,0,98038,47.3602,-122.052,1530,7232
7983000200,20141005T000000,169575.0,3,1.0,1300,8284,1.0,0,0,3,7,1300.0,0,1968,0,98003,47.3327,-122.306,1360,7848
7857003318,20140816T000000,320000.0,3,1.0,1330,5850,1.0,0,0,3,7,930.0,400,1954,0,98108,47.5498,-122.298,1440,5850
3751606606,20140717T000000,262500.0,3,1.75,2259,26831,1.5,0,3,5,7,1491.0,768,1908,0,98001,47.2741,-122.266,1980,15794
9188200505,20140710T000000,275000.0,4,2.5,1830,3868,2.0,0,0,3,7,1830.0,0,2007,0,98118,47.5186,-122.276,2330,3868
7941600390,20140623T000000,225000.0,3,1.75,1580,8820,1.0,0,0,4,7,1580.0,0,1967,0,98003,47.317,-122.325,1280,8500
7883603648,20140522T000000,300000.0,5,2.5,2760,6000,2.0,0,0,3,8,2760.0,0,2006,0,98108,47.5289,-122.321,1360,6000
6746700605,20150128T000000,530000.0,5,1.75,1570,3000,2.0,0,0,4,7,1570.0,0,1908,0,98105,47.6677,-122.316,1610,3000
3056800160,20140812T000000,370500.0,4,2.5,1790,6120,2.0,0,0,3,7,1790.0,0,2005,0,98059,47.4829,-122.128,1950,5660
3026059204,20140530T000000,825500.0,3,2.5,2780,11964,2.0,0,0,3,9,2780.0,0,2009,0,98034,47.7127,-122.216,1760,9640
561500290,20140711T000000,315000.0,3,1.75,1660,37642,1.0,0,0,4,7,1660.0,0,1991,0,98022,47.2559,-122.007,2070,54450
5589300370,20150401T000000,282000.0,4,1.0,1200,11111,1.5,0,0,3,7,1200.0,0,1949,0,98155,47.7529,-122.306,1350,9113
7853340660,20140806T000000,382000.0,2,2.5,1650,2710,2.0,0,2,3,8,1650.0,0,2008,0,98065,47.5173,-121.878,1760,2992
2026079016,20140904T000000,560000.0,3,1.75,1480,383328,1.5,0,0,3,8,1480.0,0,1980,0,98019,47.7192,-121.932,1480,67082
9560700010,20140801T000000,549800.0,3,2.25,1580,11680,1.0,0,0,4,7,1580.0,0,1958,0,98005,47.5872,-122.17,2270,10948
11200290,20140609T000000,546000.0,3,2.5,1530,3464,2.0,0,0,3,8,1530.0,0,1998,0,98007,47.6179,-122.141,1530,3446
9828700685,20150513T000000,900000.0,3,1.75,1540,8400,1.5,0,0,3,7,1540.0,0,1902,0,98122,47.6187,-122.295,1330,4800
9347300160,20150125T000000,312000.0,3,2.5,1780,4077,2.0,0,0,3,8,1780.0,0,2011,0,98038,47.3568,-122.056,1970,4077
304100090,20140722T000000,215000.0,4,2.25,1500,5393,2.0,0,0,3,7,1500.0,0,1999,0,98001,47.3378,-122.262,1500,5952
7227501369,20140610T000000,369990.0,4,2.5,1960,7133,2.0,0,0,3,7,1960.0,0,2002,0,98056,47.4941,-122.19,1960,6705
8677300550,20140515T000000,592500.0,4,2.5,2240,12032,1.0,0,0,3,9,2240.0,0,1983,0,98074,47.6143,-122.017,2520,12368
192300020,20140521T000000,525000.0,3,2.75,2100,10362,2.0,0,0,3,9,1510.0,590,1998,0,98045,47.4347,-121.417,2240,11842
8680500220,20141203T000000,521900.0,3,2.5,2100,12338,2.0,0,0,3,9,2100.0,0,1997,0,98072,47.7412,-122.168,2320,6257
7853361210,20150218T000000,400000.0,3,2.0,1650,5027,1.5,0,0,3,7,1650.0,0,2009,0,98065,47.515,-121.874,2430,6000
6002400030,20140814T000000,324950.0,4,1.75,2320,9240,1.0,0,0,3,7,1160.0,1160,1959,2014,98178,47.4909,-122.257,2130,7320
224059025,20140620T000000,1080000.0,3,3.0,4910,43560,2.0,0,0,4,10,4000.0,910,1989,0,98007,47.5911,-122.131,3540,12288
1868901190,20140807T000000,650000.0,4,2.25,2100,2500,3.0,0,0,3,8,2100.0,0,2001,0,98115,47.6726,-122.298,1660,4000
4337000335,20141122T000000,268750.0,4,1.0,800,8775,1.0,0,0,3,6,800.0,0,1943,0,98166,47.48,-122.336,1310,8775
421049170,20140717T000000,239000.0,3,1.0,1510,15022,1.0,0,0,3,7,1510.0,0,1962,0,98003,47.3304,-122.304,1510,12970
7851980100,20140605T000000,1075000.0,5,4.75,5180,17811,2.0,0,2,3,11,4070.0,1110,2001,0,98065,47.5405,-121.868,3960,15103
3760100100,20140723T000000,425000.0,5,2.75,1340,11583,1.0,0,0,3,7,1190.0,150,1962,0,98034,47.709,-122.214,1950,10514
7385300020,20140613T000000,725000.0,5,2.5,3210,12000,1.0,0,0,4,8,1830.0,1380,1968,0,98007,47.6205,-122.148,2450,12000
1555200590,20141223T000000,206000.0,3,1.0,920,8400,1.0,0,0,3,7,920.0,0,1963,0,98032,47.3771,-122.287,1260,8400
253600150,20140826T000000,380000.0,2,2.5,1860,3504,2.0,0,0,3,7,1860.0,0,2000,0,98028,47.776,-122.239,1860,4246
7227500910,20140624T000000,139000.0,2,1.0,690,5280,1.0,0,0,4,5,690.0,0,1942,0,98056,47.4953,-122.187,1140,4860
5437400630,20141016T000000,625000.0,4,2.25,1920,8259,2.0,0,0,4,8,1920.0,0,1979,0,98027,47.5616,-122.088,2030,8910
2720000120,20141104T000000,295000.0,3,1.0,1380,7575,1.0,0,0,4,7,1380.0,0,1963,0,98056,47.5139,-122.187,1320,7600
1324300091,20140528T000000,370000.0,3,1.0,800,2296,1.0,0,0,4,6,800.0,0,1908,0,98103,47.6546,-122.356,1480,1472
1526069017,20141203T000000,921500.0,4,2.5,3670,315374,2.0,0,0,4,9,3670.0,0,1994,0,98077,47.7421,-122.026,2840,87991
52000067,20141103T000000,495000.0,3,3.5,1650,1577,2.0,0,0,3,7,1100.0,550,2012,0,98109,47.6302,-122.344,1580,1280
3530200160,20140603T000000,654950.0,4,2.5,2790,45902,2.0,0,0,3,9,2790.0,0,1987,0,98077,47.7674,-122.086,2890,42421
203600600,20150310T000000,685530.0,4,2.5,3130,60467,2.0,0,0,3,9,3130.0,0,1996,0,98014,47.6618,-121.962,2780,44224
9417400110,20140915T000000,390000.0,4,1.0,1280,4840,1.0,0,0,3,7,940.0,340,1950,0,98136,47.5477,-122.395,1360,4840
104530240,20140827T000000,225000.0,3,2.0,1320,5665,1.0,0,0,3,7,1320.0,0,1986,0,98023,47.3096,-122.357,1336,7080
751000190,20141002T000000,355000.0,3,1.75,1120,7740,1.0,0,0,4,6,860.0,260,1948,0,98125,47.7107,-122.291,1240,7740
1825079005,20140609T000000,739000.0,4,2.5,2800,246114,2.0,0,0,3,9,2800.0,0,1999,0,98014,47.6586,-121.962,2750,60351
629400480,20140619T000000,775000.0,4,2.75,3010,15992,2.0,0,0,3,11,3010.0,0,1996,0,98075,47.5895,-121.994,3330,12333
7436000205,20140919T000000,665000.0,3,1.0,1260,24550,1.5,0,2,4,7,1260.0,0,1937,0,98136,47.5442,-122.396,2500,12320
1623049041,20140508T000000,82500.0,2,1.0,520,22334,1.0,0,0,2,5,520.0,0,1951,0,98168,47.4799,-122.296,1572,10570
9407111220,20150504T000000,303000.0,2,1.0,1020,9200,1.0,0,0,3,7,1020.0,0,1978,0,98045,47.4461,-121.769,1520,9600
1311200380,20140827T000000,210000.0,3,1.0,1730,7210,1.0,0,0,3,7,1430.0,300,1963,0,98001,47.3404,-122.28,1820,7210
662350050,20140523T000000,950000.0,5,3.25,3400,7452,2.0,0,0,3,10,3400.0,0,1999,0,98007,47.6141,-122.136,2650,8749
5537200043,20140508T000000,211000.0,4,1.0,2100,9200,1.0,0,0,3,7,1050.0,1050,1959,0,98168,47.476,-122.292,1540,10033
3904920390,20140710T000000,545000.0,3,2.5,2060,7184,2.0,0,0,3,8,2060.0,0,1987,0,98029,47.567,-122.012,2230,7788
1337801060,20150305T000000,1025000.0,3,1.0,2050,4800,2.0,0,0,3,8,1950.0,100,1922,0,98112,47.6315,-122.311,2220,4800
8651411420,20150305T000000,218000.0,3,1.5,1140,4875,1.0,0,0,5,6,1140.0,0,1970,0,98042,47.3684,-122.08,980,5070
9103000360,20141218T000000,825000.0,4,2.5,2180,4000,2.0,0,0,3,8,2180.0,0,1920,2005,98122,47.6186,-122.288,2660,4000
1545803980,20150425T000000,239000.0,3,1.0,1200,7810,1.0,0,0,4,7,1200.0,0,1967,0,98038,47.3631,-122.05,1590,7800
6141100445,20150107T000000,499000.0,2,1.5,1540,6549,2.0,0,0,3,7,1540.0,0,1980,0,98133,47.7189,-122.353,1470,6552
3342100160,20141009T000000,510000.0,3,3.0,1845,5100,2.0,0,2,5,8,1845.0,0,1947,0,98056,47.5204,-122.208,2100,7650
7203160090,20141205T000000,743000.0,4,2.75,3410,5838,2.0,0,0,3,9,3410.0,0,2012,0,98053,47.6931,-122.022,3420,7048
1504800097,20140613T000000,513000.0,4,2.75,2020,7070,1.0,0,0,5,7,1010.0,1010,1958,0,98126,47.5202,-122.378,1390,6000
6851700381,20150414T000000,935000.0,4,2.0,2580,4500,2.0,0,0,4,9,1850.0,730,1905,0,98102,47.6245,-122.316,2590,4100
2051200436,20140820T000000,692000.0,3,2.5,3490,28213,1.5,0,2,3,9,2242.0,1248,2009,0,98070,47.365,-122.456,2120,56628
1761600050,20141231T000000,397000.0,3,2.0,1100,9165,1.0,0,0,4,7,1100.0,0,1969,0,98034,47.7304,-122.231,1510,8500
7212651950,20140710T000000,350000.0,4,2.5,2800,9538,2.0,0,0,3,8,2800.0,0,1993,0,98003,47.2675,-122.307,1970,7750
5634500182,20140715T000000,396000.0,4,1.75,1970,12409,1.0,0,0,4,7,1220.0,750,1968,0,98028,47.7489,-122.236,1690,10720
2201500450,20141028T000000,473000.0,3,1.0,1280,10000,1.0,0,0,4,7,1280.0,0,1954,0,98006,47.5716,-122.139,1240,10000
2260800170,20140718T000000,710000.0,3,2.25,3130,65775,2.0,0,0,4,8,3130.0,0,1978,0,98027,47.5462,-122.085,3130,72309
1796380310,20140904T000000,240000.0,3,2.0,1310,8069,1.0,0,0,3,7,1310.0,0,1990,0,98042,47.3694,-122.083,1310,8392
8864000970,20141204T000000,273500.0,4,1.0,1360,6000,1.0,0,0,4,6,1020.0,340,1944,0,98168,47.4783,-122.285,1230,6000
6837700175,20141201T000000,775000.0,3,1.75,3520,12350,1.0,0,4,4,8,1530.0,1990,1960,0,98116,47.5837,-122.382,2140,7800
7283900185,20140604T000000,415000.0,4,2.5,2000,5962,2.0,0,0,3,8,2000.0,0,1999,0,98133,47.7695,-122.35,1790,10500
7504100590,20150325T000000,725000.0,4,2.25,3180,9600,2.0,0,0,3,10,3180.0,0,1984,0,98074,47.6313,-122.045,2840,10739
6600220150,20150310T000000,549950.0,4,2.5,2230,14694,1.0,0,0,4,7,1180.0,1050,1981,0,98074,47.6305,-122.034,1470,13458
732000160,20150429T000000,330000.0,2,1.0,790,9784,1.0,0,0,3,6,790.0,0,1932,0,98155,47.7634,-122.284,2350,10102
6802200670,20141114T000000,272000.0,3,2.5,1680,8512,2.0,0,0,3,7,1680.0,0,1991,0,98022,47.1952,-121.986,1580,8512
8732900300,20141217T000000,685000.0,4,2.5,2510,3479,2.0,0,0,3,8,2510.0,0,2007,0,98052,47.6981,-122.099,2540,4171
5559200065,20150507T000000,306500.0,2,1.0,1420,16400,1.5,0,0,4,6,1420.0,0,1943,0,98023,47.3221,-122.344,1900,16400
8567300110,20140604T000000,485000.0,3,2.5,2340,59058,1.0,0,0,3,8,2340.0,0,1985,0,98038,47.4052,-122.028,2700,37263
9842300036,20141008T000000,415885.0,3,1.0,1310,4163,1.0,0,0,4,7,1310.0,0,1964,0,98126,47.5301,-122.381,1120,4166
1320069249,20141020T000000,192500.0,1,1.0,470,63737,1.0,0,2,5,5,470.0,0,1924,0,98022,47.2163,-121.984,1350,46762
4046601460,20140606T000000,407193.0,4,2.0,1880,14653,2.0,0,0,3,8,1880.0,0,1978,0,98014,47.6959,-121.921,1750,14858
6145601725,20141104T000000,345000.0,3,1.0,960,3844,1.0,0,0,3,7,960.0,0,1972,0,98133,47.7027,-122.346,1020,3844
3592500800,20141018T000000,1850000.0,5,3.25,3680,6060,2.0,0,0,5,9,2630.0,1050,1925,0,98112,47.6341,-122.304,3050,5850
293810190,20141104T000000,456500.0,4,2.5,2400,6811,2.0,0,0,3,8,2400.0,0,2007,0,98059,47.4959,-122.15,2710,5314
5680001095,20150428T000000,470000.0,5,1.75,2740,9600,1.0,0,0,4,7,1370.0,1370,1945,0,98144,47.5738,-122.315,1990,4800
9523103000,20141020T000000,780000.0,3,1.75,2430,4524,1.5,0,0,4,7,1830.0,600,1924,0,98103,47.674,-122.35,1610,4100
7490000040,20140718T000000,2535000.0,5,3.25,3730,10626,1.0,0,4,4,10,3730.0,0,1963,0,98004,47.624,-122.221,4180,19110
2600000050,20140827T000000,690000.0,3,2.25,2430,8327,1.0,0,0,4,9,1430.0,1000,1978,0,98006,47.5534,-122.16,2550,10427
8813400405,20140616T000000,763101.0,3,1.75,1990,5560,1.0,0,0,4,7,1100.0,890,1939,0,98105,47.664,-122.287,1460,3706
312000135,20140520T000000,483945.0,2,1.75,1480,5120,1.0,0,0,4,6,840.0,640,1951,0,98116,47.558,-122.392,1090,5120
809001400,20140922T000000,925000.0,3,1.0,1630,3200,1.5,0,0,4,8,1630.0,0,1912,0,98109,47.6351,-122.352,1710,3600
2872900390,20140814T000000,507000.0,3,2.25,1810,8158,1.0,0,0,3,8,1450.0,360,1984,0,98074,47.6258,-122.038,1740,9532
3058600050,20140919T000000,285000.0,2,1.0,920,5850,1.0,0,0,4,6,920.0,0,1900,0,98108,47.5441,-122.304,1640,5476
7852160310,20140814T000000,1010000.0,4,2.75,3430,15877,1.0,0,4,3,11,3430.0,0,2005,0,98065,47.5364,-121.856,4080,14577
5676000004,20141118T000000,399000.0,3,2.5,1430,1250,3.0,0,0,3,7,1430.0,0,2007,0,98103,47.6904,-122.342,1360,1269
4240400155,20140812T000000,600000.0,3,1.0,1440,4300,1.5,0,0,3,8,1440.0,0,1929,0,98117,47.6847,-122.372,1640,4500
3626039187,20150406T000000,395000.0,2,1.0,770,6000,1.0,0,0,3,6,770.0,0,1953,0,98117,47.6999,-122.364,1710,6000
3024079057,20140730T000000,410000.0,3,1.5,1750,32500,1.0,0,0,4,7,1750.0,0,1966,0,98027,47.5316,-121.959,1820,102801
8698600395,20150324T000000,150000.0,2,1.0,1250,5208,1.0,0,0,3,7,1050.0,200,1951,0,98002,47.3063,-122.219,1030,5354
2619920170,20141219T000000,765000.0,4,2.5,3230,4290,2.0,0,0,3,9,3230.0,0,2004,0,98033,47.6874,-122.161,3220,5083
6003001999,20150209T000000,530000.0,2,1.75,1170,976,2.0,0,0,3,9,780.0,390,2010,0,98102,47.6192,-122.316,1280,1183
3365900175,20150402T000000,424305.0,3,2.5,1600,5960,2.0,0,2,5,8,1600.0,0,1910,0,98168,47.4758,-122.265,1410,13056
8562740530,20140512T000000,788000.0,4,3.25,3680,5759,2.0,0,0,3,9,2840.0,840,2003,0,98027,47.5367,-122.067,3620,6006
2239800070,20140627T000000,417000.0,4,2.25,2300,7700,1.0,0,0,3,7,1380.0,920,1959,0,98125,47.7137,-122.322,2010,8820
439000090,20150323T000000,564500.0,4,2.25,1950,6000,1.0,0,0,3,7,1350.0,600,1961,0,98115,47.6909,-122.301,1980,6000
9158100040,20140808T000000,401000.0,2,1.0,1400,8220,1.0,0,0,3,7,1400.0,0,1949,0,98133,47.7228,-122.357,1760,8220
3949600090,20141201T000000,335000.0,3,1.0,980,9903,1.0,0,0,4,7,980.0,0,1966,0,98028,47.7746,-122.239,1830,9903
1685200110,20140916T000000,225000.0,3,1.75,1610,14182,1.0,0,0,4,7,1100.0,510,1978,0,98092,47.3174,-122.18,1510,8400
3342102220,20140806T000000,327000.0,4,1.75,1840,5100,1.0,0,0,4,5,1840.0,0,1933,0,98056,47.5209,-122.205,2160,5400
4039100400,20150506T000000,515000.0,3,2.5,3000,8250,1.0,0,0,4,8,1760.0,1240,1963,0,98008,47.6191,-122.112,2040,8250
993001330,20140505T000000,406100.0,3,2.25,1410,1332,3.0,0,0,3,8,1410.0,0,2005,0,98103,47.6916,-122.34,1430,1448
9511120050,20140627T000000,427000.0,3,2.5,2432,9391,2.0,0,2,3,9,2432.0,0,2005,0,98001,47.3453,-122.267,2912,8932
9353300140,20140618T000000,284950.0,3,1.0,990,10723,1.0,0,0,5,7,990.0,0,1960,0,98059,47.4887,-122.133,1460,10723
7199340560,20140909T000000,460000.0,3,2.0,1600,7350,1.0,0,0,4,7,1600.0,0,1979,0,98052,47.6977,-122.126,1600,7200
7745500015,20150318T000000,403000.0,3,1.0,1400,6879,1.0,0,0,3,7,1400.0,0,1951,0,98155,47.7508,-122.286,1950,7400
4363700365,20140801T000000,429000.0,4,2.5,2100,7920,1.5,0,0,4,6,1400.0,700,1916,0,98126,47.5293,-122.371,1230,7920
1843100520,20140725T000000,347000.0,4,2.5,2770,9751,2.0,0,0,3,8,2770.0,0,1989,0,98042,47.3739,-122.126,2370,6950
425049146,20140715T000000,975000.0,3,2.5,3050,7410,1.5,0,0,5,8,1950.0,1100,1950,0,98115,47.6772,-122.296,1890,5814
7230300060,20140805T000000,370000.0,4,2.5,2190,17600,1.0,0,0,4,7,1110.0,1080,1966,0,98059,47.4712,-122.112,1820,17600
5592200010,20150227T000000,445000.0,3,2.5,2380,5269,2.0,0,0,3,8,2380.0,0,2008,0,98056,47.5066,-122.192,2150,7600
8079040320,20150223T000000,430000.0,4,3.0,1850,9976,2.0,0,0,3,8,1850.0,0,1991,0,98059,47.5059,-122.149,2270,8542
5547500070,20140724T000000,216000.0,3,1.75,1580,9705,1.0,0,0,4,7,1580.0,0,1977,0,98042,47.3819,-122.09,1580,9942
4353700200,20141203T000000,501000.0,2,1.75,1810,7523,1.0,0,0,3,8,1170.0,640,1962,1980,98027,47.5695,-122.087,2090,7523
9188200570,20140902T000000,333800.0,5,3.0,1980,3868,1.0,0,0,3,7,1220.0,760,1990,0,98118,47.5173,-122.275,1970,3868
339200130,20140531T000000,693000.0,3,2.5,2460,12028,2.0,0,0,3,9,2460.0,0,1996,0,98052,47.691,-122.095,2540,12229
7974200456,20141201T000000,910000.0,5,3.0,2640,5096,2.0,0,0,3,10,2640.0,0,2009,0,98115,47.6809,-122.288,1610,5217
3277801640,20141202T000000,440000.0,4,1.5,1690,3245,1.5,0,0,3,8,1690.0,0,1929,0,98126,47.5445,-122.375,1380,1590
5706600170,20150311T000000,204900.0,3,2.0,1390,8245,1.0,0,0,2,7,1390.0,0,1984,0,98001,47.2669,-122.254,1260,8245
518500210,20140508T000000,868500.0,3,2.5,2920,3942,3.0,0,0,3,10,2920.0,0,2008,0,98056,47.531,-122.204,2920,3942
726049232,20140623T000000,350000.0,3,1.75,1660,10150,1.5,0,0,3,7,1660.0,0,1957,0,98133,47.7512,-122.342,1640,8906
3760500516,20140724T000000,835000.0,5,4.0,3600,14720,1.0,0,2,5,8,1800.0,1800,1960,0,98034,47.7022,-122.227,3600,15358
203600590,20140627T000000,641000.0,4,2.5,2770,63118,2.0,0,0,3,9,2770.0,0,1997,0,98014,47.6622,-121.961,2770,44224
3881900317,20150123T000000,579000.0,4,3.25,1900,2631,2.0,0,0,3,9,1250.0,650,2014,0,98144,47.5869,-122.311,1710,4502
7225000155,20140609T000000,290000.0,4,3.0,2390,4500,2.0,0,0,3,7,2390.0,0,1974,0,98055,47.4872,-122.204,1320,4500
704450070,20140707T000000,450000.0,3,2.5,1990,12793,2.0,0,0,3,8,1990.0,0,1993,0,98028,47.7347,-122.226,2290,9035
8126300610,20150401T000000,436800.0,3,1.75,2080,12714,2.0,0,0,4,8,1540.0,540,1984,0,98052,47.7056,-122.162,2080,12107
4443801160,20140610T000000,420000.0,2,1.0,860,3880,1.0,0,0,4,6,860.0,0,1916,0,98117,47.6862,-122.391,1230,4260
1245001820,20150429T000000,776500.0,4,1.5,2290,10372,1.0,0,0,3,7,1510.0,780,1965,1987,98033,47.6888,-122.199,1900,8109
8802400415,20140625T000000,205000.0,3,1.0,1050,8498,1.0,0,0,3,7,1050.0,0,1958,0,98031,47.4038,-122.203,1340,8498
686050100,20141128T000000,975000.0,4,3.5,3130,52322,2.0,0,0,3,9,2430.0,700,2011,0,98005,47.5932,-122.159,3200,5820
3579000010,20140814T000000,428040.0,3,2.5,2150,9266,2.0,0,0,3,8,2150.0,0,1988,0,98028,47.7445,-122.248,2150,12550
4083302370,20150313T000000,775000.0,5,1.0,1860,3040,1.5,0,0,3,7,1530.0,330,1921,0,98103,47.6559,-122.339,1910,3600
2206700165,20140716T000000,450000.0,3,1.5,1520,7903,1.0,0,0,4,7,1000.0,520,1955,0,98006,47.5659,-122.141,1520,9830
2487200680,20150224T000000,447000.0,2,1.0,720,7500,1.0,0,2,3,6,720.0,0,1925,0,98136,47.5185,-122.392,1390,5000
7105600085,20141009T000000,500000.0,3,2.25,1730,13040,1.0,0,0,4,8,1290.0,440,1988,0,98052,47.6809,-122.119,1730,11016
1310980110,20140717T000000,299000.0,3,2.25,1920,7840,2.0,0,0,4,8,1920.0,0,1982,0,98032,47.3631,-122.276,2170,7210
2781240050,20150507T000000,349950.0,3,2.0,1640,4714,1.0,0,0,3,8,1640.0,0,2009,0,98038,47.3539,-122.021,1770,4802
452001475,20140902T000000,477000.0,3,1.0,960,3600,1.0,0,0,4,7,960.0,0,1906,0,98117,47.6758,-122.369,1580,5000
8682290410,20150417T000000,694000.0,2,2.5,2320,9311,1.0,0,0,3,8,2320.0,0,2007,0,98053,47.7226,-122.03,1680,4765
6882520050,20141007T000000,250000.0,3,1.0,930,6060,1.0,0,0,4,6,930.0,0,1973,0,98118,47.5289,-122.28,1640,6364
1081300450,20140814T000000,364000.0,4,2.5,2080,11050,1.0,0,0,4,8,2080.0,0,1969,0,98059,47.472,-122.119,1850,11050
3626039279,20140805T000000,395000.0,2,1.0,960,6700,1.0,0,0,3,7,960.0,0,1951,0,98103,47.6955,-122.357,1350,6700
7504110330,20150128T000000,691000.0,4,3.0,3040,11651,2.0,0,0,3,10,3040.0,0,1987,0,98074,47.6348,-122.038,2540,11815
1150000740,20141003T000000,639000.0,4,2.5,1990,8034,2.0,0,0,4,10,1990.0,0,1989,0,98029,47.561,-122.018,2580,8034
8948500065,20141124T000000,210000.0,2,1.0,970,8874,1.0,0,0,3,7,970.0,0,1968,0,98056,47.4943,-122.178,1340,8175
7788400180,20140812T000000,261000.0,3,1.0,1660,11200,1.0,0,0,3,7,1660.0,0,1957,0,98056,47.5121,-122.168,1380,10875
7519001275,20150301T000000,624000.0,3,1.75,1510,5200,1.0,0,0,4,7,860.0,650,1922,0,98117,47.6864,-122.365,1650,4160
7979900006,20140625T000000,450000.0,3,1.5,2330,11740,1.0,0,0,3,8,1330.0,1000,1954,0,98155,47.7481,-122.292,2630,11740
7972601445,20150116T000000,465000.0,4,2.25,2550,7650,2.0,0,2,4,9,2550.0,0,1996,0,98106,47.5296,-122.342,2550,7650
9421500150,20140623T000000,403500.0,3,1.0,1830,8004,1.0,0,0,3,8,1200.0,630,1960,0,98125,47.7259,-122.297,1860,7971
2769600590,20141016T000000,900000.0,8,4.0,4020,7500,1.0,0,0,3,8,2010.0,2010,1968,0,98107,47.6732,-122.363,1560,3737
4343800080,20140818T000000,305000.0,2,1.0,860,7250,1.0,0,0,3,6,860.0,0,1949,0,98133,47.7206,-122.35,1270,7250
5104530560,20150401T000000,208633.0,3,2.5,2040,3810,2.0,0,0,3,8,2040.0,0,2006,0,98038,47.3537,-122.0,2370,4590
3221079069,20140815T000000,475000.0,3,2.5,2770,98881,2.0,0,0,3,9,2770.0,0,1991,0,98022,47.2568,-121.952,1830,74923
8576400110,20150317T000000,580000.0,6,2.5,3596,13700,1.0,0,0,5,8,1798.0,1798,1964,0,98166,47.4388,-122.339,1894,10500
3450300240,20140515T000000,302000.0,4,1.75,2020,7865,1.0,0,0,4,7,1010.0,1010,1963,0,98059,47.5008,-122.162,1650,7865
7522700110,20140624T000000,258000.0,3,1.0,1490,7435,1.0,0,0,3,7,1120.0,370,1969,0,98198,47.368,-122.314,1490,7530
7905200365,20150408T000000,550000.0,3,1.75,1360,5850,1.0,0,0,4,7,1000.0,360,1938,0,98116,47.5711,-122.391,1540,5850
4140090110,20140912T000000,512500.0,4,2.25,2200,6900,2.0,0,0,4,8,2200.0,0,1975,0,98028,47.7682,-122.261,2400,6900
1005000250,20150130T000000,350000.0,2,1.0,840,5551,1.0,0,0,3,6,840.0,0,1952,0,98118,47.5354,-122.28,1270,4652
1604600660,20140512T000000,350000.0,2,1.0,910,4500,1.5,0,0,4,7,910.0,0,1906,0,98118,47.5633,-122.289,1270,3500
1189000700,20141001T000000,625000.0,3,1.5,1600,4128,1.5,0,0,3,8,1250.0,350,1906,0,98122,47.6122,-122.297,1540,3976
4083303815,20150421T000000,695000.0,5,2.0,3160,3990,1.5,0,0,3,7,1870.0,1290,1923,0,98103,47.654,-122.337,1780,4240
3521069142,20150224T000000,418200.0,3,2.5,2260,74297,2.0,0,0,3,9,2260.0,0,1992,0,98022,47.2704,-122.013,3110,98000
1796360350,20150128T000000,255000.0,3,1.75,1240,8659,1.0,0,0,5,7,1240.0,0,1986,0,98042,47.3663,-122.089,1490,8223
3424069145,20140925T000000,343000.0,3,1.0,1400,5662,1.5,0,0,5,5,1400.0,0,1920,0,98027,47.5271,-122.036,1250,14375
4221250320,20141017T000000,570000.0,4,2.5,2280,4534,2.0,0,0,3,8,2280.0,0,2003,0,98075,47.5902,-122.018,2246,4534
3303700376,20141201T000000,667000.0,3,1.0,1400,1581,1.5,0,0,5,8,1400.0,0,1909,0,98112,47.6221,-122.314,1860,3861
7284900460,20141120T000000,890000.0,4,2.5,3370,7200,2.0,0,0,3,8,3370.0,0,2014,0,98177,47.7698,-122.384,1880,7200
7199340650,20140508T000000,424500.0,3,1.75,1460,7700,1.0,0,0,3,7,1460.0,0,1979,0,98052,47.6981,-122.127,1720,7280
5315100667,20140603T000000,571500.0,3,1.0,1300,6710,1.0,0,0,4,6,1300.0,0,1952,0,98040,47.5851,-122.242,1630,9946
9136103130,20150512T000000,685000.0,2,1.5,1090,4013,1.5,0,0,3,7,1090.0,0,1900,0,98103,47.6652,-122.338,1390,4013
1257202120,20141030T000000,579100.0,2,1.0,1070,2754,1.0,0,0,3,7,830.0,240,1924,0,98103,47.6755,-122.331,1760,4080
8731900790,20140626T000000,354950.0,4,2.75,2530,7350,1.0,0,0,5,8,1280.0,1250,1977,0,98023,47.313,-122.374,2280,7350
8682320600,20140911T000000,739000.0,3,2.5,2310,7348,1.0,0,3,3,8,2310.0,0,2010,0,98053,47.7116,-122.019,2310,7153
4077800088,20140811T000000,699950.0,4,2.0,2070,7830,1.0,0,1,5,7,1180.0,890,1941,0,98125,47.7058,-122.278,2390,7830
7504030220,20141008T000000,712000.0,4,2.25,2450,11960,1.0,0,0,3,10,2450.0,0,1979,0,98074,47.6351,-122.06,2600,11960
6169901197,20141126T000000,900000.0,3,1.5,2160,2260,2.0,0,2,5,8,1620.0,540,1917,0,98119,47.6321,-122.371,2570,2400
2423059067,20141219T000000,770000.0,3,2.75,2070,54557,2.0,0,0,3,8,2070.0,0,1996,0,98058,47.4659,-122.116,2190,49658
2553300270,20141105T000000,649000.0,4,2.5,2980,12764,2.0,0,0,3,10,2980.0,0,1994,0,98075,47.5857,-122.027,3080,9810
6664000030,20141009T000000,980000.0,4,2.25,2240,11034,2.0,0,0,3,8,2240.0,0,1976,0,98004,47.5894,-122.195,2300,11550
1124000050,20140729T000000,461000.0,4,1.0,1260,8505,1.5,0,0,5,7,1260.0,0,1951,0,98177,47.7181,-122.371,1480,8100
3222049044,20140612T000000,835000.0,3,3.0,2790,12523,2.0,1,4,4,8,1600.0,1190,1977,0,98198,47.3571,-122.324,2990,11476
4083305870,20141001T000000,705000.0,2,2.0,1650,6840,1.5,0,0,5,7,1650.0,0,1916,0,98103,47.6512,-122.338,1700,4560
4027700009,20140515T000000,575000.0,4,2.5,3020,17810,1.0,0,0,3,9,1600.0,1420,1979,0,98155,47.7735,-122.281,2500,15815
3394100230,20140522T000000,1050000.0,4,2.5,3030,12590,1.5,0,0,4,10,3030.0,0,1988,0,98004,47.5806,-122.193,2980,11635
993000873,20150318T000000,380500.0,3,2.0,1270,1348,3.0,0,0,3,8,1270.0,0,2003,0,98103,47.6929,-122.342,1180,1360
8113101233,20150130T000000,330000.0,3,1.0,2140,5037,1.0,0,0,3,7,2140.0,0,1957,0,98118,47.5494,-122.274,1630,6054
8677900123,20140612T000000,510000.0,3,1.75,1600,19200,1.0,0,0,4,7,1600.0,0,1967,0,98034,47.7202,-122.249,2010,14850
1624079021,20150313T000000,355000.0,3,1.0,1890,36300,1.0,0,0,3,7,1890.0,0,1962,0,98024,47.5719,-121.914,1746,54014
2769600190,20140715T000000,630000.0,5,2.0,1900,5000,1.0,0,2,3,8,1720.0,180,1957,0,98107,47.6735,-122.362,1770,5000
4246000180,20140523T000000,433000.0,4,1.75,1830,9600,1.0,0,0,4,7,1010.0,820,1966,0,98006,47.5728,-122.125,1910,11100
6450302175,20141118T000000,342450.0,3,1.5,1280,5525,1.0,0,0,3,7,1280.0,0,1962,0,98133,47.7339,-122.336,1330,5286
2817800100,20140701T000000,328950.0,4,1.75,2550,8976,1.0,0,0,5,7,1300.0,1250,1978,0,98058,47.4286,-122.179,2220,9477
1245500276,20140909T000000,718000.0,3,2.5,2070,7200,2.0,0,0,3,8,2070.0,0,2001,0,98033,47.6946,-122.211,1650,8877
2126049154,20141217T000000,435000.0,4,2.75,2160,8148,1.0,0,0,3,7,1410.0,750,1978,0,98125,47.7261,-122.306,2060,8100
6795100589,20141010T000000,663000.0,3,2.25,2840,59677,1.0,0,0,3,7,1580.0,1260,1967,0,98075,47.5828,-122.044,2220,31688
425400115,20140715T000000,237000.0,3,1.0,1160,6132,1.0,0,0,4,7,1160.0,0,1958,0,98056,47.5015,-122.173,1280,6132
2125059161,20141023T000000,960000.0,4,2.5,3430,43560,1.5,0,2,5,10,3430.0,0,1979,0,98005,47.6426,-122.18,3700,44431
2310030390,20150429T000000,275000.0,3,1.75,1180,6260,1.0,0,0,4,8,1180.0,0,1993,0,98038,47.3531,-122.048,1580,7272
3741600020,20140915T000000,540000.0,3,2.25,2100,20018,1.0,0,4,3,8,1470.0,630,1948,0,98166,47.4544,-122.366,2410,17196
4166800320,20141110T000000,350000.0,4,2.5,2506,7206,2.0,0,0,3,8,2506.0,0,2007,0,98023,47.3236,-122.337,2441,7220
1330900570,20141106T000000,575000.0,4,2.5,2520,35636,2.0,0,0,3,8,2520.0,0,1980,0,98053,47.652,-122.031,2230,35673
1023059313,20150205T000000,390000.0,3,2.5,1910,4755,2.0,0,0,3,8,1910.0,0,1997,0,98059,47.4956,-122.162,2460,6099
2422049107,20140508T000000,350000.0,4,1.75,2250,13515,1.0,0,0,4,8,2150.0,100,1940,0,98030,47.3789,-122.229,2150,12508
3124049196,20141107T000000,330000.0,4,1.5,2500,9448,1.0,0,0,4,7,1250.0,1250,1966,0,98106,47.5212,-122.339,1640,9490
7899800915,20150209T000000,216000.0,2,1.0,710,5120,1.0,0,0,3,6,710.0,0,1918,0,98106,47.5224,-122.357,1150,1252
6882510060,20140825T000000,365000.0,4,2.5,1800,5070,1.0,0,0,5,7,1080.0,720,1979,0,98118,47.5303,-122.28,1870,5365
798000421,20150327T000000,292000.0,3,1.0,1730,21183,1.0,0,0,3,7,1030.0,700,1955,0,98168,47.5024,-122.332,1610,13000
7199340310,20150218T000000,509250.0,3,2.5,2100,7600,1.0,0,0,4,7,1450.0,650,1980,0,98052,47.6968,-122.127,2010,7600
2458400345,20141028T000000,340000.0,3,2.0,1420,6060,1.0,0,0,5,7,830.0,590,1942,0,98146,47.5102,-122.372,1420,6360
3528000470,20140509T000000,851000.0,3,2.5,3560,107290,2.0,0,0,3,10,3560.0,0,1987,0,98053,47.6652,-122.049,3660,89298
1524059027,20140506T000000,675000.0,2,1.0,930,36478,1.0,0,2,3,6,930.0,0,1951,0,98006,47.5699,-122.164,2800,11141
5379805260,20150326T000000,400200.0,4,3.5,2260,30250,2.0,0,0,3,7,2260.0,0,2013,0,98188,47.4493,-122.281,1270,16350
2722049092,20150108T000000,240000.0,4,1.5,1780,14810,1.0,0,0,4,8,1180.0,600,1950,0,98032,47.3581,-122.288,1450,6728
8562500690,20140513T000000,581000.0,4,1.75,2090,8164,1.0,0,0,4,8,1070.0,1020,1963,0,98052,47.6715,-122.155,1310,7975
2356800020,20140929T000000,416000.0,2,1.0,880,6650,1.0,0,0,5,6,880.0,0,1918,0,98117,47.6914,-122.372,1250,6650
2041000025,20141203T000000,474000.0,2,1.0,1090,3160,1.0,0,0,3,7,840.0,250,1926,0,98109,47.6385,-122.344,1070,3160
7199320570,20150126T000000,520000.0,4,2.25,1870,7700,2.0,0,0,3,7,1870.0,0,1977,0,98052,47.6937,-122.127,1970,7700
2524049250,20140921T000000,1180000.0,5,2.25,3270,16553,2.0,0,2,5,9,2470.0,800,1968,0,98040,47.5428,-122.236,3690,17916
3582500240,20140514T000000,510000.0,3,1.75,2170,26460,1.0,0,0,3,8,1450.0,720,1986,0,98074,47.6147,-122.045,2090,29075
2767604558,20140721T000000,512000.0,2,2.25,1170,1313,3.0,0,0,3,8,1170.0,0,2007,0,98107,47.6712,-122.378,1310,1304
7902200015,20150429T000000,700000.0,3,1.75,1820,15570,1.0,0,2,3,8,1820.0,0,1948,0,98146,47.5068,-122.386,2490,9480
7785000220,20141013T000000,725000.0,3,2.0,1550,12262,1.0,0,0,4,7,1550.0,0,1964,0,98040,47.5755,-122.216,2900,12372
2771101251,20150326T000000,395000.0,1,1.0,790,3000,1.0,0,0,3,6,790.0,0,1953,0,98199,47.6544,-122.386,1110,4100
4139420430,20140611T000000,1365000.0,5,3.5,4210,17258,2.0,0,3,3,12,4210.0,0,1995,0,98006,47.553,-122.114,4630,17909
1922059135,20150513T000000,250000.0,2,2.0,1130,5500,1.0,0,0,4,6,1130.0,0,1941,0,98030,47.3839,-122.225,1320,6600
9136100056,20140528T000000,875000.0,3,2.75,2280,4280,1.0,0,0,5,7,1280.0,1000,1917,0,98103,47.6685,-122.335,1650,4280
3856901880,20140815T000000,514000.0,2,1.0,920,4000,1.0,0,0,4,7,920.0,0,1906,0,98105,47.6711,-122.328,1300,4000
4221250090,20141113T000000,545000.0,3,2.5,1990,5149,2.0,0,0,3,8,1990.0,0,2003,0,98075,47.5895,-122.019,2280,4506
1939120050,20150303T000000,638250.0,4,2.5,2460,8029,2.0,0,0,3,9,2460.0,0,1989,0,98074,47.6262,-122.03,2420,7987
2288000090,20150429T000000,980000.0,4,1.75,2260,17711,1.0,0,1,4,9,2260.0,0,1968,0,98040,47.5498,-122.214,2880,16594
3352402250,20141021T000000,119900.0,2,1.0,700,3180,1.0,0,0,3,6,480.0,220,1951,0,98178,47.4976,-122.262,1760,6360
7225000045,20140828T000000,207100.0,2,1.0,1000,4500,1.0,0,0,3,6,1000.0,0,1916,0,98055,47.4896,-122.204,980,4837
2414600126,20150415T000000,229500.0,3,1.0,1780,7470,1.0,0,0,3,7,1050.0,730,1960,0,98146,47.5123,-122.337,1780,8113
2024079035,20140605T000000,685000.0,3,2.75,3150,219978,2.0,0,0,4,9,3000.0,150,1990,0,98024,47.553,-121.946,3180,218235
7007700030,20150105T000000,400000.0,3,1.0,1050,6000,1.0,0,0,3,7,1050.0,0,1952,0,98116,47.5709,-122.401,1720,6000
224069134,20150225T000000,735000.0,3,1.75,1880,108900,1.0,0,0,3,7,1880.0,0,1978,0,98075,47.5913,-122.01,2730,37731
8731730590,20150513T000000,242150.0,4,1.75,1490,8544,1.0,0,0,4,7,1490.0,0,1970,0,98031,47.3894,-122.166,1180,8372
6163901261,20140909T000000,395000.0,4,1.0,1440,8320,1.5,0,0,3,7,1440.0,0,1946,0,98155,47.7529,-122.318,1440,9230
7784400060,20150120T000000,545000.0,3,2.5,2370,9000,1.0,0,3,4,8,1570.0,800,1952,0,98146,47.4922,-122.365,2120,9500
1523059239,20150423T000000,475000.0,5,3.5,2780,3583,2.0,0,0,3,8,2180.0,600,2005,0,98059,47.4879,-122.152,2640,3850
3812400070,20150506T000000,435000.0,5,1.0,1410,6750,1.5,0,0,3,6,1410.0,0,1929,0,98118,47.5453,-122.278,1360,6750
1250203070,20140514T000000,1400000.0,3,2.5,2550,7200,2.0,0,2,3,10,2550.0,0,1981,2013,98144,47.5996,-122.288,2030,3500
1697000400,20150330T000000,133000.0,3,1.0,980,9115,1.0,0,0,3,7,980.0,0,1968,0,98198,47.3737,-122.312,1470,8716
6021503707,20150120T000000,352500.0,2,2.5,980,1010,3.0,0,0,3,8,980.0,0,2008,0,98117,47.6844,-122.387,980,1023
3876313100,20141224T000000,422800.0,3,1.75,1820,8400,1.0,0,0,3,7,1340.0,480,1976,0,98072,47.734,-122.17,1900,8112
1787600252,20150505T000000,282000.0,2,1.0,1150,6098,1.0,0,0,3,7,950.0,200,1948,0,98125,47.7259,-122.328,1790,8455
7701450110,20140815T000000,1038000.0,4,2.5,3770,10893,2.0,0,2,3,11,3770.0,0,1997,0,98006,47.5646,-122.129,3710,9685
7940710070,20140822T000000,394000.0,3,2.5,1370,4400,1.0,0,0,3,8,1370.0,0,1988,0,98034,47.7139,-122.203,1630,4400
5104520400,20141202T000000,390000.0,3,2.5,2350,5100,2.0,0,0,3,8,2350.0,0,2003,0,98038,47.3512,-122.008,2350,5363
7625703885,20140917T000000,870000.0,4,3.0,2940,7108,2.0,0,1,3,9,2220.0,720,2011,0,98136,47.5437,-122.395,2240,7950
4337600280,20140904T000000,229000.0,3,2.0,1760,9900,1.0,0,0,4,7,1760.0,0,1943,0,98166,47.4783,-122.338,1190,9900
1311100520,20150414T000000,250000.0,4,2.25,1730,8400,1.0,0,0,3,7,1730.0,0,1962,0,98001,47.3386,-122.288,1550,7920
6114600030,20140520T000000,675000.0,4,3.0,2690,28300,1.0,0,0,3,8,2690.0,0,1954,1999,98166,47.4458,-122.343,2820,27100
1102000514,20141022T000000,970000.0,5,3.5,3400,9804,2.0,0,0,3,9,2550.0,850,2008,0,98118,47.543,-122.266,2380,7440
7230000350,20140909T000000,300000.0,3,1.75,1830,51836,1.0,0,0,4,7,1430.0,400,1966,0,98059,47.4774,-122.098,1320,51400
5309100450,20150330T000000,546500.0,3,2.5,1410,2675,1.0,0,0,3,7,820.0,590,1985,0,98117,47.6786,-122.371,1410,4013
9547205260,20140815T000000,733000.0,3,1.75,1740,3060,1.0,0,0,5,8,950.0,790,1930,2014,98115,47.6816,-122.31,1800,3960
4139900210,20140620T000000,1320000.0,4,3.5,4410,36200,2.0,0,0,3,11,4410.0,0,1989,0,98006,47.5487,-122.126,4760,35860
7325600160,20140604T000000,299000.0,1,0.75,560,12120,1.0,0,0,3,4,560.0,0,1967,0,98014,47.675,-121.854,1300,19207
9268200600,20140519T000000,413500.0,2,1.0,770,4000,1.0,0,0,5,5,770.0,0,1924,0,98117,47.6959,-122.364,1420,5040
4346300010,20140618T000000,545500.0,3,2.5,1560,9361,1.5,0,0,4,7,1360.0,200,1936,0,98108,47.5591,-122.295,1670,6244
2122059199,20141002T000000,490000.0,4,4.25,4480,5715,2.0,0,0,3,7,3680.0,800,2003,0,98030,47.373,-122.179,2190,6070
2781250530,20140812T000000,225000.0,2,2.5,1360,2693,2.0,0,0,3,6,1360.0,0,2003,0,98038,47.3492,-122.025,1360,2693
5416510920,20140616T000000,385000.0,4,2.5,2960,5054,2.0,0,0,3,9,2960.0,0,2006,0,98038,47.3601,-122.035,2960,5000
1328330430,20150408T000000,299000.0,2,1.75,1270,7800,1.0,0,0,4,7,890.0,380,1981,0,98058,47.4438,-122.134,2020,8025
5215200010,20140626T000000,663000.0,3,2.5,2480,37843,1.5,1,3,4,8,2480.0,0,1974,0,98070,47.4003,-122.422,2350,42122
4024100982,20150219T000000,383610.0,3,2.0,1230,8450,1.0,0,0,3,7,1230.0,0,1989,0,98155,47.7548,-122.305,2110,8536
3810000860,20150506T000000,240000.0,4,1.5,1920,7973,1.0,0,0,3,8,1920.0,0,1955,0,98178,47.4961,-122.235,2020,8840
3584000310,20141208T000000,225000.0,3,1.75,1430,8505,1.0,0,0,4,7,1430.0,0,1968,0,98003,47.3173,-122.319,1190,8640
3343903611,20150323T000000,615000.0,5,3.25,3090,7069,2.0,0,0,3,9,3090.0,0,2012,0,98056,47.5114,-122.196,2480,8000
1995200338,20141029T000000,738000.0,4,2.5,2830,5010,2.0,0,0,3,9,2170.0,660,2000,0,98115,47.6952,-122.327,1880,5739
1819800286,20140616T000000,460000.0,2,1.0,890,2100,1.0,0,0,4,6,760.0,130,1919,0,98107,47.656,-122.359,1600,4250
9528102110,20140917T000000,517000.0,3,2.25,1640,4635,1.5,0,0,3,8,1540.0,100,1930,0,98115,47.6793,-122.319,1530,4635
8079030350,20140910T000000,441500.0,3,2.5,2420,9592,2.0,0,0,3,8,1780.0,640,1993,0,98059,47.5093,-122.153,2420,9145
2123049142,20140814T000000,294000.0,4,2.5,2040,7800,2.0,0,0,3,7,2040.0,0,2003,0,98168,47.473,-122.293,1860,10954
3744000040,20140722T000000,518380.0,4,2.5,2810,4500,2.0,0,0,3,9,2810.0,0,2014,0,98038,47.3552,-122.023,2980,5046
5589900590,20140505T000000,400000.0,2,1.75,2110,9519,1.0,0,0,2,7,2110.0,0,1948,0,98155,47.7504,-122.306,1480,9519
3395041236,20141023T000000,300000.0,3,2.5,1800,3253,2.0,0,0,3,7,1800.0,0,2001,0,98108,47.5401,-122.292,1800,3081
3735901600,20140606T000000,435000.0,2,1.0,1260,4080,1.5,0,0,5,7,1260.0,0,1926,0,98115,47.687,-122.32,1720,4080
705710290,20150420T000000,361500.0,4,2.75,2190,6740,2.0,0,0,3,7,2190.0,0,1995,0,98038,47.3804,-122.027,1950,7150
240000269,20150124T000000,530000.0,4,4.5,4060,10800,2.0,0,0,3,10,4060.0,0,2007,0,98188,47.4241,-122.29,1830,9768
3025059124,20140828T000000,3168750.0,5,3.5,4330,11979,1.0,0,4,3,12,2090.0,2240,2008,0,98004,47.6251,-122.218,4320,12000
8682310220,20140827T000000,765000.0,2,2.5,2170,6750,1.0,0,0,3,8,2170.0,0,2012,0,98053,47.7115,-122.014,2150,6074
2126079046,20150407T000000,390000.0,3,1.75,1220,216332,1.0,0,0,3,7,1220.0,0,1981,0,98019,47.7224,-121.926,1540,61419
3630200080,20140807T000000,775000.0,4,3.5,3390,3960,2.0,0,0,3,10,3390.0,0,2008,0,98027,47.5406,-121.995,2990,3400
926069192,20140926T000000,880000.0,4,3.25,4060,52707,2.0,0,0,4,9,4060.0,0,1996,0,98077,47.7615,-122.041,3100,50755
2131701020,20150311T000000,317000.0,3,1.5,1390,8300,1.0,0,0,4,7,1390.0,0,1974,0,98019,47.7383,-121.983,1470,7500
3278600320,20140723T000000,465000.0,3,2.5,2150,4084,2.0,0,0,3,8,2150.0,0,2007,0,98126,47.5488,-122.372,1750,2385
7852140170,20150421T000000,695000.0,4,2.5,2830,14538,2.0,0,0,3,8,2830.0,0,2003,0,98065,47.5405,-121.882,2270,6939
5419800090,20141121T000000,217500.0,2,2.0,1070,8400,1.0,0,0,4,7,1070.0,0,1980,0,98031,47.4014,-122.186,1430,8190
3295900490,20140729T000000,423000.0,4,2.5,2320,4254,2.0,0,0,3,8,2320.0,0,2004,0,98059,47.48,-122.137,2330,4602
3524039224,20140513T000000,870000.0,4,2.5,3520,6773,2.5,0,0,3,9,2650.0,870,2006,0,98136,47.5317,-122.391,2930,6458
1370803925,20140903T000000,535000.0,2,2.0,1510,5133,1.5,0,0,3,7,1510.0,0,1939,0,98199,47.6415,-122.401,1470,6000
322069153,20140827T000000,364250.0,3,2.5,2280,213879,2.0,0,0,3,8,2280.0,0,1994,0,98038,47.4213,-122.033,2380,178160
1727001300,20140609T000000,1900000.0,4,3.25,4130,112521,2.0,0,0,3,11,4130.0,0,1978,0,98005,47.6392,-122.165,3140,26147
2782100260,20150303T000000,647000.0,4,2.5,2390,5800,2.0,0,0,3,9,2390.0,0,2000,0,98075,47.5965,-122.038,2590,6507
9542830480,20150504T000000,355900.0,3,2.5,2090,3821,2.0,0,0,3,7,2090.0,0,2008,0,98038,47.3655,-122.017,2040,4200
1785500132,20141118T000000,293000.0,3,1.0,1020,7650,1.0,0,0,3,7,1020.0,0,1940,0,98133,47.7198,-122.352,1440,7650
2624039114,20150413T000000,360000.0,2,1.0,1120,12625,1.0,0,3,3,7,1120.0,0,1940,0,98136,47.5397,-122.385,1880,6828
4038400040,20141124T000000,520000.0,3,2.0,1670,8800,1.0,0,0,4,7,1150.0,520,1961,0,98008,47.6096,-122.132,2020,8250
5104531640,20150323T000000,585000.0,4,3.0,3400,5100,2.0,0,0,3,9,3400.0,0,2006,0,98038,47.3548,-122.002,3400,5672
1721800190,20150409T000000,300000.0,2,1.5,1300,6120,1.0,0,0,3,6,820.0,480,1945,0,98146,47.5088,-122.338,1250,6120
9828702245,20150316T000000,640000.0,3,2.5,1620,1377,2.0,0,0,3,8,1100.0,520,2009,0,98112,47.6195,-122.299,1620,1251
104560540,20140917T000000,310000.0,4,2.75,2370,7320,2.0,0,0,3,7,2370.0,0,1989,0,98023,47.3071,-122.36,1960,7320
1761300100,20140618T000000,279950.0,5,1.75,2150,7171,1.0,0,0,4,7,1460.0,690,1970,0,98031,47.3952,-122.176,1710,7300
3275910020,20150213T000000,340000.0,4,2.5,2181,5521,2.0,0,0,3,8,2181.0,0,2006,0,98001,47.3503,-122.291,2333,5143
1909600115,20140827T000000,420000.0,3,2.0,2330,6346,1.5,0,0,3,6,1600.0,730,1934,2014,98146,47.5135,-122.38,1380,8400
5152960080,20141210T000000,375000.0,3,2.75,2200,9600,1.0,0,3,4,8,1570.0,630,1977,0,98003,47.3438,-122.323,2680,9896
4046500270,20140819T000000,399000.0,3,2.0,2100,31550,1.0,0,0,3,8,2100.0,0,2010,0,98014,47.6907,-121.917,1860,18452
629420100,20140926T000000,722000.0,4,2.75,3190,5408,2.0,0,0,3,9,3190.0,0,2005,0,98075,47.5903,-121.988,3160,5773
9407102360,20140616T000000,309212.0,3,1.75,1150,9600,1.0,0,0,3,7,1150.0,0,1979,0,98045,47.4434,-121.774,1520,9976
8651402750,20150218T000000,132825.0,3,1.5,1210,5200,1.0,0,0,5,6,1210.0,0,1969,0,98042,47.3615,-122.087,1120,5200
9407110710,20141107T000000,195000.0,3,1.75,1510,8400,1.0,0,0,2,7,980.0,530,1979,0,98045,47.4476,-121.771,1500,10125
5288200072,20141001T000000,427000.0,2,1.5,1440,725,2.0,0,0,3,8,1100.0,340,2011,0,98126,47.5607,-122.378,1440,4255
6802200280,20141110T000000,279000.0,3,2.5,2010,11618,2.0,0,0,3,7,2010.0,0,1990,0,98022,47.1956,-121.985,1550,9354
6413600123,20141008T000000,455000.0,3,2.25,1870,7403,1.0,0,0,3,7,1870.0,0,1950,0,98125,47.7171,-122.32,1630,7440
7524400250,20141124T000000,589950.0,3,2.0,2080,12094,2.0,0,0,4,8,2080.0,0,1982,0,98052,47.7035,-122.164,2230,12204
524059052,20141209T000000,975000.0,4,2.25,2420,15482,2.0,0,0,4,8,2420.0,0,1925,1997,98004,47.5907,-122.196,2870,13905
3127200021,20140616T000000,850000.0,4,3.5,4140,7089,2.0,0,0,3,10,3160.0,980,2003,0,98034,47.7059,-122.2,2640,8896
8924100430,20141224T000000,500000.0,2,1.0,1440,7130,1.0,0,2,3,7,1210.0,230,1948,0,98115,47.6778,-122.267,1970,7130
1245000438,20150413T000000,885000.0,4,2.5,2620,9157,2.0,0,0,3,8,2620.0,0,1996,0,98033,47.6916,-122.203,2240,7405
2781250610,20141202T000000,250000.0,3,2.0,1470,2781,2.0,0,0,3,6,1470.0,0,2003,0,98038,47.349,-122.024,1360,3008
2767601752,20140707T000000,510000.0,3,2.5,1420,1237,3.0,0,0,3,8,1420.0,0,2014,0,98107,47.674,-122.387,1510,2501
5710500230,20150506T000000,545000.0,3,2.0,1900,9975,1.0,0,0,3,8,1500.0,400,1973,0,98027,47.5307,-122.054,2140,9825
2025069065,20140929T000000,2400000.0,4,2.5,3650,8354,1.0,1,4,3,9,1830.0,1820,2000,0,98074,47.6338,-122.072,3120,18841
7708250010,20150107T000000,325000.0,3,2.5,1830,7585,2.0,0,0,4,8,1830.0,0,1995,0,98042,47.3893,-122.154,2070,7585
4364700595,20140818T000000,333000.0,3,1.0,1050,7560,1.0,0,0,3,7,1050.0,0,1951,0,98126,47.525,-122.371,1490,7560
4094800190,20140623T000000,1190000.0,4,2.5,3160,13194,2.0,0,0,5,10,3160.0,0,1965,0,98040,47.5472,-122.233,3490,13194
8025700460,20150508T000000,279000.0,4,1.75,1840,7275,1.0,0,0,3,7,1090.0,750,1976,0,98031,47.4002,-122.189,1840,7275
1125079088,20150402T000000,455000.0,2,1.0,1330,92782,1.0,0,0,2,6,1330.0,0,1950,0,98014,47.6624,-121.868,1280,168141
9826701765,20140808T000000,715000.0,3,1.0,1610,7680,1.0,0,0,3,6,900.0,710,1956,0,98122,47.6038,-122.303,1940,2880
4379400260,20140610T000000,695000.0,3,2.75,2540,4694,2.0,0,0,3,9,2540.0,0,2005,0,98074,47.6214,-122.024,2600,6344
6817810310,20140612T000000,405000.0,3,1.0,1330,15678,1.0,0,0,3,7,900.0,430,1984,0,98074,47.6355,-122.037,1330,12696
3523069060,20141107T000000,290000.0,3,1.75,1340,63597,1.0,0,0,4,7,1340.0,0,1963,0,98038,47.4379,-122.011,1950,87120
6645900010,20141120T000000,1470000.0,4,2.5,3030,10189,1.0,0,0,3,9,2380.0,650,2003,0,98004,47.6367,-122.206,1940,10189
2597670470,20140813T000000,330000.0,4,2.5,2080,7000,1.0,0,0,4,8,1400.0,680,1989,0,98058,47.4252,-122.163,2090,7082
2203500140,20140801T000000,320000.0,4,1.5,1100,11824,1.0,0,0,4,7,1100.0,0,1954,0,98006,47.5704,-122.141,1380,11796
6705120540,20141222T000000,462370.0,2,2.25,1860,2670,2.0,0,0,4,8,1860.0,0,1986,0,98006,47.5436,-122.187,1860,2531
1354600160,20140509T000000,312000.0,4,2.25,1930,7452,1.0,0,0,3,7,1430.0,500,1984,0,98031,47.4098,-122.189,1714,7200
6799300130,20140623T000000,300000.0,4,2.5,1840,5550,2.0,0,0,3,8,1840.0,0,2004,0,98031,47.3937,-122.183,2030,5500
4045900147,20140801T000000,590000.0,3,2.75,2550,54014,2.0,0,0,4,8,1980.0,570,1967,0,98072,47.7596,-122.117,2180,21600
623049273,20141121T000000,225000.0,3,1.75,1550,9060,2.0,0,0,3,7,1550.0,0,1948,1979,98146,47.5093,-122.345,1080,7620
6021503708,20141122T000000,334900.0,2,2.5,980,1013,3.0,0,0,3,8,980.0,0,2008,0,98117,47.6844,-122.387,980,1023
2652500015,20140610T000000,800000.0,3,2.25,1620,4500,2.0,0,0,4,8,1620.0,0,1926,0,98119,47.643,-122.361,1210,4320
3426049153,20141110T000000,438200.0,2,2.0,1600,5643,1.0,0,0,3,7,1600.0,0,1954,0,98115,47.6968,-122.279,1600,5746
8835900010,20140804T000000,579000.0,3,1.0,1590,5400,1.0,0,1,3,8,1280.0,310,1948,0,98118,47.5509,-122.261,2140,7161
823069074,20141223T000000,523000.0,4,2.5,2660,65340,2.0,0,0,3,8,2660.0,0,1988,0,98027,47.4969,-122.06,2850,74052
936000055,20141119T000000,519500.0,3,3.0,2390,19454,1.5,0,0,3,8,2390.0,0,2008,0,98166,47.4545,-122.336,1540,26979
8562891100,20140910T000000,381500.0,4,2.5,2430,5556,2.0,0,0,4,8,2430.0,0,2003,0,98042,47.3762,-122.126,2430,5556
7715801040,20150221T000000,465000.0,3,2.0,1430,7125,1.0,0,0,4,7,1430.0,0,1984,0,98074,47.6256,-122.059,1570,8075
7937900040,20141219T000000,633000.0,5,2.75,3630,30570,2.0,0,0,3,11,3630.0,0,2000,0,98058,47.4243,-122.097,3620,41965
8964800860,20150209T000000,1650000.0,4,2.5,2780,11904,1.0,0,1,5,8,1730.0,1050,1951,0,98004,47.6209,-122.216,3590,13860
2436700280,20140528T000000,840000.0,4,1.75,2330,4000,2.0,0,0,5,8,1300.0,1030,1924,0,98105,47.666,-122.289,2040,4000
2473100450,20140909T000000,330000.0,4,2.0,1590,9100,1.0,0,0,3,7,1040.0,550,1967,2014,98058,47.4465,-122.156,1670,9100
3630120880,20150227T000000,780000.0,3,3.5,3310,5558,2.0,0,0,3,9,3310.0,0,2005,0,98029,47.5553,-122.003,3310,5270
5364200477,20140603T000000,718000.0,3,1.0,1030,4958,1.0,0,0,5,7,1030.0,0,1952,0,98105,47.6647,-122.277,2230,6987
8078600330,20140708T000000,580000.0,3,2.25,1940,5980,1.0,0,0,3,7,1520.0,420,1987,0,98027,47.5476,-122.075,1910,6309
7204200025,20141028T000000,1225000.0,4,2.5,3120,49456,2.0,1,4,4,9,2590.0,530,1974,1989,98198,47.3535,-122.323,2030,32181
3815500165,20140911T000000,396000.0,5,2.75,2840,12253,1.0,0,0,3,7,1420.0,1420,1960,0,98028,47.7618,-122.253,2210,11620
8956200070,20140905T000000,447500.0,4,2.5,2425,9017,2.0,0,0,3,9,2425.0,0,2013,0,98001,47.3003,-122.263,2725,7019
6918720080,20150402T000000,725000.0,6,3.0,2480,12000,2.0,0,0,3,8,2480.0,0,1972,0,98007,47.6131,-122.145,2220,8580
8562890590,20141003T000000,372000.0,3,2.5,2430,5000,2.0,0,0,3,8,2430.0,0,2001,0,98042,47.3786,-122.127,2910,5620
9510900710,20140513T000000,267345.0,4,2.25,2510,8165,1.0,0,0,4,7,1610.0,900,1972,0,98023,47.3092,-122.372,1940,8250
2428100100,20141117T000000,847093.0,4,2.75,2760,5670,2.0,0,0,3,10,2760.0,0,2014,0,98075,47.5819,-122.047,2760,6600
3679400474,20141104T000000,294000.0,3,1.75,1420,1361,2.0,0,0,3,7,960.0,460,2014,0,98108,47.5684,-122.314,1340,1343
1025059094,20150128T000000,830000.0,5,3.5,3490,21780,2.0,0,0,3,8,3490.0,0,1996,0,98052,47.6707,-122.144,3070,7829
3260200200,20141030T000000,580000.0,3,2.25,1670,7416,1.0,0,0,4,7,1220.0,450,1974,0,98005,47.6028,-122.172,1710,7416
3299600120,20140718T000000,698000.0,4,2.5,2990,7231,2.0,0,0,3,9,2990.0,0,2001,0,98075,47.5623,-122.032,3160,8339
2473381150,20140618T000000,325000.0,3,2.75,2200,7000,1.0,0,0,4,7,1280.0,920,1977,0,98058,47.4574,-122.169,1670,7000
521049227,20141201T000000,950000.0,4,4.0,5635,9695,2.0,0,3,3,10,4360.0,1275,2011,0,98003,47.3389,-122.334,3726,9765
7135300275,20140904T000000,185000.0,1,1.0,720,5000,1.0,0,0,4,6,720.0,0,1908,0,98118,47.5289,-122.272,1170,5000
8635760330,20150413T000000,456000.0,3,2.5,1820,2935,2.0,0,0,3,8,1820.0,0,1999,0,98074,47.6018,-122.021,1820,2936
293610020,20150304T000000,637000.0,4,2.75,2900,5803,2.0,0,0,3,9,2900.0,0,2007,0,98028,47.7368,-122.232,2900,6212
3342700371,20140609T000000,539950.0,3,2.25,2190,7149,1.0,0,1,4,8,1240.0,950,1963,0,98056,47.5243,-122.204,3500,7149
5104531120,20150323T000000,775000.0,5,2.75,3750,12077,2.0,0,4,3,10,3750.0,0,2005,0,98038,47.3525,-122.002,3120,7255
9378500050,20141006T000000,295000.0,4,2.5,2350,8906,2.0,0,0,3,7,2350.0,0,1993,0,98031,47.4205,-122.215,2000,8165
7852170570,20150309T000000,535950.0,3,2.5,2370,5344,2.0,0,0,3,9,2370.0,0,2003,0,98065,47.54,-121.863,2990,5418
7452500770,20140908T000000,267500.0,2,1.0,960,5150,1.0,0,0,5,6,960.0,0,1951,0,98126,47.5201,-122.372,1010,5000
3959401284,20140626T000000,440000.0,3,1.5,2120,6290,1.0,0,0,4,8,1220.0,900,1949,0,98108,47.5658,-122.318,1620,5400
2926049449,20140618T000000,384400.0,3,3.25,1689,1388,3.0,0,0,3,8,1689.0,0,2008,0,98125,47.7174,-122.317,1459,1384
7199330170,20150512T000000,450000.0,3,1.75,1720,6960,1.0,0,0,3,7,1140.0,580,1978,0,98052,47.6972,-122.129,1720,7280
259801140,20141212T000000,451000.0,4,1.75,1680,7800,1.0,0,0,3,7,1330.0,350,1966,0,98008,47.6286,-122.118,1680,7210
8092700220,20150411T000000,280000.0,5,2.5,1630,20750,1.0,0,0,4,7,1100.0,530,1975,0,98042,47.3657,-122.113,1630,8640
1395500020,20141107T000000,279900.0,3,1.0,1400,10800,1.0,0,0,3,6,1400.0,0,1962,0,98034,47.719,-122.202,1430,10000
5535600150,20150312T000000,565000.0,4,2.5,2980,10459,2.0,0,0,3,9,2980.0,0,2001,0,98019,47.7354,-121.974,2920,7700
7625702441,20140808T000000,377500.0,3,2.5,1350,886,3.0,0,0,3,8,1270.0,80,2006,0,98136,47.5491,-122.387,1350,886
952005863,20150505T000000,643950.0,3,2.25,1760,2122,3.0,0,0,3,9,1760.0,0,2015,0,98116,47.5633,-122.385,1420,1618
626059220,20150506T000000,532500.0,4,2.0,2220,23750,1.0,0,0,3,7,2220.0,0,1963,0,98011,47.7759,-122.214,2650,21167
3031200120,20141118T000000,255000.0,4,1.75,960,8863,1.0,0,0,5,6,580.0,380,1949,0,98118,47.5372,-122.289,1720,8249
1545800710,20140523T000000,258000.0,3,1.75,1620,7540,1.0,0,0,3,7,1310.0,310,1988,0,98038,47.3635,-122.052,1580,7540
4046600120,20140828T000000,475000.0,3,1.75,1870,25157,2.0,0,0,3,7,1870.0,0,1978,0,98014,47.695,-121.915,1870,15391
4180400090,20140613T000000,300000.0,4,2.5,2700,10814,1.0,0,0,4,8,1560.0,1140,1966,0,98030,47.369,-122.177,2460,6310
1523069128,20150331T000000,625000.0,5,2.75,2910,85377,1.0,0,0,4,8,1510.0,1400,1966,0,98027,47.48,-122.03,2160,66120
8091600080,20150123T000000,225000.0,3,1.0,1120,8407,1.0,0,0,5,6,1120.0,0,1987,0,98022,47.2051,-122.006,1250,8658
8085400055,20150428T000000,1582500.0,4,2.5,3980,16304,1.0,0,1,3,10,2480.0,1500,1968,0,98004,47.639,-122.21,3980,16304
8024202520,20140509T000000,445000.0,2,2.0,1150,6634,1.0,0,0,3,7,860.0,290,1940,0,98115,47.7001,-122.309,1680,6892
7436300180,20140519T000000,530000.0,3,3.5,2320,3174,2.0,0,0,3,9,2060.0,260,1997,0,98033,47.6897,-122.175,2320,3187
226039186,20140520T000000,299950.0,3,1.0,910,8000,1.0,0,0,4,6,740.0,170,1950,0,98177,47.7746,-122.378,2090,9007
1492800296,20140703T000000,575000.0,3,1.75,1530,6743,1.0,0,0,3,7,1410.0,120,1955,0,98116,47.5745,-122.396,2040,6000
3039000050,20141201T000000,575000.0,4,2.75,1610,11201,1.0,0,0,5,7,1020.0,590,1982,0,98033,47.7024,-122.198,1610,9000
5559200051,20150106T000000,272000.0,4,1.75,2520,10890,1.0,0,0,3,7,1260.0,1260,1979,0,98023,47.3224,-122.343,2090,12375
5583200810,20150402T000000,662700.0,2,1.5,2440,6900,2.0,0,0,3,7,1590.0,850,1910,0,98118,47.5568,-122.271,1770,6900
5706200060,20140818T000000,399950.0,3,1.0,1020,18050,1.0,0,0,3,7,1020.0,0,1969,0,98027,47.5254,-122.043,1750,11640
7424110130,20140515T000000,423000.0,4,1.75,1880,7303,1.0,0,0,3,7,1010.0,870,1976,0,98034,47.7129,-122.203,1710,7200
2175100205,20150323T000000,1298890.0,5,2.25,2690,10800,1.0,0,3,4,8,2020.0,670,1956,0,98040,47.5821,-122.247,3380,9134
1277000020,20140812T000000,915000.0,4,2.5,3210,8532,2.0,0,0,3,10,3210.0,0,1998,0,98007,47.625,-122.144,2950,6753
1221000562,20140722T000000,187000.0,3,2.5,1730,1803,2.0,0,0,3,7,1730.0,0,2005,0,98166,47.4648,-122.335,1190,7980
3630030180,20150224T000000,499000.0,3,2.25,1780,3665,2.0,0,0,3,8,1780.0,0,2004,0,98029,47.5495,-121.997,1770,3669
3524039209,20140506T000000,1135000.0,4,2.75,3370,8103,1.0,0,3,3,9,1970.0,1400,1970,2014,98136,47.5232,-122.383,2120,6360
1823049178,20150123T000000,200000.0,2,1.0,1010,7200,1.0,0,0,3,6,1010.0,0,1956,0,98166,47.4815,-122.339,1290,9000
5469501410,20140917T000000,490000.0,4,2.5,3480,12696,1.0,0,0,4,9,1980.0,1500,1977,0,98042,47.3816,-122.153,3480,14175
3575303970,20140716T000000,340000.0,3,1.0,1010,7500,1.0,0,0,4,7,1010.0,0,1975,0,98074,47.6169,-122.062,1230,7500
7866500035,20140805T000000,299000.0,1,1.0,740,5000,1.0,0,0,3,7,740.0,0,1923,0,98118,47.5519,-122.292,1400,4400
2473480350,20140519T000000,305000.0,3,1.75,1610,12247,1.0,0,0,3,8,1610.0,0,1981,0,98058,47.4476,-122.124,2010,9271
3810000455,20140908T000000,340000.0,4,2.25,2060,8400,1.0,0,0,3,7,1300.0,760,1960,0,98178,47.4984,-122.23,1990,7383
3303860130,20141203T000000,455000.0,4,2.5,2811,7251,2.0,0,0,3,9,2811.0,0,2009,0,98038,47.3686,-122.058,3040,7250
2346200030,20150105T000000,802541.0,5,2.75,2990,6768,2.0,0,0,3,9,2990.0,0,2014,0,98006,47.5462,-122.182,2870,6768
1842100160,20140731T000000,513000.0,5,2.0,2270,8652,1.0,0,0,3,7,1150.0,1120,1965,0,98052,47.6692,-122.151,1950,8050
7977201065,20141104T000000,350000.0,3,1.75,1380,4590,1.0,0,0,2,7,930.0,450,1950,0,98115,47.6841,-122.293,1320,4692
4289900005,20141230T000000,1535000.0,4,3.25,2850,4100,2.0,0,3,3,10,1820.0,1030,1908,2003,98122,47.6147,-122.285,2130,4200
7796000095,20150106T000000,1085000.0,3,2.75,3170,34850,1.0,0,0,5,9,3170.0,0,1957,0,98033,47.6611,-122.169,3920,36740
3536900110,20141009T000000,1362500.0,3,2.0,2310,21318,1.0,0,0,3,10,2310.0,0,1979,1996,98004,47.6381,-122.224,2950,21814
2767601311,20141024T000000,445000.0,3,2.5,1260,1102,3.0,0,0,3,8,1260.0,0,2007,0,98107,47.675,-122.387,1320,2500
3834000400,20141119T000000,415000.0,3,1.0,1630,8146,1.0,0,0,3,7,1630.0,0,1952,0,98125,47.7293,-122.29,1480,8146
2868900160,20141002T000000,222500.0,3,1.0,990,10125,1.0,0,0,3,7,990.0,0,1972,0,98042,47.3422,-122.089,1360,10125
1441000090,20141126T000000,485000.0,4,3.5,3273,5115,2.0,0,0,3,8,2671.0,602,2014,0,98055,47.4477,-122.204,2996,5100
2484200171,20140714T000000,575000.0,4,1.5,2810,7140,1.0,0,2,3,8,1490.0,1320,1954,0,98136,47.5252,-122.382,2240,6825
984220290,20150210T000000,345000.0,3,1.75,1860,7191,1.0,0,0,4,7,1260.0,600,1975,0,98058,47.4338,-122.168,1850,7490
2204500550,20140717T000000,425000.0,4,1.0,1800,12485,1.0,0,0,5,7,950.0,850,1955,0,98006,47.5729,-122.147,1290,9840
8635750330,20140925T000000,664000.0,4,2.5,2390,8432,2.0,0,0,3,9,2390.0,0,1998,0,98074,47.6027,-122.024,2710,7417
3811300090,20140724T000000,325000.0,3,1.75,1810,8048,1.0,0,0,4,7,1290.0,520,1983,0,98055,47.4484,-122.194,1550,9081
9808700762,20140611T000000,7062500.0,5,4.5,10040,37325,2.0,1,2,3,11,7680.0,2360,1940,2001,98004,47.65,-122.214,3930,25449
3541600450,20141104T000000,290000.0,4,1.75,2090,12750,1.0,0,0,3,8,1360.0,730,1967,0,98166,47.4792,-122.357,2040,12300
795002450,20150430T000000,270950.0,2,1.0,780,6250,1.0,0,0,3,6,780.0,0,1942,0,98168,47.5099,-122.33,1280,7100
8718500665,20140724T000000,375000.0,3,1.0,1610,11250,1.0,0,0,3,7,1090.0,520,1975,0,98028,47.7391,-122.256,2040,10692
3840700653,20141212T000000,436000.0,4,2.75,2080,9600,1.0,0,0,3,8,1240.0,840,1979,0,98034,47.7149,-122.235,1880,9525
1926069063,20150306T000000,585000.0,3,1.75,1790,87213,1.0,0,0,4,7,1790.0,0,1974,0,98077,47.732,-122.077,3270,39586
7504180070,20141111T000000,577000.0,3,1.5,1560,20251,1.0,0,0,5,7,1200.0,360,1989,0,98074,47.619,-122.054,1560,19119
2391600335,20150203T000000,804000.0,4,2.5,2620,5060,2.0,0,0,3,9,2620.0,0,2005,0,98116,47.5634,-122.394,900,5060
6163900971,20140619T000000,352450.0,3,2.0,1430,6000,1.0,0,0,5,7,1430.0,0,1945,0,98155,47.7564,-122.316,1630,6315
5608000590,20140714T000000,929950.0,3,3.5,3790,10829,2.0,0,0,3,11,3790.0,0,1993,0,98027,47.5525,-122.098,3620,10989
8074200080,20150213T000000,305000.0,3,2.0,1430,12430,1.0,0,0,4,7,1430.0,0,1957,0,98056,47.4903,-122.178,1200,8250
4239400740,20140716T000000,192950.0,3,1.0,1170,3330,2.0,0,0,4,6,1170.0,0,1969,0,98092,47.3155,-122.182,1090,3330
423059369,20140604T000000,392500.0,4,2.5,2150,7303,2.0,0,0,3,8,2150.0,0,2005,0,98056,47.5109,-122.183,1940,9569
7203600040,20140725T000000,625000.0,3,1.5,1990,5978,1.5,1,4,4,7,1990.0,0,1926,0,98198,47.3449,-122.329,2100,6221
8093800200,20141118T000000,360400.0,3,2.5,1630,11592,2.0,0,0,3,8,1630.0,0,1987,0,98011,47.7574,-122.228,1700,8850
2926069062,20140811T000000,840000.0,3,2.5,3050,33920,1.0,0,0,3,8,3050.0,0,2004,0,98052,47.7034,-122.072,1970,60984
1947300115,20140619T000000,464000.0,3,1.0,1320,3625,2.0,0,0,3,7,1320.0,0,1900,0,98122,47.6049,-122.288,1660,5438
3291800710,20141120T000000,338000.0,4,3.0,2090,7500,1.0,0,0,3,7,1370.0,720,1986,0,98056,47.4888,-122.182,1810,7650
1122069019,20140826T000000,728000.0,4,3.5,3490,87497,2.0,0,0,3,9,3490.0,0,2001,0,98038,47.4028,-122.002,2400,55657
2722049218,20141027T000000,287500.0,4,2.25,2250,12000,2.0,0,0,3,8,2250.0,0,1985,0,98032,47.3715,-122.274,2140,11871
254000241,20150324T000000,540000.0,3,2.5,2220,5279,2.0,0,0,3,8,2220.0,0,2006,0,98146,47.5132,-122.387,1610,5297
4204400098,20150421T000000,385000.0,5,1.75,2190,8250,1.0,0,2,3,7,1190.0,1000,1963,0,98055,47.4887,-122.223,2570,8250
5153200150,20141203T000000,345000.0,2,1.0,1770,16660,1.0,0,3,3,8,1220.0,550,1957,0,98023,47.3346,-122.354,2790,20504
1775910270,20141020T000000,355000.0,3,1.0,1200,16000,1.0,0,0,3,7,1200.0,0,1970,0,98072,47.7452,-122.101,1960,15500
3023049215,20140702T000000,519000.0,5,2.25,2570,13054,1.0,0,1,3,8,1470.0,1100,1950,1992,98166,47.4487,-122.352,2570,19807
2419600005,20140709T000000,420000.0,3,1.75,1510,6360,1.0,0,0,4,7,1510.0,0,1954,0,98133,47.7321,-122.353,1480,7260
1980200236,20150417T000000,649950.0,3,2.5,2420,6847,2.0,0,0,3,9,2420.0,0,2009,0,98133,47.7329,-122.356,1180,8100
2215450060,20141223T000000,302495.0,3,2.5,2200,7201,2.0,0,0,3,8,2200.0,0,1994,0,98030,47.3821,-122.207,2250,7240
6821600065,20141030T000000,478000.0,2,1.0,820,6000,1.0,0,0,3,7,820.0,0,1939,0,98199,47.6494,-122.395,1630,6000
5029450850,20141204T000000,205000.0,3,1.75,1420,6980,1.0,0,0,5,7,820.0,600,1980,0,98023,47.2873,-122.367,1470,7319
9407150100,20140625T000000,285000.0,3,2.0,1460,6377,1.0,0,0,3,7,1460.0,0,1995,0,98038,47.3679,-122.02,1600,6250
4060000170,20140820T000000,255000.0,2,1.0,1260,7810,2.0,0,0,3,6,1260.0,0,1945,0,98178,47.5003,-122.248,1260,7755
106000044,20140826T000000,399950.0,3,1.0,1470,7930,1.0,0,0,3,7,1070.0,400,1950,0,98177,47.7013,-122.368,1440,8100
4389200955,20150302T000000,1450000.0,4,2.75,2750,17789,1.5,0,0,3,8,1980.0,770,1914,1992,98004,47.6141,-122.212,3060,11275
130000175,20140806T000000,655000.0,4,2.75,3160,8197,1.0,0,0,3,8,1580.0,1580,1962,0,98115,47.7004,-122.287,2050,8197
5028600360,20140725T000000,213675.0,3,2.25,1560,6013,2.0,0,0,3,7,1560.0,0,1990,0,98023,47.2862,-122.352,1640,6290
3505100126,20140626T000000,1250000.0,3,3.0,3760,8500,2.5,0,3,4,10,3060.0,700,1910,0,98116,47.5815,-122.398,2610,5500
1314300018,20150324T000000,367500.0,3,3.25,1400,1343,2.0,0,0,3,7,1160.0,240,2005,0,98118,47.5483,-122.277,1400,1326
1950900005,20141003T000000,185000.0,3,1.0,940,7125,1.5,0,0,4,7,940.0,0,1958,0,98032,47.3756,-122.297,1170,7125
2473250400,20140924T000000,325000.0,4,2.0,1780,10622,1.0,0,0,4,7,900.0,880,1976,0,98058,47.4573,-122.158,1550,8900
4219401080,20140520T000000,1740000.0,4,3.75,3300,4545,1.5,0,4,3,10,2600.0,700,1926,1999,98105,47.6561,-122.274,3300,5000
3574800860,20141007T000000,440000.0,3,1.75,2350,7641,1.0,0,0,3,7,1510.0,840,1978,0,98034,47.7307,-122.219,2190,7500
3211270160,20140612T000000,485000.0,4,2.5,2470,35073,2.0,0,0,3,9,2470.0,0,1989,0,98092,47.3064,-122.108,2990,35259
5104520150,20140520T000000,426000.0,4,2.5,2800,8494,2.0,0,0,3,8,2800.0,0,2004,0,98038,47.3521,-122.009,3740,8494
7689600330,20140813T000000,207000.0,3,1.0,860,7740,1.0,0,0,3,6,860.0,0,1960,0,98178,47.4906,-122.244,980,7200
2557000540,20150207T000000,270000.0,3,2.25,1810,8262,2.0,0,0,4,8,1810.0,0,1981,0,98023,47.2994,-122.37,1820,8262
3359500665,20141009T000000,725000.0,3,1.5,1790,6000,1.5,0,0,4,7,1790.0,0,1903,0,98115,47.6754,-122.325,1290,3500
3623059101,20140811T000000,420000.0,3,3.0,2700,47050,2.0,0,0,4,9,1570.0,1130,1986,0,98058,47.4446,-122.104,2260,45901
4219400465,20150112T000000,950000.0,4,2.0,2490,4600,1.5,0,2,3,8,2090.0,400,1926,0,98105,47.6557,-122.278,2910,5000
5466400550,20141113T000000,210000.0,3,1.75,1260,6223,1.0,0,0,3,7,820.0,440,1983,0,98042,47.3574,-122.158,1260,6553
3342100995,20141022T000000,449000.0,4,2.5,1980,5400,2.0,0,0,3,8,1980.0,0,1998,0,98056,47.5182,-122.207,1980,5400
3277800845,20140711T000000,370000.0,3,1.0,1170,1105,1.0,0,0,3,7,1170.0,0,1965,0,98126,47.5448,-122.375,1380,1399
9528102772,20140708T000000,438000.0,2,2.0,1270,1372,3.0,0,0,3,8,1270.0,0,2000,0,98115,47.6776,-122.318,1610,3090
6123600100,20141215T000000,191000.0,3,1.0,990,8255,1.0,0,0,3,7,990.0,0,1953,0,98148,47.425,-122.331,1180,9750
7655900062,20140728T000000,305240.0,3,1.0,1300,9000,1.0,0,0,3,7,1300.0,0,1956,0,98133,47.7352,-122.337,1500,9600
7955080300,20140714T000000,269950.0,3,2.5,1520,8720,1.0,0,0,3,7,1080.0,440,1981,0,98058,47.4267,-122.157,1720,7551
7504100110,20140530T000000,642000.0,3,2.5,2670,10082,1.0,0,0,3,10,2670.0,0,1987,0,98074,47.6359,-122.045,2740,10854
5468760050,20150105T000000,270000.0,4,2.5,1600,9921,2.0,0,0,3,7,1600.0,0,2009,0,98042,47.3678,-122.124,2140,5806
243000380,20150326T000000,365000.0,3,1.75,2080,7800,1.0,0,0,5,7,1220.0,860,1955,0,98166,47.4536,-122.355,1770,7860
5113260170,20150113T000000,215000.0,3,2.0,1280,6994,1.0,0,0,3,7,1280.0,0,1991,0,98038,47.3889,-122.048,1290,7514
7418000130,20141211T000000,430000.0,8,3.25,4300,10441,2.0,0,0,4,8,2800.0,1500,1979,0,98059,47.4786,-122.131,1780,10457
3756500180,20141208T000000,475000.0,3,1.0,1470,9750,1.0,0,0,3,7,1470.0,0,1963,0,98034,47.7155,-122.194,1300,9750
2124700015,20140716T000000,345000.0,3,1.0,1120,10176,1.0,0,0,3,6,920.0,200,1905,0,98118,47.5235,-122.277,1350,7500
2397101055,20140812T000000,850000.0,3,2.25,1950,3600,1.5,0,0,5,8,1430.0,520,1911,0,98119,47.637,-122.363,1950,3600
2895800710,20141202T000000,267800.0,3,1.75,1410,1899,2.0,0,0,3,8,1410.0,0,2014,0,98106,47.5171,-122.347,1410,1811
3275760190,20140624T000000,600000.0,4,1.75,1740,7700,1.0,0,0,5,7,1740.0,0,1968,0,98008,47.6259,-122.111,1740,8120
250000320,20140929T000000,626000.0,4,1.75,1350,9293,1.0,0,0,4,7,1350.0,0,1954,0,98004,47.6335,-122.196,1890,9293
8099900040,20141111T000000,519950.0,5,3.5,2440,10200,2.0,0,0,4,7,2440.0,0,1974,0,98075,47.5814,-122.003,2000,10568
8141310080,20141103T000000,249950.0,3,2.0,1670,4438,1.0,0,0,3,7,1670.0,0,2014,0,98022,47.1948,-121.974,1670,4558
7338200240,20140516T000000,437500.0,3,2.5,2320,36847,2.0,0,2,3,9,2320.0,0,1992,0,98045,47.4838,-121.714,2550,35065
7752000065,20150106T000000,537000.0,3,1.75,1550,10050,1.0,0,0,5,7,1550.0,0,1957,0,98008,47.6345,-122.123,1720,10050
2025049006,20141112T000000,750000.0,7,2.75,3410,4056,1.5,0,0,4,8,2130.0,1280,1906,0,98102,47.6454,-122.316,2510,4056
3578600045,20141216T000000,490000.0,4,2.5,2242,37451,2.0,0,0,3,8,2242.0,0,1995,0,98028,47.7443,-122.228,2242,13125
3395300180,20140812T000000,534950.0,3,2.25,2130,12286,2.0,0,0,3,8,2130.0,0,1977,0,98052,47.6471,-122.114,2130,10158
4310701330,20150309T000000,415000.0,3,1.5,1220,835,1.5,0,0,4,6,1220.0,0,1950,0,98103,47.6981,-122.341,1360,1251
9808100150,20150402T000000,3345000.0,5,3.75,5350,15360,1.0,0,1,3,11,3040.0,2310,2008,0,98004,47.648,-122.218,3740,15940
1446800710,20150227T000000,309000.0,3,1.0,1140,6400,1.0,0,0,3,7,1140.0,0,1962,0,98168,47.4902,-122.331,1340,6650
1775800220,20150402T000000,410988.0,3,1.75,1000,14061,1.0,0,0,4,7,1000.0,0,1967,0,98072,47.7417,-122.093,1260,12635
526059224,20150206T000000,470000.0,4,1.75,1650,7276,1.0,0,0,3,7,1010.0,640,1977,0,98011,47.7721,-122.206,1840,8550
8901000911,20150219T000000,425000.0,3,1.75,2120,5992,1.0,0,0,3,7,1060.0,1060,1947,0,98125,47.7083,-122.308,1840,11000
5411600210,20140812T000000,810000.0,4,3.5,4170,4322,2.0,0,0,3,9,2940.0,1230,2005,0,98074,47.6136,-122.041,2970,4922
5727500019,20140605T000000,395000.0,4,3.0,1980,7931,1.0,0,0,4,7,1160.0,820,1983,0,98133,47.7513,-122.334,1910,7931
8880600070,20141112T000000,245000.0,4,2.0,1870,8750,1.0,0,2,3,7,1870.0,0,1977,0,98022,47.1985,-122.001,1770,8207
7853250160,20150220T000000,520000.0,4,2.5,3060,7161,2.0,0,0,3,8,2860.0,200,2005,0,98065,47.5383,-121.879,2950,6822
5316100220,20150319T000000,1250000.0,4,2.25,1830,7200,2.0,0,2,3,8,1750.0,80,1923,0,98112,47.6315,-122.282,3100,7200
2820069048,20150504T000000,468000.0,4,2.5,2480,176418,1.5,0,3,5,8,2480.0,0,1927,0,98022,47.1941,-122.038,1640,112384
3396830310,20150407T000000,729000.0,4,2.5,2450,27081,2.0,0,0,3,8,2450.0,0,1985,0,98052,47.7177,-122.104,2630,12025
2926049400,20141226T000000,500000.0,4,2.0,2330,7778,1.0,0,0,3,7,1230.0,1100,1961,0,98125,47.7109,-122.323,1250,8160
1423069129,20150320T000000,449000.0,4,1.75,2350,54450,1.0,0,0,4,7,1250.0,1100,1971,0,98027,47.4816,-122.005,2180,50529
7503000020,20140507T000000,415000.0,4,3.0,1830,9548,2.0,0,0,3,7,1830.0,0,1991,0,98028,47.7379,-122.224,1740,9750
7129302800,20141212T000000,420000.0,3,1.5,1780,5000,1.0,0,4,4,7,1030.0,750,1958,0,98118,47.5168,-122.256,1780,7500
1564000740,20140820T000000,760000.0,4,2.5,4660,7157,2.0,0,0,3,9,3020.0,1640,2003,0,98059,47.5352,-122.156,3300,7047
1152000040,20141010T000000,774888.0,3,2.25,2420,23507,1.0,0,0,4,8,2420.0,0,1969,0,98027,47.5107,-122.027,2540,22257
9197100101,20150504T000000,225000.0,2,1.0,1010,5408,1.0,0,0,4,6,1010.0,0,1926,0,98032,47.3759,-122.238,980,7800
7972602510,20141006T000000,379900.0,2,1.5,1140,7620,1.0,0,0,4,6,1140.0,0,1925,0,98106,47.5277,-122.351,1300,7620
2473390440,20141202T000000,340000.0,3,2.25,1900,8125,1.0,0,0,3,7,1540.0,360,1969,0,98058,47.4564,-122.162,1480,8284
7525410090,20140708T000000,580000.0,4,2.5,2130,35752,1.0,0,0,3,8,1490.0,640,1980,0,98075,47.5748,-122.031,3030,34000
1703050420,20150330T000000,651100.0,4,2.5,2310,5526,2.0,0,0,3,9,2310.0,0,2003,0,98074,47.6299,-122.02,2500,5769
2402100715,20140726T000000,658500.0,2,1.0,1410,5101,1.5,0,0,3,8,1410.0,0,1927,0,98103,47.6872,-122.333,1410,4224
6388930420,20140805T000000,582000.0,3,2.5,2380,19860,2.0,0,0,4,8,2380.0,0,1995,0,98056,47.5255,-122.173,2450,10220
7224500375,20140715T000000,305000.0,3,1.0,1030,5350,1.0,0,0,3,7,1030.0,0,1924,2009,98055,47.4905,-122.206,1030,5250
3303970100,20150306T000000,820000.0,4,2.5,3260,26772,2.0,0,0,3,9,3260.0,0,2007,0,98027,47.5115,-122.031,3260,14491
2316400285,20150513T000000,495000.0,4,3.5,2490,18042,2.0,0,0,3,8,2490.0,0,2003,0,98070,47.4161,-122.441,1960,21107
1726600120,20140701T000000,729032.0,4,2.5,2840,12866,1.0,0,0,4,9,1780.0,1060,1977,0,98005,47.6388,-122.167,2840,13209
6880210020,20150308T000000,340000.0,4,2.5,1910,7201,1.0,0,0,3,7,1210.0,700,1987,0,98198,47.3908,-122.316,1690,7554
259800750,20150223T000000,455000.0,3,1.5,1250,8004,1.0,0,0,3,7,1250.0,0,1965,0,98008,47.6285,-122.117,1450,7931
524069049,20150402T000000,700000.0,3,1.5,1460,78408,1.0,0,0,4,7,1460.0,0,1963,0,98075,47.59,-122.058,3320,7787
2767601375,20140821T000000,505000.0,3,2.0,1500,2500,2.0,0,0,3,8,1500.0,0,2002,0,98107,47.6748,-122.385,1550,5000
7010700308,20141112T000000,1010800.0,4,3.25,3610,4000,2.0,0,0,3,9,2640.0,970,2007,0,98199,47.658,-122.396,1980,4000
686200740,20141020T000000,500000.0,4,2.25,2080,8000,1.0,0,0,3,8,1390.0,690,1964,0,98008,47.6264,-122.113,1800,7700
103000116,20140722T000000,645000.0,3,1.75,2070,5500,1.0,0,0,4,7,1130.0,940,1946,0,98115,47.6733,-122.301,1800,4400
9541600255,20150310T000000,762450.0,4,1.75,2570,8640,1.0,0,0,4,8,2570.0,0,1958,0,98005,47.5956,-122.172,2520,8800
1545802100,20141029T000000,272450.0,3,2.25,1780,7332,2.0,0,0,3,7,1780.0,0,1987,0,98038,47.3593,-122.051,1510,7625
1643500072,20140905T000000,375000.0,4,2.25,1450,7245,1.0,0,0,5,7,1450.0,0,1950,1983,98133,47.7643,-122.343,1660,7800
3904901190,20141219T000000,567000.0,3,2.5,2070,10908,2.0,0,0,3,8,2070.0,0,1986,0,98029,47.5665,-122.023,2220,10975
7732410120,20140819T000000,790000.0,4,2.5,2690,8036,2.0,0,0,4,9,2690.0,0,1987,0,98007,47.6596,-122.144,2420,8087
9264921020,20140908T000000,260000.0,3,1.5,1750,7000,2.0,0,0,3,8,1750.0,0,1983,0,98023,47.3108,-122.346,1840,9305
2473380920,20140813T000000,206325.0,5,2.5,1720,10202,1.5,0,0,3,7,1720.0,0,1970,0,98058,47.4572,-122.167,1720,8478
7558750190,20140724T000000,573000.0,4,2.25,2150,9520,2.0,0,0,4,8,2150.0,0,1979,0,98052,47.6885,-122.113,2000,9520
8127700215,20150409T000000,862000.0,4,2.25,2220,4200,1.5,0,0,5,8,1310.0,910,1932,0,98199,47.6418,-122.394,2020,4940
1001200035,20150306T000000,272450.0,3,1.0,1350,7973,1.5,0,0,3,7,1350.0,0,1954,0,98188,47.4323,-122.292,1310,7491
1954630080,20140619T000000,500000.0,3,2.5,2840,48716,1.0,0,3,3,9,1870.0,970,1994,0,98014,47.6832,-121.915,2710,43676
3904980270,20150505T000000,517500.0,3,2.5,1800,3933,2.0,0,0,3,8,1800.0,0,1989,0,98029,47.5746,-122.009,1800,4659
4178500580,20150505T000000,339950.0,4,2.25,2200,7150,2.0,0,0,4,7,2200.0,0,1990,0,98042,47.3595,-122.089,1740,7150
179001455,20141107T000000,445000.0,4,3.25,3450,5000,2.0,0,0,3,8,3450.0,0,2008,0,98178,47.4925,-122.273,1420,5000
290000095,20140617T000000,675000.0,6,1.75,2740,6360,1.0,0,3,3,8,1370.0,1370,1953,0,98146,47.5062,-122.385,2150,6600
1370804480,20140929T000000,560000.0,2,1.75,970,4233,1.0,0,0,4,7,970.0,0,1944,0,98199,47.6384,-122.4,1340,4233
8563030500,20150330T000000,539950.0,3,1.75,1820,9875,1.0,0,0,4,8,1820.0,0,1966,0,98008,47.6243,-122.094,2670,10000
3883800011,20141105T000000,82000.0,3,1.0,860,10426,1.0,0,0,3,6,860.0,0,1954,0,98146,47.4987,-122.341,1140,11250
7017200110,20141028T000000,400000.0,3,1.0,1690,6658,1.0,0,0,3,7,1690.0,0,1942,1982,98133,47.7099,-122.35,1080,5925
4022900652,20141118T000000,565000.0,5,3.25,2860,20790,1.0,0,0,4,7,1800.0,1060,1965,0,98155,47.7757,-122.295,1920,9612
3448000410,20140513T000000,354901.0,3,2.5,1490,1709,3.0,0,0,3,8,1490.0,0,2004,0,98125,47.7173,-122.299,1364,1709
259600410,20150413T000000,505000.0,3,2.25,1460,7210,1.0,0,0,3,7,1460.0,0,1963,0,98008,47.6316,-122.119,1850,7519
4039400430,20140516T000000,330000.0,3,1.5,1170,4950,1.0,0,0,4,7,1170.0,0,1960,0,98007,47.6057,-122.135,1570,7700
521079025,20150417T000000,579000.0,3,2.5,3160,286181,2.0,0,3,3,9,3160.0,0,2002,0,98010,47.3401,-121.946,2110,94663
3343301393,20150330T000000,789888.0,5,3.5,3300,7860,2.0,0,0,3,9,2410.0,890,2001,0,98006,47.5463,-122.192,2540,9920
8732190070,20141002T000000,268000.0,3,1.75,1980,12543,1.0,0,0,3,8,1180.0,800,1978,0,98023,47.3104,-122.394,2090,8539
5631500866,20140506T000000,563000.0,4,3.0,3100,15480,2.0,0,0,3,8,2400.0,700,1996,0,98028,47.7466,-122.241,2000,42500
6073200075,20140730T000000,625000.0,3,1.75,1600,9135,1.0,0,0,5,7,1600.0,0,1955,0,98006,47.5724,-122.179,1580,9800
1825049013,20150213T000000,560000.0,4,2.0,1380,4048,1.5,0,0,4,7,1380.0,0,1906,0,98103,47.6583,-122.344,1440,3956
984210170,20150326T000000,256500.0,5,2.5,1960,7350,1.0,0,0,4,7,1360.0,600,1969,0,98058,47.4368,-122.165,1900,7350
7215721330,20141023T000000,485000.0,3,2.5,1650,4218,2.0,0,0,3,8,1650.0,0,2000,0,98075,47.5998,-122.016,1650,4559
5393600562,20140522T000000,430000.0,2,2.5,1520,1588,2.0,0,0,3,8,1240.0,280,2007,0,98144,47.5825,-122.313,1660,6000
6190700284,20140620T000000,420000.0,5,2.75,2280,10319,1.0,0,0,3,8,1300.0,980,1959,0,98177,47.7566,-122.363,2370,8056
4047200265,20140811T000000,325000.0,2,1.0,1100,17817,1.0,0,0,3,7,620.0,480,1980,0,98019,47.7728,-121.9,1790,20009
133000135,20141120T000000,290000.0,4,1.75,1990,18900,2.0,0,0,4,7,1870.0,120,1929,0,98168,47.5131,-122.313,1710,12400
7567600030,20150127T000000,750000.0,5,1.75,2640,13290,1.0,1,4,4,8,1400.0,1240,1954,0,98178,47.5022,-122.223,2400,11942
7202290140,20140728T000000,455800.0,3,2.5,1690,4584,2.0,0,0,3,7,1690.0,0,2002,0,98053,47.6866,-122.043,1600,3164
1823069102,20140508T000000,524000.0,3,2.25,2430,73151,1.0,0,0,3,8,2430.0,0,1974,0,98059,47.4749,-122.092,2800,39250
2925059294,20150327T000000,860000.0,3,2.0,1880,8494,1.0,0,0,4,7,1200.0,680,1968,0,98004,47.6217,-122.192,1290,9128
1923000050,20150330T000000,1250000.0,5,3.25,3930,12719,2.0,0,2,4,10,2540.0,1390,1974,0,98040,47.5631,-122.213,3600,15909
9206950110,20140712T000000,369000.0,3,2.5,1320,1683,2.0,0,0,3,8,1270.0,50,2004,0,98106,47.5357,-122.365,1320,2206
4235400255,20140905T000000,405000.0,2,1.0,720,4323,1.0,0,0,3,6,720.0,0,1942,0,98199,47.6604,-122.401,1460,3300
9274201807,20140820T000000,580000.0,3,2.5,1590,1937,2.5,0,0,3,8,1590.0,0,2004,0,98116,47.5903,-122.388,1620,2022
1687000200,20150410T000000,259000.0,3,2.5,2153,4400,2.0,0,0,3,8,2153.0,0,2007,0,98001,47.2872,-122.283,2434,4400
6821102367,20150429T000000,547000.0,3,2.5,1570,1452,2.5,0,0,3,9,1240.0,330,2007,0,98199,47.648,-122.396,1670,1596
7454000990,20140924T000000,304950.0,2,1.0,670,6720,1.0,0,0,5,6,670.0,0,1942,0,98126,47.5151,-122.372,710,6720
2021200370,20140901T000000,1100000.0,3,2.0,3010,5000,2.0,0,2,5,9,1890.0,1120,1931,0,98199,47.6347,-122.396,2688,5000
7116500920,20140520T000000,300000.0,6,5.25,2860,5682,2.0,0,0,3,7,2860.0,0,1978,0,98002,47.303,-122.221,1390,5956
4027701182,20140722T000000,339950.0,3,1.0,1320,11457,1.0,0,0,3,8,1320.0,0,1959,0,98028,47.7738,-122.261,1900,9800
9407100500,20150311T000000,273000.0,3,1.75,1540,10545,2.0,0,0,4,6,1540.0,0,1978,0,98045,47.4451,-121.763,1540,10000
1420400130,20141226T000000,215000.0,4,2.25,1900,9600,1.0,0,0,4,7,1900.0,0,1967,0,98031,47.4208,-122.2,2040,9600
5560000480,20140908T000000,169950.0,3,1.0,840,8470,1.0,0,0,4,6,840.0,0,1961,0,98023,47.3275,-122.338,840,8450
8651441620,20141023T000000,210000.0,3,1.5,1160,5200,1.0,0,0,5,7,1160.0,0,1970,0,98042,47.364,-122.094,1170,5200
3260800030,20140811T000000,335000.0,3,2.5,2440,7632,2.0,0,0,3,8,2440.0,0,1998,0,98003,47.3494,-122.301,2510,7903
1773101530,20141218T000000,275000.0,1,1.0,520,4800,1.0,0,0,3,5,520.0,0,1930,0,98106,47.5533,-122.363,800,4960
1843200240,20150505T000000,200000.0,2,1.5,1360,1898,2.0,0,0,3,7,1360.0,0,1978,0,98092,47.2852,-122.19,1360,1898
5694000706,20140813T000000,535000.0,3,2.75,1320,1125,3.0,0,0,3,8,1320.0,0,2008,0,98103,47.6598,-122.348,1320,1266
2050100250,20140903T000000,665000.0,3,2.5,2330,15536,1.0,0,2,3,10,2330.0,0,1996,0,98074,47.655,-122.087,3320,17461
2827100070,20141105T000000,290000.0,4,1.0,1330,8184,1.5,0,0,3,7,1330.0,0,1949,0,98133,47.7343,-122.347,1220,660
7133300380,20150209T000000,635000.0,4,2.5,2500,4000,2.0,0,0,3,8,2500.0,0,2014,0,98144,47.5902,-122.311,1480,4300
5244801230,20140829T000000,682000.0,5,2.25,2120,4000,1.5,0,0,4,7,1720.0,400,1910,0,98109,47.644,-122.353,1960,4000
7419700015,20140919T000000,490000.0,4,2.25,2090,10869,2.0,0,0,3,8,2090.0,0,1970,0,98033,47.6715,-122.164,1800,17788
4139680070,20140617T000000,866059.0,5,3.5,3130,4797,2.0,0,0,3,9,2570.0,560,2014,0,98006,47.5664,-122.129,3440,5439
3523069047,20140825T000000,849000.0,4,2.75,4010,87555,2.0,0,0,3,10,4010.0,0,2004,0,98038,47.4299,-121.998,2451,209523
7658600081,20140919T000000,555000.0,2,2.75,1950,1610,3.0,0,0,3,8,1950.0,0,2009,0,98144,47.5925,-122.302,910,1745
1432900150,20150406T000000,320000.0,4,1.75,1820,7381,1.0,0,0,5,7,1150.0,670,1962,0,98058,47.4567,-122.171,1610,8462
2738600140,20140502T000000,499950.0,4,2.5,2860,3345,2.0,0,0,3,8,2190.0,670,2004,0,98072,47.7735,-122.158,2860,3596
3591000030,20140823T000000,728000.0,4,2.5,2650,13684,2.0,0,0,3,9,2650.0,0,1994,0,98052,47.6278,-122.108,2650,12032
8132700190,20140602T000000,430000.0,2,1.0,990,4802,1.0,0,0,3,7,990.0,0,1947,0,98117,47.6876,-122.395,1180,5000
7866000158,20141022T000000,320000.0,4,3.0,1820,3120,1.0,0,0,3,7,1000.0,820,1997,0,98118,47.5468,-122.274,1600,5001
632000065,20140611T000000,1989000.0,3,2.5,2880,13500,1.0,0,4,5,8,1520.0,1360,1950,0,98004,47.6281,-122.216,3710,20486
5207200160,20141010T000000,490000.0,3,2.25,2380,6000,1.0,0,0,3,8,2040.0,340,1961,0,98115,47.6955,-122.275,1680,7200
7853370250,20141223T000000,625000.0,4,2.75,3010,6854,2.0,0,2,3,9,2570.0,440,2012,0,98065,47.5171,-121.876,1830,2952
2787720300,20150319T000000,410000.0,3,1.75,1880,8424,1.0,0,0,4,7,1380.0,500,1977,0,98059,47.5116,-122.161,1970,8523
711000070,20140725T000000,730000.0,3,1.75,2040,11294,1.0,0,0,4,7,1340.0,700,1952,0,98004,47.5923,-122.197,2120,9587
224069084,20150325T000000,475000.0,3,1.0,1250,150117,1.0,0,0,3,7,1250.0,0,1975,0,98075,47.5956,-122.009,3060,50055
2330000130,20140723T000000,813500.0,4,2.0,2530,15520,1.0,0,0,5,8,2220.0,310,1964,0,98005,47.613,-122.167,2500,13300
2206500395,20140515T000000,417000.0,3,1.5,1340,10224,1.0,0,0,4,7,1340.0,0,1956,0,98006,47.5752,-122.157,1340,10440
4137010590,20140514T000000,420000.0,4,2.5,3040,24123,2.0,0,0,3,8,3040.0,0,1999,0,98092,47.2667,-122.216,2420,10026
8151600610,20140522T000000,235750.0,2,1.0,740,11250,1.0,0,0,2,6,740.0,0,1938,0,98146,47.5036,-122.362,1390,11250
9150100020,20150211T000000,189000.0,3,1.0,1380,7282,1.5,0,0,5,6,1380.0,0,1915,0,98002,47.3006,-122.223,860,4826
1453602313,20141029T000000,297000.0,2,1.5,1430,1650,3.0,0,0,3,7,1430.0,0,1999,0,98125,47.7222,-122.29,1430,1650
8122100905,20140624T000000,395000.0,4,1.75,1540,5120,1.0,0,0,5,6,770.0,770,1943,0,98126,47.5359,-122.372,1080,5120
3335000025,20141112T000000,468000.0,3,2.0,1570,6300,1.0,0,0,3,7,820.0,750,1953,2005,98118,47.5565,-122.275,1510,4281
3066410810,20140822T000000,678000.0,3,2.25,2730,10675,2.0,0,0,3,9,2730.0,0,1990,0,98074,47.6289,-122.042,2770,10570
1795500240,20140623T000000,249500.0,2,1.75,1500,8645,1.0,0,0,4,7,1500.0,0,1963,0,98042,47.3643,-122.115,1220,8645
1025049254,20141204T000000,458000.0,3,4.0,1390,1569,2.0,0,0,3,9,1150.0,240,2006,0,98105,47.671,-122.269,1620,1855
5700003985,20141029T000000,2250000.0,4,3.5,4440,8125,2.0,0,3,5,10,3140.0,1300,1922,0,98144,47.5744,-122.283,3990,8505
1370803510,20140515T000000,790000.0,3,1.75,1790,6117,1.0,0,2,3,8,1350.0,440,1940,0,98199,47.6366,-122.401,1960,5554
2597710070,20150402T000000,360000.0,2,2.0,1770,7607,1.0,0,0,4,8,1770.0,0,1987,0,98058,47.4287,-122.163,2090,7109
8861700030,20141212T000000,510000.0,3,1.5,2400,10275,1.0,0,0,4,8,1540.0,860,1964,0,98052,47.6888,-122.126,2380,10125
1839920050,20150414T000000,435000.0,3,2.0,1270,10713,1.0,0,0,4,7,1270.0,0,1969,0,98034,47.7247,-122.181,1620,8250
1556200265,20140723T000000,552500.0,3,2.25,2700,4025,2.0,0,0,4,8,1760.0,940,1907,0,98122,47.6074,-122.294,1580,4025
2061800045,20150122T000000,435000.0,6,2.5,2270,11970,1.0,0,0,3,7,1470.0,800,1964,0,98011,47.7722,-122.204,2270,10640
5249800345,20140619T000000,590300.0,3,1.5,1470,7200,2.0,0,0,4,7,1470.0,0,1907,0,98118,47.5602,-122.28,1530,7200
9542000050,20140808T000000,615000.0,4,1.75,2270,9830,1.0,0,0,4,8,2270.0,0,1959,0,98005,47.5999,-122.176,2540,11990
9407100720,20141107T000000,290000.0,3,1.75,1390,13200,2.0,0,0,3,7,1390.0,0,1979,0,98045,47.4429,-121.771,1430,10725
3361402066,20150403T000000,365000.0,4,1.75,3080,32997,1.5,0,0,4,7,3080.0,0,1950,1982,98168,47.498,-122.321,1980,5711
1787600164,20140723T000000,310000.0,2,1.0,1560,4920,1.0,0,0,4,6,780.0,780,1947,0,98125,47.7248,-122.325,1760,7510
6117501015,20140606T000000,387500.0,3,1.0,1560,14333,1.0,0,0,4,7,1560.0,0,1953,0,98166,47.432,-122.348,1640,14333
7856400300,20150322T000000,1505000.0,2,2.5,3180,9400,2.0,0,4,5,10,2610.0,570,1985,0,98006,47.5617,-122.158,3760,9450
776600130,20140502T000000,275000.0,3,1.5,1180,10277,1.0,0,0,3,6,1180.0,0,1983,0,98045,47.488,-121.787,1680,11104
255450340,20140827T000000,387865.0,3,2.5,2370,4200,2.0,0,0,3,8,2370.0,0,2014,0,98038,47.3696,-122.018,2370,4200
2487200775,20140512T000000,610000.0,4,3.0,2110,5000,1.5,0,2,4,7,1640.0,470,1930,0,98136,47.5195,-122.391,1380,5000
3629990180,20140805T000000,535000.0,4,2.25,1890,3615,2.0,0,0,3,7,1890.0,0,2005,0,98029,47.5493,-121.999,1630,3280
7212650650,20140508T000000,295000.0,3,2.5,1920,7229,2.0,0,0,3,8,1920.0,0,1993,0,98003,47.2659,-122.31,2310,8009
1118002000,20140624T000000,2466350.0,5,4.75,6390,13180,2.0,0,0,3,10,4560.0,1830,1940,0,98112,47.6312,-122.291,4010,8137
205000520,20141006T000000,737500.0,4,2.5,3200,36276,2.0,0,0,3,9,3200.0,0,1993,0,98053,47.6304,-121.994,2930,33171
7972603931,20141009T000000,240000.0,2,1.0,720,6345,1.0,0,0,3,6,720.0,0,1943,0,98106,47.5201,-122.35,720,6345
9264930980,20140728T000000,340000.0,4,2.5,2380,9362,2.0,0,0,3,8,2380.0,0,2000,0,98023,47.3148,-122.349,2190,9840
8820902700,20150422T000000,456200.0,2,1.75,1210,7733,1.0,0,0,3,6,1210.0,0,1904,0,98125,47.7148,-122.282,1670,7733
522049074,20140627T000000,459000.0,4,3.0,2530,10000,2.0,0,0,3,7,2530.0,0,2013,0,98148,47.431,-122.335,1420,9898
8835350300,20150304T000000,536000.0,3,2.5,1990,7397,2.0,0,0,3,9,1990.0,0,1993,0,98072,47.7703,-122.165,2210,7397
3649100674,20150430T000000,535000.0,3,2.5,2390,6263,2.0,0,0,3,9,2390.0,0,2003,0,98028,47.7379,-122.248,2390,11761
3760500475,20141106T000000,926500.0,4,2.75,2900,17802,1.0,0,2,3,9,1750.0,1150,1981,0,98034,47.7004,-122.229,2900,15720
1447600410,20141009T000000,290000.0,3,1.0,1480,32700,1.0,0,0,4,6,1380.0,100,1942,0,98168,47.4949,-122.327,1500,22600
824059293,20141028T000000,943500.0,3,2.25,2370,10890,2.0,0,0,4,7,2370.0,0,1980,0,98004,47.5827,-122.197,2370,9514
9138100350,20150218T000000,685000.0,4,2.0,2290,6000,1.5,0,3,5,7,2290.0,0,1900,0,98115,47.6807,-122.318,2000,3150
384000135,20140624T000000,502000.0,3,2.0,1300,14350,1.0,0,0,3,7,1300.0,0,1955,2013,98006,47.5736,-122.152,1520,10670
2143700935,20140903T000000,317000.0,6,3.5,2120,5840,2.0,0,0,5,7,2120.0,0,1979,0,98055,47.4788,-122.227,1860,8000
6607000126,20140604T000000,375000.0,4,1.75,2200,7475,1.0,0,0,5,7,1100.0,1100,1955,0,98118,47.543,-122.28,1600,5766
3224059107,20150508T000000,649500.0,4,3.0,3150,6599,2.0,0,0,3,9,3150.0,0,2008,0,98056,47.5279,-122.199,2680,9430
6843300090,20141103T000000,500000.0,4,2.25,2730,35100,2.0,0,0,3,8,2730.0,0,1977,0,98075,47.5913,-122.012,2730,36677
6388910360,20141119T000000,506400.0,3,2.5,2100,9040,1.0,0,0,3,8,1700.0,400,1989,0,98056,47.5329,-122.173,2430,8809
3885802970,20141203T000000,827500.0,3,2.5,1810,7200,1.0,0,0,5,7,1310.0,500,1960,0,98033,47.6885,-122.211,2050,7200
3886902445,20150316T000000,535000.0,2,1.0,920,9000,1.0,0,0,1,6,920.0,0,1954,0,98033,47.6831,-122.189,1760,8400
1231001130,20141113T000000,572000.0,3,2.25,1860,4000,1.5,0,0,5,7,1020.0,840,1920,0,98118,47.5539,-122.267,1180,4000
7972600450,20141222T000000,328000.0,4,2.75,1930,3840,1.0,0,0,3,7,1170.0,760,1997,0,98106,47.5303,-122.346,1610,3840
871001484,20150115T000000,719000.0,3,1.75,1800,5816,1.0,0,0,5,7,900.0,900,1947,0,98199,47.6529,-122.407,1650,5816
114101505,20150423T000000,630000.0,5,3.5,4060,8309,2.0,0,0,3,9,2960.0,1100,2001,0,98028,47.757,-122.228,1730,11711
1024069037,20140915T000000,525000.0,3,2.0,1600,16530,1.0,0,0,5,7,1600.0,0,1967,0,98075,47.5821,-122.016,1850,41006
49000051,20150316T000000,350000.0,2,1.75,1430,7921,1.0,0,0,3,7,1430.0,0,1983,0,98146,47.5088,-122.371,1290,8040
1972200725,20150407T000000,620000.0,3,2.5,1776,1248,3.0,0,0,3,8,1604.0,172,2006,0,98103,47.6539,-122.352,1780,1248
868001295,20141029T000000,650000.0,3,1.75,1660,10819,1.0,0,0,4,7,1240.0,420,1942,0,98177,47.7045,-122.379,3110,11853
2386000070,20141029T000000,795127.0,4,3.25,4360,91158,1.0,0,0,3,10,3360.0,1000,1993,0,98053,47.6398,-121.985,3540,90940
7525530670,20141112T000000,745000.0,4,2.5,3130,10860,2.0,0,0,3,10,3130.0,0,1990,0,98075,47.56,-122.04,3130,10860
1687910200,20141007T000000,629000.0,4,2.25,1900,11171,1.0,0,0,3,8,1280.0,620,1984,0,98006,47.561,-122.126,2330,9934
6446200050,20150504T000000,540000.0,3,1.75,2590,25992,1.0,0,0,3,8,1970.0,620,1968,0,98029,47.5521,-122.03,2590,29250
8651401680,20150408T000000,198000.0,3,1.0,860,5185,1.0,0,0,4,6,860.0,0,1968,0,98042,47.3634,-122.086,1120,5494
7715800310,20140821T000000,442500.0,2,2.25,1510,7280,2.0,0,0,3,7,1510.0,0,1987,0,98074,47.6264,-122.058,1510,8120
8029600400,20150213T000000,383150.0,3,2.0,2210,6387,1.0,0,0,3,8,2210.0,0,2003,0,98003,47.265,-122.302,2570,6497
428000150,20140718T000000,269950.0,3,1.0,990,9950,1.0,0,0,5,7,990.0,0,1961,0,98056,47.5104,-122.171,1370,9260
3158500340,20140711T000000,299000.0,3,2.5,1650,4725,2.0,0,0,3,8,1650.0,0,2011,0,98038,47.3548,-122.055,2000,4725
2126059294,20150105T000000,960000.0,4,4.5,3720,7746,2.0,0,0,3,10,3720.0,0,2014,0,98034,47.7323,-122.165,3080,11067
5556300098,20140612T000000,1240000.0,5,4.0,4410,14380,2.0,0,0,3,11,4410.0,0,2006,0,98052,47.6463,-122.121,2720,11454
259600050,20150223T000000,458500.0,3,1.75,1250,9605,1.0,0,0,3,7,1250.0,0,1964,0,98008,47.6325,-122.121,1570,9605
4083305445,20140815T000000,650000.0,3,2.0,1340,2720,1.5,0,0,3,7,1340.0,0,1913,0,98103,47.6518,-122.335,2030,4590
9346930250,20140926T000000,668500.0,4,2.25,2290,9546,1.0,0,0,4,8,1780.0,510,1976,0,98006,47.5617,-122.13,2360,8864
3862710050,20141113T000000,437718.0,3,2.5,1800,3265,2.0,0,0,3,8,1800.0,0,2014,0,98065,47.5338,-121.841,1800,3663
2566300100,20150327T000000,1388000.0,5,1.75,2650,11340,1.0,0,0,3,8,2650.0,0,1955,0,98004,47.626,-122.213,2780,13204
6383000150,20140806T000000,550000.0,3,1.0,1630,6009,1.0,0,3,4,8,1630.0,0,1954,0,98117,47.693,-122.383,2120,6009
2523039054,20150210T000000,1115000.0,3,2.5,4530,22873,2.0,0,2,5,8,3220.0,1310,1912,0,98166,47.4567,-122.369,3100,18210
6821101762,20140605T000000,499000.0,3,3.5,1690,1432,2.0,0,0,3,7,1360.0,330,2008,0,98199,47.6513,-122.4,1650,2788
5631500905,20140723T000000,272925.0,2,1.0,1280,5728,1.5,0,0,5,6,1280.0,0,1941,0,98028,47.7477,-122.232,2480,9775
5561400140,20140521T000000,429000.0,3,2.5,2420,49928,2.0,0,0,3,8,1860.0,560,1985,0,98027,47.463,-122.008,2620,37301
2568300045,20150319T000000,649950.0,6,2.0,1900,8240,1.0,0,0,2,7,1200.0,700,1964,0,98125,47.7037,-122.296,1900,8240
3955900150,20141229T000000,360000.0,4,2.5,2490,4751,2.0,0,0,3,7,2490.0,0,2001,0,98056,47.4813,-122.188,2510,5233
1865400076,20140509T000000,324000.0,3,2.25,998,904,2.0,0,0,3,7,798.0,200,2007,0,98117,47.6983,-122.367,998,1110
1854900430,20150422T000000,675000.0,4,2.5,2990,5400,2.0,0,0,3,8,2990.0,0,2005,0,98074,47.6122,-122.009,2890,6538
6882510020,20140715T000000,340000.0,4,1.75,1800,5210,1.0,0,0,5,7,1080.0,720,1979,0,98118,47.5298,-122.28,1870,5365
3324079089,20141121T000000,1335000.0,4,4.0,5050,202554,2.0,0,0,3,10,3260.0,1790,2000,0,98027,47.5269,-121.922,3370,213444
7186800120,20150311T000000,350000.0,4,3.0,1780,4228,1.0,0,0,3,7,1780.0,0,1953,0,98118,47.5488,-122.287,1730,5304
7420200050,20140620T000000,623000.0,3,2.5,1850,7777,2.0,0,0,5,8,1850.0,0,1989,0,98033,47.6908,-122.169,1850,8482
6430500233,20150416T000000,650000.0,3,2.0,1840,3075,1.0,0,0,5,7,920.0,920,1928,0,98103,47.6894,-122.35,1480,3774
3649100304,20140819T000000,400000.0,3,2.25,1740,11040,2.0,0,0,3,8,1740.0,0,1980,0,98028,47.7376,-122.242,1720,11778
6749700117,20150423T000000,350000.0,3,2.25,1190,1022,3.0,0,0,3,8,1190.0,0,1998,0,98103,47.6972,-122.349,1210,1171
2413910120,20140702T000000,915000.0,3,4.5,3850,62726,2.0,0,0,3,10,3120.0,730,2013,0,98053,47.6735,-122.058,2630,46609
3450300270,20150403T000000,268000.0,5,1.75,1730,10368,1.0,0,0,5,7,1010.0,720,1963,0,98059,47.5008,-122.162,1730,7728
8910500238,20141106T000000,343000.0,3,3.25,1210,1173,2.0,0,0,3,8,1000.0,210,2002,0,98133,47.7114,-122.356,1650,1493
441000115,20141209T000000,470000.0,2,1.0,900,5512,1.0,0,0,3,7,900.0,0,1947,0,98115,47.6877,-122.289,1270,5512
1336800015,20140521T000000,1506000.0,4,3.25,3660,5800,2.5,0,0,3,10,3360.0,300,1909,1995,98112,47.6283,-122.312,3240,5800
4038200480,20141201T000000,480000.0,3,1.0,1160,8800,1.0,0,0,4,7,1160.0,0,1959,0,98008,47.6112,-122.128,1750,8400
7852020340,20150325T000000,497000.0,3,2.5,2630,4611,2.0,0,0,3,8,2630.0,0,2001,0,98065,47.5322,-121.868,2220,5250
9268200050,20140814T000000,449950.0,3,1.75,1470,7590,1.0,0,0,3,7,1470.0,0,1988,0,98117,47.6964,-122.362,1700,5080
251300110,20140731T000000,225000.0,3,2.25,2510,12013,2.0,0,0,3,8,2510.0,0,1988,0,98003,47.3473,-122.314,1870,8017
3224500240,20140617T000000,950000.0,3,2.75,2750,18029,1.0,0,2,5,9,1810.0,940,1978,0,98006,47.5617,-122.134,2850,10021
8651402750,20150430T000000,219950.0,3,1.5,1210,5200,1.0,0,0,5,6,1210.0,0,1969,0,98042,47.3615,-122.087,1120,5200
3298701025,20150427T000000,135000.0,2,1.0,750,5217,1.0,0,0,4,6,750.0,0,1943,0,98106,47.5188,-122.353,760,4440
104530110,20141008T000000,268000.0,3,2.5,1850,6676,2.0,0,0,3,7,1850.0,0,1986,0,98023,47.3103,-122.36,1700,6663
8562750550,20150417T000000,605000.0,4,2.5,2520,3980,2.0,0,0,3,8,2520.0,0,2004,0,98027,47.5399,-122.07,2580,3980
2608300030,20140516T000000,408200.0,3,2.5,1800,5761,2.0,0,0,4,7,1800.0,0,1990,0,98106,47.5293,-122.363,1800,5952
9273200140,20150121T000000,1310000.0,2,2.25,3950,3938,2.0,0,4,3,10,2910.0,1040,1991,0,98116,47.5912,-122.384,3220,4500
4318200405,20140620T000000,850000.0,3,2.25,2870,8170,2.0,0,0,3,10,2250.0,620,1995,0,98136,47.5363,-122.385,1310,8170
8730000210,20140807T000000,355000.0,2,2.5,1370,1140,2.0,0,0,3,8,1080.0,290,2009,0,98133,47.7055,-122.342,1340,1050
1972201856,20140507T000000,526000.0,2,2.0,1550,2400,1.5,0,0,4,7,1550.0,0,1900,0,98103,47.654,-122.346,1180,1224
6601200020,20150127T000000,235245.0,4,2.5,1954,5075,2.0,0,0,3,8,1954.0,0,2007,0,98001,47.2606,-122.253,1934,5000
6607000095,20150218T000000,286000.0,4,1.5,1600,5750,2.0,0,0,4,6,1600.0,0,1902,0,98118,47.5437,-122.28,1690,5750
1782000160,20140530T000000,356700.0,2,1.0,1090,5000,1.0,0,0,4,7,730.0,360,1942,0,98126,47.5258,-122.378,990,5250
7779200355,20150422T000000,950000.0,3,3.0,3610,17483,2.0,0,2,4,8,3610.0,0,1954,0,98146,47.4852,-122.357,2230,12600
7937600010,20141212T000000,322000.0,4,1.0,1750,68841,1.0,0,0,3,7,1750.0,0,1942,0,98058,47.4442,-122.081,1550,32799
2185000685,20141124T000000,208417.0,2,1.0,840,4200,1.0,0,0,3,5,840.0,0,1938,0,98108,47.5292,-122.316,830,5000
1760650500,20150129T000000,332000.0,4,2.5,2300,4482,2.0,0,0,3,7,2300.0,0,2013,0,98042,47.3599,-122.082,2300,3825
4024101434,20140808T000000,318000.0,3,1.0,1010,7200,1.0,0,0,5,6,1010.0,0,1948,0,98155,47.7601,-122.307,1590,7663
7853250090,20140929T000000,681000.0,4,2.5,3860,5130,2.0,0,0,3,8,2930.0,930,2004,0,98065,47.5387,-121.879,3130,6163
3881900445,20140709T000000,399950.0,5,2.75,1970,5400,1.0,0,0,3,7,1320.0,650,1986,0,98144,47.5868,-122.308,1280,2150
8678500060,20140710T000000,1550000.0,5,4.25,6070,171626,2.0,0,0,3,12,6070.0,0,1999,0,98024,47.5954,-121.95,4680,211267
2581900060,20150402T000000,690000.0,3,1.5,1710,17707,1.0,0,0,4,7,1180.0,530,1947,0,98040,47.5393,-122.216,2590,9508
1337800855,20150512T000000,885000.0,3,1.5,2200,2880,2.0,0,0,5,7,1440.0,760,1904,0,98112,47.6308,-122.312,2440,4640
869700350,20150429T000000,330000.0,2,2.5,1310,2915,2.0,0,0,3,8,1310.0,0,1999,0,98059,47.4911,-122.154,1310,3425
3448700070,20140723T000000,435000.0,4,2.5,2440,5350,2.0,0,0,3,7,2440.0,0,2003,0,98059,47.4891,-122.149,2440,5090
3448000755,20140604T000000,399950.0,3,1.5,2080,5244,1.0,0,0,3,7,1190.0,890,1959,0,98125,47.7144,-122.293,1850,6982
4038700720,20140918T000000,525126.0,5,2.25,1950,8025,1.0,0,2,3,7,1150.0,800,1960,0,98008,47.6159,-122.114,1780,8560
3750603492,20140715T000000,185000.0,3,1.0,1510,17040,1.0,0,0,4,6,1510.0,0,1975,0,98001,47.2649,-122.285,1520,14000
8125200483,20140609T000000,288350.0,3,1.5,1860,7963,1.0,0,0,3,7,1200.0,660,1963,0,98188,47.4513,-122.268,1800,10400
7452500565,20140829T000000,260000.0,3,2.0,2710,5000,2.0,0,0,3,6,2710.0,0,1951,0,98126,47.5188,-122.373,850,5000
2825059256,20140926T000000,680000.0,4,2.5,3030,13068,2.0,0,0,3,9,3030.0,0,1978,0,98005,47.6313,-122.172,2940,11999
2473400110,20140826T000000,315500.0,3,1.75,1870,8400,1.0,0,0,3,7,990.0,880,1977,0,98058,47.454,-122.164,1750,8400
3331500121,20150210T000000,342888.0,2,1.0,790,5150,1.0,0,0,4,6,790.0,0,1948,0,98118,47.5528,-122.272,1460,5150
5175800060,20140623T000000,365000.0,4,2.0,1940,25600,1.0,0,0,1,8,1940.0,0,1962,0,98006,47.5722,-122.129,2000,10071
7203220400,20140707T000000,861990.0,5,2.75,3595,5639,2.0,0,0,3,9,3595.0,0,2014,0,98053,47.6848,-122.016,3625,5639
8731730710,20140728T000000,215000.0,3,1.0,1180,9000,1.0,0,0,4,7,1180.0,0,1970,0,98031,47.39,-122.166,1290,8316
6142100090,20140718T000000,279000.0,4,2.5,1810,13000,1.0,0,0,4,8,1470.0,340,1977,0,98022,47.2202,-121.993,1850,13000
9542830690,20141120T000000,321000.0,3,2.5,2020,4183,2.0,0,0,3,7,2020.0,0,2012,0,98038,47.3658,-122.017,2030,4140
3876800580,20140902T000000,351000.0,4,1.0,1430,8400,1.0,0,0,3,6,730.0,700,1969,0,98072,47.7417,-122.172,1310,8240
1223039290,20140905T000000,403950.0,4,2.5,2120,13780,2.0,0,0,3,8,2120.0,0,1993,0,98146,47.4987,-122.365,1880,12000
7334500120,20140611T000000,240000.0,3,1.5,1360,9760,1.5,0,0,5,7,1360.0,0,1984,0,98045,47.4648,-121.757,1310,11456
3449820430,20141006T000000,553000.0,3,2.75,3160,9072,2.0,0,0,3,9,3160.0,0,2005,0,98056,47.5147,-122.177,3160,9072
6792100090,20140914T000000,683000.0,4,2.5,2620,10489,2.0,0,0,3,9,2620.0,0,1990,0,98052,47.6732,-122.143,2430,7701
1370804461,20150310T000000,565000.0,3,1.75,1130,5111,1.0,0,0,4,7,930.0,200,1942,0,98199,47.6379,-122.4,1360,4424
952006857,20150122T000000,370000.0,3,2.5,1070,1219,2.0,0,0,3,7,720.0,350,2004,0,98116,47.5618,-122.384,1070,1254
1180002378,20140926T000000,299000.0,4,2.5,1950,3000,2.0,0,0,3,7,1950.0,0,2002,0,98178,47.4977,-122.226,1170,6000
7663700968,20140528T000000,565000.0,7,4.5,4140,9066,1.0,0,0,3,7,2070.0,2070,1978,0,98125,47.7302,-122.291,1440,1865
6392002635,20140612T000000,594000.0,4,1.75,1870,5200,2.0,0,0,4,7,1200.0,670,1937,0,98115,47.6843,-122.283,1790,5000
8887001140,20140723T000000,562000.0,3,3.0,3290,80471,2.0,0,2,4,8,2330.0,960,1975,0,98070,47.504,-122.464,1830,30494
2771602428,20141029T000000,455000.0,3,2.5,1180,932,3.0,0,0,3,8,1180.0,0,2010,0,98119,47.638,-122.375,1180,2632
7855900110,20140718T000000,1088890.0,4,2.75,3460,11350,1.0,0,4,4,9,1780.0,1680,1974,0,98006,47.568,-122.153,3200,13874
2883200160,20150429T000000,595000.0,4,2.0,2020,2849,2.0,0,0,3,7,2020.0,0,1960,0,98115,47.6831,-122.329,1910,3120
7701800050,20140625T000000,589950.0,5,3.0,2790,19439,1.0,0,3,5,7,1500.0,1290,1973,0,98058,47.4088,-122.089,1620,19439
9412200080,20140523T000000,440000.0,4,2.5,2560,10400,1.0,0,0,4,7,1280.0,1280,1965,0,98027,47.5225,-122.04,1740,11050
3793501450,20140910T000000,470000.0,5,3.75,3860,6901,2.0,0,0,3,7,3860.0,0,2003,0,98038,47.3694,-122.032,3000,8584
4136890260,20140627T000000,327000.0,5,2.75,2400,8050,2.0,0,0,3,8,2400.0,0,1998,0,98092,47.2635,-122.209,2400,8050
4077800029,20141027T000000,630000.0,4,1.75,1930,10210,1.5,0,2,3,8,1670.0,260,1941,0,98125,47.7078,-122.277,2730,6600
7224000545,20140825T000000,370000.0,4,3.0,2130,4838,1.5,0,0,4,7,2130.0,0,1930,0,98055,47.4871,-122.203,1070,4838
9126101090,20140531T000000,615000.0,3,2.25,1760,1146,3.0,0,0,3,9,1760.0,0,2014,0,98122,47.6073,-122.304,1346,3472
739980260,20141210T000000,324000.0,3,2.5,1920,5322,2.0,0,0,3,8,1920.0,0,1999,0,98031,47.4095,-122.195,1920,5000
421000430,20150331T000000,225000.0,3,1.0,960,5512,1.0,0,0,4,6,960.0,0,1963,0,98056,47.4944,-122.165,1090,5837
3336000296,20141113T000000,250000.0,4,1.5,1220,4900,1.0,0,0,3,6,1220.0,0,1942,0,98118,47.5292,-122.269,1410,3000
1118000080,20150331T000000,1925000.0,4,3.75,3600,16101,1.0,0,0,3,9,3600.0,0,1951,0,98112,47.6308,-122.287,3650,9506
2141330360,20140729T000000,625000.0,4,2.25,2100,8290,2.0,0,0,4,8,2100.0,0,1978,0,98006,47.5595,-122.129,2100,8290
9359100500,20140527T000000,1795000.0,4,3.25,4060,13000,2.0,0,3,3,11,4060.0,0,2000,0,98040,47.581,-122.246,3220,13800
6071800100,20150327T000000,815000.0,6,3.0,2860,17853,1.0,0,0,3,8,1430.0,1430,1962,2015,98006,47.546,-122.175,1920,13452
1891100090,20140505T000000,620000.0,3,1.75,1480,2185,2.5,0,0,3,9,1480.0,0,2005,0,98034,47.6945,-122.17,1480,2441
3812400107,20150330T000000,378500.0,4,2.0,1830,6000,1.0,0,0,5,7,1070.0,760,1953,0,98118,47.5453,-122.279,1830,5500
2922701175,20140919T000000,535000.0,2,1.5,1940,5700,1.0,0,0,3,7,970.0,970,1937,0,98117,47.6881,-122.367,1250,5700
6071200455,20140523T000000,550000.0,3,2.0,1830,9152,1.0,0,0,5,8,1830.0,0,1959,0,98006,47.5531,-122.181,1770,9220
6752600320,20150514T000000,360000.0,4,2.5,2020,7289,2.0,0,0,3,7,2020.0,0,1994,0,98031,47.401,-122.171,2090,7259
4035900015,20140619T000000,659500.0,4,3.0,2620,18362,1.0,0,0,4,8,1870.0,750,1956,0,98006,47.5646,-122.184,2630,16792
6616000010,20140825T000000,814000.0,4,2.5,2840,8820,1.0,0,2,5,8,1420.0,1420,1952,0,98118,47.5542,-122.265,2310,8750
8651580310,20140528T000000,621138.0,3,2.25,2180,7741,2.0,0,0,3,9,2180.0,0,1986,0,98074,47.6482,-122.072,2300,8581
7140700690,20150312T000000,239950.0,3,1.75,1600,4888,1.0,0,0,3,6,1600.0,0,2014,0,98042,47.383,-122.097,2520,5700
8691370290,20141215T000000,682000.0,4,2.75,2820,8009,2.0,0,0,3,9,2820.0,0,2001,0,98075,47.6,-121.977,2820,7398
8658301535,20140721T000000,240000.0,3,1.0,1090,10000,1.0,0,0,3,6,1090.0,0,1961,0,98014,47.6503,-121.911,1040,7500
2970800145,20150407T000000,350500.0,3,1.75,2080,5200,1.0,0,0,3,7,1040.0,1040,1974,0,98166,47.4738,-122.35,1410,6550
8122101440,20140708T000000,325000.0,2,1.0,800,7260,1.0,0,0,3,7,800.0,0,1953,0,98126,47.5359,-122.367,1010,7440
3904940070,20150227T000000,643000.0,4,2.5,2270,8391,2.0,0,0,3,8,2270.0,0,1988,0,98029,47.574,-122.013,2420,8391
8818900300,20141002T000000,618000.0,4,1.0,1260,4080,1.0,0,0,4,7,1260.0,0,1911,0,98105,47.6644,-122.324,1340,4080
2776600082,20141113T000000,407500.0,3,3.5,1522,1465,2.0,0,0,3,8,1248.0,274,2006,0,98117,47.6922,-122.375,1522,1341
1498304065,20140614T000000,496752.0,2,1.0,1980,5000,1.0,0,0,4,7,1090.0,890,1923,0,98144,47.586,-122.295,1720,5000
717000225,20141028T000000,235000.0,2,2.0,870,6450,1.0,0,0,4,6,740.0,130,1954,0,98118,47.5354,-122.278,1640,5775
9238430680,20140521T000000,625000.0,4,2.5,2630,48706,2.0,0,0,3,8,2630.0,0,1986,0,98072,47.775,-122.125,2680,48706
6430500008,20150302T000000,428750.0,3,1.0,1100,4080,1.0,0,0,4,7,900.0,200,1929,0,98103,47.6872,-122.351,1170,4080
8029770190,20141015T000000,745000.0,4,2.5,3400,4840,2.0,0,0,3,10,3190.0,210,2006,0,98059,47.5066,-122.146,3400,5710
98030660,20150311T000000,815000.0,4,2.5,3880,7208,2.0,0,0,3,10,3880.0,0,2006,0,98075,47.5841,-121.971,3280,7221
2944500340,20140721T000000,315000.0,4,2.75,2200,8580,1.0,0,0,3,8,1860.0,340,1991,0,98023,47.295,-122.37,2290,7816
8818900250,20140507T000000,530000.0,3,1.0,1340,4284,1.0,0,0,3,7,1080.0,260,1910,0,98105,47.6633,-122.324,1960,4080
7202331220,20140721T000000,635000.0,6,2.5,3880,5700,2.0,0,0,3,7,3880.0,0,2003,0,98053,47.6816,-122.038,2620,5070
4406000560,20150220T000000,278500.0,4,1.0,1540,8400,1.0,0,0,3,7,770.0,770,1971,0,98058,47.4278,-122.152,1520,9891
1217000340,20150219T000000,340000.0,3,1.0,1840,8100,1.0,0,0,4,7,920.0,920,1953,0,98166,47.455,-122.35,1250,8100
1223089066,20140814T000000,688000.0,4,3.0,3400,292723,2.0,0,0,3,10,3400.0,0,1998,0,98045,47.4883,-121.725,1760,69696
2822079012,20150410T000000,340000.0,3,1.75,1740,46580,1.0,0,0,4,7,1740.0,0,1980,0,98010,47.3583,-121.927,1576,54685
8682211030,20141028T000000,391265.0,3,2.0,1440,3900,1.0,0,0,3,8,1440.0,0,2002,0,98053,47.7022,-122.021,1350,3900
8155820110,20150325T000000,355000.0,3,1.75,1460,7203,1.0,0,0,3,7,1460.0,0,1990,0,98056,47.5049,-122.189,1570,7203
2526059086,20140722T000000,620000.0,3,2.25,2190,45738,1.0,0,0,3,8,2190.0,0,1990,0,98052,47.7108,-122.12,2970,4496
7228500037,20150505T000000,555000.0,2,1.5,1190,1361,2.0,0,0,3,8,1190.0,0,2007,0,98122,47.6161,-122.302,1280,3360
3226059083,20140626T000000,800000.0,3,1.75,2080,75794,1.0,0,0,3,7,2080.0,0,1958,0,98033,47.7018,-122.189,1870,11020
3332500100,20150408T000000,475000.0,3,2.5,1800,3300,2.0,0,0,3,7,1690.0,110,2004,0,98118,47.5491,-122.276,1570,4097
7856410020,20150309T000000,998160.0,2,2.5,3010,16050,1.0,0,3,4,9,1260.0,1750,1976,0,98006,47.5643,-122.16,3010,11612
2997800076,20141209T000000,589950.0,3,2.75,1670,1350,3.0,0,0,3,9,1350.0,320,2014,0,98116,47.5763,-122.408,1520,4800
9201000480,20141112T000000,550000.0,3,1.75,1840,9401,1.0,0,0,3,8,1840.0,0,1971,0,98075,47.5847,-122.075,2850,14323
524069037,20140710T000000,505000.0,2,1.0,1240,57000,1.0,0,0,3,7,1240.0,0,1962,0,98075,47.597,-122.059,3050,25545
9834200555,20150219T000000,760000.0,4,3.5,3090,4060,2.0,0,0,3,8,2420.0,670,1992,0,98144,47.5733,-122.287,1720,4080
682000030,20140703T000000,610000.0,3,2.0,2300,13418,1.0,0,0,3,8,1430.0,870,1955,0,98004,47.6075,-122.2,2140,9380
2102700025,20141009T000000,1400000.0,5,3.25,4300,9270,2.0,0,3,3,10,2910.0,1390,1957,2009,98116,47.5717,-122.409,2780,6610
7697870530,20140507T000000,239900.0,3,2.0,1410,7566,1.0,0,0,3,7,1410.0,0,1985,0,98030,47.3674,-122.182,1570,7210
9183701345,20141103T000000,290000.0,2,1.75,1560,7575,1.0,0,0,3,8,1560.0,0,2002,0,98030,47.3776,-122.228,2050,9000
8732131090,20150428T000000,295000.0,4,2.5,2160,7725,1.0,0,0,4,8,1460.0,700,1978,0,98023,47.3078,-122.378,2060,8250
7697800040,20140826T000000,470000.0,4,2.75,2150,9820,1.0,0,0,4,8,1220.0,930,1979,0,98011,47.7758,-122.2,2060,9830
2349300090,20140516T000000,340000.0,3,1.0,1250,4800,1.0,0,0,4,7,1250.0,0,1951,0,98126,47.5517,-122.381,1404,4800
1931300977,20140508T000000,500000.0,3,1.75,1410,1197,3.0,0,0,3,8,1410.0,0,2012,0,98103,47.6558,-122.348,1350,2512
6840701225,20141003T000000,592500.0,4,1.5,2080,4400,1.5,0,0,3,7,2080.0,0,1925,0,98122,47.606,-122.299,1680,4400
1432701510,20141021T000000,249000.0,4,2.0,1280,7560,1.0,0,0,5,6,1280.0,0,1959,0,98058,47.45,-122.175,1250,7690
993001332,20140903T000000,407000.0,3,2.25,1430,1448,3.0,0,0,3,8,1430.0,0,2005,0,98103,47.6916,-122.341,1430,1383
3811000250,20140929T000000,610000.0,3,2.25,2320,38186,2.0,0,0,3,8,2320.0,0,1980,0,98053,47.6645,-122.068,2875,37523
3211101010,20150211T000000,319500.0,3,1.0,1190,8450,1.0,0,0,5,6,1190.0,0,1961,0,98059,47.4807,-122.157,1660,8450
3025300226,20140515T000000,2100000.0,4,1.75,3550,19865,2.0,0,0,3,9,3550.0,0,1962,2002,98039,47.6236,-122.235,3000,19862
2781230070,20150311T000000,419950.0,3,2.5,3120,6000,2.0,0,0,3,9,3120.0,0,2007,0,98038,47.3473,-122.03,2670,6000
7849202296,20150130T000000,339900.0,3,2.5,1470,4675,2.0,0,0,3,7,1470.0,0,1999,0,98065,47.5261,-121.827,1500,4385
2653000005,20140512T000000,840000.0,4,2.75,2600,2750,1.5,0,0,3,7,1620.0,980,1936,0,98119,47.6413,-122.357,1960,3705
1925059073,20141010T000000,1300000.0,5,1.75,2130,19180,1.0,0,0,3,8,1500.0,630,1968,0,98004,47.638,-122.213,3650,19180
2767700022,20150113T000000,500000.0,3,3.25,1520,1500,3.0,0,0,3,7,1520.0,0,2000,0,98107,47.67,-122.389,1520,1323
1061500360,20141016T000000,287000.0,5,1.5,2040,11772,1.0,0,0,4,7,1030.0,1010,1963,0,98056,47.5015,-122.166,1560,9435
4054510270,20140827T000000,1250000.0,4,3.75,3830,41263,2.0,0,0,4,11,3830.0,0,1990,0,98077,47.7237,-122.042,5600,56568
396100025,20140807T000000,339999.0,4,2.0,1740,6369,1.0,0,0,5,6,870.0,870,1954,0,98133,47.7461,-122.332,1560,7200
4166600473,20141209T000000,359500.0,4,2.25,2390,11250,2.0,0,0,3,9,2390.0,0,1988,0,98023,47.3305,-122.371,2480,11250
8682230950,20150317T000000,559000.0,2,2.0,1660,4500,1.0,0,0,3,8,1660.0,0,2003,0,98053,47.7094,-122.031,1670,5580
3332000061,20140805T000000,552500.0,3,1.0,2020,4120,1.5,0,0,4,7,1520.0,500,1929,0,98118,47.5514,-122.271,1200,4635
821049149,20141009T000000,335000.0,4,1.75,2000,10890,1.0,0,0,4,7,1390.0,610,1961,0,98003,47.3203,-122.321,1520,9250
1776230190,20150408T000000,495000.0,4,3.5,3170,3858,2.0,0,0,3,8,2530.0,640,2008,0,98059,47.5049,-122.155,2640,3844
5113260430,20150304T000000,280000.0,3,2.0,1280,7633,1.0,0,0,3,7,1280.0,0,1991,0,98038,47.3883,-122.05,1450,6783
2485000100,20140529T000000,685000.0,3,1.75,1940,7313,1.0,0,1,4,8,1440.0,500,1960,0,98136,47.5239,-122.387,2160,7200
3761100341,20140828T000000,545000.0,4,1.75,1940,8990,1.0,0,0,4,8,1560.0,380,1956,0,98034,47.7021,-122.241,2310,11745
2540830020,20150401T000000,445000.0,3,2.25,1630,6449,1.0,0,0,3,7,1310.0,320,1986,0,98011,47.7275,-122.232,1620,7429
5561710110,20141014T000000,319990.0,3,2.25,1840,7326,1.0,0,0,5,7,1370.0,470,1979,0,98031,47.3958,-122.168,2050,7475
2125059013,20150420T000000,1670000.0,5,3.5,4320,40816,2.0,0,0,4,11,4320.0,0,1997,0,98004,47.644,-122.185,4320,44584
1726059053,20140916T000000,270000.0,2,1.5,1380,209959,1.0,0,0,1,6,1380.0,0,1954,0,98011,47.7461,-122.195,3130,19868
625049274,20150303T000000,720000.0,3,2.0,1590,5200,1.0,0,0,3,7,1320.0,270,1939,0,98103,47.6864,-122.341,1620,5150
3305100230,20140618T000000,820000.0,4,2.5,3170,8523,2.0,0,0,3,9,3170.0,0,2008,0,98033,47.6854,-122.184,3230,8523
926069132,20140520T000000,450000.0,3,1.5,2060,44866,1.0,0,0,3,8,2060.0,0,1953,0,98077,47.7503,-122.051,2320,43995
4046600750,20150414T000000,375000.0,3,1.75,1370,19550,1.0,0,0,3,7,1370.0,0,1978,2006,98014,47.7002,-121.912,1430,17550
301400830,20141223T000000,263000.0,3,2.5,1584,3200,2.0,0,0,3,7,1584.0,0,2011,0,98002,47.3451,-122.215,1584,2800
1559900200,20150326T000000,382000.0,3,2.25,1800,4500,2.0,0,0,3,7,1800.0,0,1995,0,98019,47.7462,-121.98,1760,6589
7839300185,20150206T000000,225000.0,3,1.0,1340,4800,1.5,0,0,4,5,1340.0,0,1903,0,98055,47.477,-122.209,1240,4800
2474400250,20140630T000000,327500.0,3,2.25,2310,7200,2.0,0,0,3,8,2310.0,0,1990,0,98031,47.4051,-122.193,1960,7201
9285800020,20140827T000000,622500.0,3,2.5,2260,4550,1.5,0,0,4,7,1380.0,880,1928,0,98126,47.5714,-122.376,1870,4582
5153200666,20150114T000000,212000.0,3,2.25,1900,18000,1.0,0,0,4,7,1280.0,620,1968,0,98023,47.3251,-122.354,1920,15000
1321720140,20140528T000000,370000.0,4,2.5,3090,18645,2.0,0,0,3,9,3090.0,0,1995,0,98023,47.2902,-122.342,3610,20114
3291800510,20140610T000000,310000.0,3,1.75,1420,7650,1.0,0,0,4,7,1100.0,320,1984,0,98056,47.4892,-122.182,1810,7650
1591600676,20150311T000000,246000.0,3,1.0,990,9145,1.5,0,0,4,6,990.0,0,1939,0,98146,47.5022,-122.36,1640,8320
2787700630,20150318T000000,399000.0,4,2.5,2100,7355,1.0,0,0,5,7,2100.0,0,1969,0,98059,47.5078,-122.161,1750,7200
5125400305,20140821T000000,367500.0,4,2.0,1960,16015,1.0,0,0,3,7,1960.0,0,1980,0,98002,47.33,-122.22,1960,16015
3825310720,20150421T000000,890000.0,4,2.5,2930,9158,2.0,0,0,3,9,2930.0,0,2005,0,98052,47.7065,-122.13,3590,8065
3775300030,20141231T000000,333500.0,3,1.75,1220,9732,1.0,0,0,3,7,1220.0,0,1965,0,98011,47.7736,-122.214,1630,10007
1311300100,20150115T000000,221000.0,3,1.0,1250,7280,1.0,0,0,3,7,1250.0,0,1965,0,98001,47.3414,-122.286,1450,7350
1951100110,20150205T000000,240000.0,3,1.75,1630,9450,1.0,0,0,4,7,1080.0,550,1977,0,98032,47.3729,-122.295,1280,9100
1025069106,20150223T000000,765000.0,3,3.0,3270,38088,2.0,0,0,3,10,3270.0,0,1992,0,98053,47.6692,-122.028,1870,37457
7663700531,20150106T000000,325000.0,2,1.0,620,14823,1.0,0,0,3,6,620.0,0,1926,0,98125,47.7322,-122.3,1400,7930
3959400345,20150311T000000,589500.0,4,1.5,3520,4933,1.5,0,0,4,8,2270.0,1250,1929,0,98108,47.5655,-122.315,1710,5400
8901000445,20141218T000000,390000.0,3,1.5,1600,10440,1.0,0,0,3,7,1600.0,0,1954,0,98125,47.7109,-122.311,1600,8816
6117900120,20150317T000000,760000.0,3,3.25,3320,15022,2.0,0,0,3,10,3320.0,0,1989,0,98166,47.429,-122.341,3430,15018
3416600750,20150217T000000,585000.0,3,2.5,1750,1381,3.0,0,0,3,8,1750.0,0,2008,0,98122,47.6021,-122.294,1940,4800
8024200681,20140703T000000,425000.0,3,1.5,1400,1022,3.0,0,0,3,8,1400.0,0,2007,0,98115,47.6989,-122.317,1270,1205
2722059013,20150204T000000,550000.0,2,1.0,1270,43560,1.0,0,0,4,5,1270.0,0,1908,0,98042,47.3651,-122.165,1870,6960
2890100060,20140801T000000,385000.0,4,1.5,2040,10726,1.0,0,0,3,7,1380.0,660,1954,0,98177,47.772,-122.358,1610,10020
7972602435,20150318T000000,287000.0,2,1.0,950,6350,1.0,0,0,3,7,950.0,0,1951,0,98106,47.528,-122.352,1080,7620
3832711040,20150424T000000,321000.0,5,2.75,3030,7000,1.0,0,0,4,7,1540.0,1490,1978,0,98032,47.3661,-122.28,1790,7330
8078460810,20141210T000000,620000.0,4,2.5,2580,7465,2.0,0,0,3,8,2580.0,0,1993,0,98074,47.6319,-122.022,2350,7596
4036800925,20140624T000000,405000.0,3,2.75,1310,7300,1.0,0,0,3,7,1310.0,0,1957,0,98008,47.6016,-122.123,1310,7030
1853200080,20140619T000000,350000.0,2,1.0,1620,9205,1.0,0,0,5,6,850.0,770,1921,0,98034,47.7119,-122.23,2460,5469
2225059273,20141114T000000,975000.0,5,3.5,5470,35071,2.0,0,0,3,11,4590.0,880,1976,0,98005,47.6368,-122.159,3600,35074
8946390040,20140508T000000,375000.0,6,2.25,3206,5793,2.0,0,0,3,7,3206.0,0,2012,0,98032,47.369,-122.287,2527,5804
3121059033,20141029T000000,325000.0,3,1.0,1490,57381,1.5,0,0,4,5,1490.0,0,1932,0,98092,47.2597,-122.228,1580,101529
8856004582,20140717T000000,198000.0,3,1.75,1300,6318,1.0,0,0,3,7,1300.0,0,1980,0,98001,47.2752,-122.251,1150,8002
7214780020,20150417T000000,595000.0,4,2.5,2360,43017,2.0,0,0,3,9,2360.0,0,1989,0,98077,47.774,-122.077,2750,40334
7853301560,20140625T000000,762000.0,4,3.5,4000,15253,2.0,0,0,3,9,4000.0,0,2007,0,98065,47.5433,-121.887,3550,8747
7301300215,20150318T000000,370000.0,4,2.0,1640,7200,1.0,0,0,3,7,1640.0,0,1963,0,98155,47.7471,-122.324,1500,9000
3277801431,20140827T000000,268500.0,3,2.25,1140,977,2.0,0,0,3,7,850.0,290,2008,0,98126,47.5439,-122.375,1140,976
2125049139,20140806T000000,895000.0,3,2.5,2500,7746,2.0,0,0,4,10,1910.0,590,1993,0,98112,47.6393,-122.311,2480,5099
8141310180,20141118T000000,277500.0,3,2.5,2620,4558,2.0,0,3,3,7,2620.0,0,2010,0,98022,47.1944,-121.974,1670,4558
3296900130,20141007T000000,518000.0,4,2.5,2830,13760,2.0,0,0,3,8,2830.0,0,1993,0,98019,47.7334,-121.97,2350,14029
1626069178,20140910T000000,535000.0,4,2.5,2200,110642,1.0,0,0,5,7,1330.0,870,1979,0,98077,47.7409,-122.052,2290,51400
5267000180,20140821T000000,299000.0,3,2.25,2540,9961,1.0,0,0,4,8,1320.0,1220,1969,0,98031,47.41,-122.208,1870,10251
3271300345,20150323T000000,1028000.0,3,3.0,2800,5800,1.0,0,0,3,9,1580.0,1220,1953,2010,98199,47.6493,-122.413,2580,5800
426069095,20141014T000000,542950.0,3,2.5,2070,39768,2.0,0,0,3,8,2070.0,0,1988,0,98077,47.7696,-122.036,2740,44866
1959701695,20141124T000000,950000.0,5,2.0,2940,5500,2.0,0,0,4,9,2340.0,600,1909,0,98102,47.6466,-122.321,2940,5500
5451200370,20150209T000000,1165000.0,4,2.25,3080,10487,2.0,0,0,4,9,3080.0,0,1968,0,98040,47.5344,-122.224,2480,10607
3432500210,20150326T000000,325000.0,2,1.0,1130,6908,1.5,0,0,3,6,1130.0,0,1945,0,98155,47.745,-122.313,1150,6908
2326600130,20150225T000000,895900.0,4,3.5,3640,4983,2.0,0,3,3,9,2790.0,850,2014,0,98075,47.5619,-122.027,3270,14700
1068000520,20140506T000000,1225000.0,4,2.25,3490,6906,2.0,0,0,4,10,2280.0,1210,1928,0,98199,47.6424,-122.407,2540,6223
4435000520,20140926T000000,245990.0,3,1.0,1040,8410,1.0,0,0,3,7,1040.0,0,1942,2014,98188,47.453,-122.289,1350,8410
7137800310,20150225T000000,329950.0,4,2.5,2300,9690,2.0,0,0,3,8,2300.0,0,2006,0,98023,47.2793,-122.352,1200,9085
7199330010,20150417T000000,525000.0,3,1.75,1720,7200,1.0,0,0,3,7,1140.0,580,1977,0,98052,47.6977,-122.132,1700,8400
3797000400,20141125T000000,616500.0,4,2.25,1880,3000,2.0,0,0,3,8,1760.0,120,1909,1977,98103,47.6864,-122.349,1880,3000
7123400045,20140523T000000,225000.0,2,1.0,1300,11867,1.5,0,0,4,6,1300.0,0,1975,0,98010,47.3221,-121.903,820,11867
5634500036,20140820T000000,459000.0,5,2.5,2650,12987,1.0,0,0,4,7,1350.0,1300,1979,0,98028,47.7482,-122.244,2160,12726
223039229,20140902T000000,787500.0,2,2.5,2390,6928,2.0,0,3,4,8,1810.0,580,1949,1982,98146,47.5101,-122.391,2390,12852
2489200230,20150311T000000,756100.0,4,2.0,2000,8317,1.5,0,0,4,8,2000.0,0,1917,0,98126,47.5394,-122.379,1390,6001
3528000040,20150326T000000,1800000.0,3,3.25,5290,224442,2.0,0,0,4,11,4540.0,750,1988,0,98053,47.6671,-122.051,3750,84936
9471201110,20150406T000000,1130000.0,4,1.75,2370,8400,1.0,0,0,5,9,1270.0,1100,1949,0,98105,47.6716,-122.264,2370,8400
8562900430,20140718T000000,800000.0,4,2.5,3691,11088,2.0,0,1,3,8,3691.0,0,2013,0,98074,47.6122,-122.059,3190,11270
274000020,20140808T000000,274000.0,4,1.75,1940,7500,1.0,0,0,4,7,1720.0,220,1966,0,98030,47.3736,-122.215,2000,9000
5605000590,20141215T000000,975000.0,4,2.5,3020,4950,1.5,0,0,4,9,2020.0,1000,1921,0,98112,47.6467,-122.304,2300,5450
925059288,20150507T000000,750000.0,3,2.5,2400,7745,2.0,0,0,3,9,2400.0,0,2001,0,98033,47.6734,-122.173,2080,8615
8944750850,20140521T000000,288400.0,3,2.25,1870,3230,2.0,0,0,3,7,1870.0,0,1997,0,98056,47.4915,-122.167,1620,3363
3751606513,20140630T000000,263400.0,4,2.0,1360,60548,1.0,0,0,3,6,960.0,400,1960,0,98001,47.2718,-122.265,1930,28800
3558910490,20140731T000000,450000.0,4,1.75,1980,7350,1.0,0,0,3,7,1430.0,550,1973,0,98034,47.7088,-122.202,1870,7920
2767601805,20150213T000000,600000.0,2,1.0,1370,5000,1.5,0,0,3,7,1370.0,0,1905,0,98107,47.6744,-122.383,1500,5000
8731900200,20140807T000000,320000.0,4,2.75,2640,7500,1.0,0,0,3,8,1620.0,1020,1967,0,98023,47.3135,-122.369,1980,7875
1328320440,20141210T000000,355000.0,3,2.25,1960,7000,1.0,0,0,3,8,1600.0,360,1980,0,98058,47.4427,-122.126,1980,7140
3575302397,20141113T000000,580000.0,3,2.5,1910,11550,1.5,0,0,3,8,1910.0,0,2003,0,98074,47.6213,-122.064,2230,11550
3629790160,20140724T000000,524250.0,3,2.5,1710,3469,2.0,0,0,3,8,1710.0,0,1999,0,98029,47.546,-122.011,2120,3560
5470100090,20140905T000000,210000.0,3,1.5,1250,9484,1.0,0,0,4,7,1250.0,0,1969,0,98042,47.3675,-122.147,1320,9600
9572000080,20140616T000000,300000.0,5,3.0,1940,6355,1.0,0,0,3,8,1200.0,740,2007,0,98168,47.498,-122.322,1940,5033
6072000440,20150206T000000,620000.0,5,3.0,2540,11422,1.0,0,0,3,8,1270.0,1270,1962,2014,98006,47.5459,-122.176,2090,10741
6362900138,20141103T000000,379900.0,2,1.5,1240,1331,2.0,0,0,3,7,1050.0,190,2007,0,98144,47.5959,-122.298,1250,1431
7230200585,20150204T000000,657044.0,3,3.5,3420,23786,1.5,0,0,3,9,3420.0,0,2014,0,98059,47.4739,-122.11,1590,23774
6979970140,20150417T000000,475000.0,3,2.5,2370,3239,2.0,0,0,3,8,1950.0,420,2006,0,98072,47.7515,-122.174,2520,3431
1455600045,20140915T000000,687500.0,3,1.75,2450,9377,1.0,0,2,4,8,1540.0,910,1962,0,98125,47.7296,-122.284,2520,9725
6679000720,20140924T000000,296000.0,3,2.5,1560,5845,2.0,0,0,3,7,1560.0,0,2003,0,98038,47.3851,-122.029,1860,5752
5067400162,20150218T000000,290000.0,3,2.0,1550,18958,1.5,0,0,3,7,1550.0,0,1983,0,98198,47.3699,-122.319,1840,12826
2473380920,20150227T000000,339000.0,5,2.5,1720,10202,1.5,0,0,3,7,1720.0,0,1970,0,98058,47.4572,-122.167,1720,8478
5315101716,20150225T000000,780000.0,3,1.75,1690,13500,1.0,0,0,4,7,1690.0,0,1978,0,98040,47.5897,-122.233,1950,10500
6825100015,20140604T000000,437000.0,2,1.75,1500,6800,1.0,0,0,4,7,910.0,590,1942,0,98117,47.7004,-122.371,1450,6800
3224600310,20141030T000000,685100.0,4,2.5,2790,5423,2.0,0,0,3,9,2790.0,0,1999,0,98074,47.6085,-122.017,2450,6453
8963300005,20141106T000000,390000.0,5,1.75,2290,7900,1.0,0,0,4,7,1190.0,1100,1965,0,98133,47.7577,-122.358,1870,8250
3447000030,20150401T000000,510000.0,3,2.0,1410,11995,1.0,0,0,4,8,1410.0,0,1965,0,98006,47.5718,-122.127,2690,12650
4232903990,20141119T000000,770000.0,3,1.0,2230,3200,2.0,0,2,3,8,1630.0,600,1918,0,98109,47.6334,-122.356,2280,5400
3438500114,20150512T000000,377000.0,4,2.0,1640,5014,1.0,0,0,4,7,930.0,710,1982,0,98106,47.5545,-122.356,1600,5452
7280300042,20150401T000000,650000.0,4,2.25,2330,7220,2.0,0,1,3,8,1600.0,730,1988,0,98177,47.7764,-122.386,2220,9100
3862700020,20150423T000000,433190.0,3,2.5,1650,2787,2.0,0,0,3,8,1650.0,0,2014,0,98065,47.5336,-121.838,1760,2787
3345100030,20140722T000000,750000.0,3,2.25,3270,168000,2.0,0,0,4,10,3270.0,0,1982,0,98056,47.5197,-122.191,3220,7963
8651610580,20141107T000000,715000.0,4,2.5,2570,7980,2.0,0,0,3,9,2570.0,0,1998,0,98074,47.6378,-122.065,2760,6866
9521100031,20140618T000000,690000.0,3,3.25,1540,1428,3.0,0,0,3,9,1540.0,0,2013,0,98103,47.6648,-122.353,1660,3300
7983000200,20150225T000000,250000.0,3,1.0,1300,8284,1.0,0,0,3,7,1300.0,0,1968,0,98003,47.3327,-122.306,1360,7848
5412310080,20140612T000000,235000.0,3,1.75,1840,9697,1.0,0,0,4,7,1500.0,340,1985,0,98030,47.3764,-122.179,1430,8079
1762600190,20141229T000000,1035000.0,4,2.5,3170,47502,2.0,0,0,3,10,3170.0,0,1988,0,98033,47.6495,-122.185,3190,35110
3574801780,20140505T000000,485000.0,4,3.0,2340,7048,1.0,0,0,4,8,1340.0,1000,1979,0,98034,47.7306,-122.227,1440,8088
7907600100,20150421T000000,287500.0,4,2.0,1220,9147,1.0,0,0,5,7,1220.0,0,1953,0,98146,47.5011,-122.336,1220,8576
1425059180,20150324T000000,736000.0,3,2.25,2470,11603,2.0,0,2,3,8,1540.0,930,1988,0,98052,47.6569,-122.123,2850,11250
3362401935,20140619T000000,549000.0,4,1.75,1290,3060,2.0,0,0,4,7,1290.0,0,1906,0,98103,47.6798,-122.348,1510,4080
1453600681,20150223T000000,328500.0,3,2.25,1390,1407,3.0,0,0,3,7,1390.0,0,2004,0,98125,47.7227,-122.296,1390,1628
123039128,20140904T000000,325000.0,4,1.0,1400,9384,1.5,0,0,4,6,1400.0,0,1948,0,98106,47.5166,-122.361,1600,8432
809001525,20140625T000000,890000.0,4,1.0,2550,4000,2.0,0,0,3,8,2370.0,180,1905,0,98109,47.6354,-122.353,2200,4000
9157600060,20140910T000000,635000.0,4,2.0,2660,8160,1.0,0,0,4,7,1380.0,1280,1949,0,98177,47.7229,-122.359,1660,8160
1826059042,20140923T000000,402000.0,3,2.5,1970,12205,2.0,0,0,4,8,1970.0,0,1990,0,98011,47.7397,-122.209,2640,9636
5366200330,20150114T000000,470000.0,4,2.0,1500,3659,1.0,0,0,3,7,830.0,670,1906,0,98122,47.6088,-122.293,1560,3706
7714000070,20150205T000000,378000.0,4,2.5,2790,4650,2.0,0,0,3,8,2790.0,0,2004,0,98038,47.3556,-122.026,2820,4650
5379800500,20140930T000000,255000.0,3,1.5,910,25500,1.0,0,0,3,5,910.0,0,1943,0,98188,47.4565,-122.276,1580,10019
6306800080,20140806T000000,378950.0,4,2.5,1867,15314,2.0,0,0,3,9,1867.0,0,2013,0,98030,47.3524,-122.198,2616,8048
1326039039,20140729T000000,334550.0,2,1.0,880,12000,1.0,0,0,3,7,880.0,0,1939,0,98133,47.7436,-122.356,1960,9395
9809000010,20150106T000000,1629000.0,5,2.5,3090,16583,2.0,0,0,4,9,3090.0,0,1964,0,98004,47.6458,-122.218,3740,17853
8121100015,20150505T000000,550000.0,3,1.0,1070,3713,1.0,0,0,4,6,1070.0,0,1917,0,98118,47.5683,-122.285,1290,3960
2193320450,20150213T000000,655000.0,4,3.0,2570,8022,1.0,0,0,4,8,1370.0,1200,1984,0,98052,47.6956,-122.099,2090,8022
522059158,20140616T000000,230000.0,3,1.75,1400,6956,1.0,0,0,4,7,1400.0,0,1957,0,98031,47.4233,-122.198,1400,9375
8123100045,20150414T000000,470000.0,4,3.0,2380,5125,1.5,0,0,4,7,1680.0,700,1925,0,98126,47.5384,-122.376,1410,5375
1562100380,20150319T000000,594000.0,4,1.75,2140,8000,1.0,0,0,4,8,1410.0,730,1965,0,98007,47.622,-122.139,2080,8000
585000095,20141216T000000,625000.0,3,2.5,2180,5000,1.0,0,0,4,8,1240.0,940,1977,0,98116,47.5828,-122.396,2000,5000
7853360480,20140904T000000,540000.0,4,2.5,2710,9248,2.0,0,0,3,7,2710.0,0,2011,0,98065,47.5164,-121.875,2710,5000
924069210,20140603T000000,695000.0,4,2.5,2961,12146,2.0,0,0,3,9,2961.0,0,1998,0,98075,47.5839,-122.052,2620,17749
9359300220,20140623T000000,725000.0,4,2.5,3420,30410,2.0,0,0,3,9,3420.0,0,1988,0,98077,47.7745,-122.088,2940,45916
9542890100,20141229T000000,415000.0,2,2.25,1130,2191,2.0,0,0,3,8,1130.0,0,2010,0,98052,47.6861,-122.103,1140,1710
13001991,20140902T000000,207000.0,3,2.5,1520,2550,2.0,0,0,3,7,1520.0,0,2005,0,98108,47.5245,-122.33,1460,2550
7855800910,20150321T000000,871000.0,4,2.5,2150,8536,1.0,0,3,4,8,1400.0,750,1967,0,98006,47.5663,-122.163,2800,9500
1328330510,20140909T000000,344950.0,3,1.75,1870,7500,1.0,0,0,5,8,1320.0,550,1978,0,98058,47.4428,-122.134,1870,7275
629800520,20140903T000000,1209000.0,4,3.25,4330,26162,2.0,0,0,3,11,4330.0,0,1997,0,98074,47.6009,-122.011,5110,26319
8911000445,20141112T000000,329000.0,2,1.0,940,7700,1.0,0,0,4,6,940.0,0,1916,0,98133,47.7067,-122.354,1290,7375
2128000180,20140811T000000,600000.0,4,1.75,1810,7700,1.0,0,0,5,8,1390.0,420,1977,0,98033,47.6976,-122.169,2080,7700
8122101146,20140929T000000,320000.0,2,1.0,710,5200,1.0,0,2,4,6,710.0,0,1942,0,98126,47.5376,-122.371,1610,5200
322069180,20141120T000000,649500.0,3,3.0,3730,383328,1.5,0,0,4,9,2230.0,1500,1990,0,98038,47.4257,-122.03,1940,217800
1085623560,20150202T000000,442515.0,4,2.5,2930,4875,2.0,0,0,3,9,2930.0,0,2014,0,98030,47.3421,-122.179,2815,4900
4178500440,20150128T000000,279900.0,3,2.0,1410,6600,1.0,0,0,4,7,1410.0,0,1990,0,98042,47.3596,-122.089,1750,7150
2895200150,20141013T000000,230000.0,3,2.0,1410,10625,1.0,0,0,3,7,1410.0,0,1980,0,98042,47.3649,-122.117,1410,9744
114100304,20141203T000000,515000.0,4,2.5,2800,21370,2.0,0,0,3,8,2800.0,0,2003,0,98028,47.776,-122.246,1880,9336
2946001645,20140505T000000,232000.0,2,1.0,1200,8063,1.0,0,0,4,6,1200.0,0,1958,0,98198,47.4204,-122.324,1200,7500
9541600355,20140813T000000,880000.0,4,2.5,3070,8250,1.0,0,0,5,8,2100.0,970,1958,0,98005,47.5935,-122.172,2270,8800
8073900070,20140522T000000,408000.0,3,2.25,1950,7221,1.0,0,0,4,8,1950.0,0,2006,0,98188,47.431,-122.285,2310,8125
8651611980,20150324T000000,962800.0,4,2.75,3630,11775,2.0,0,0,3,10,3630.0,0,1999,0,98074,47.6378,-122.066,3800,12451
1875500040,20150127T000000,330000.0,3,2.5,2040,14071,2.0,0,0,3,7,2040.0,0,1995,0,98019,47.7278,-121.963,1890,14040
9186300060,20140916T000000,635000.0,5,3.25,3710,34200,2.0,0,0,3,8,2510.0,1200,1986,0,98074,47.6101,-122.047,1720,23100
7525530100,20140908T000000,1020000.0,5,3.5,4180,17841,2.0,0,2,3,10,3160.0,1020,1990,0,98075,47.5618,-122.037,3260,12608
8733000045,20141007T000000,375000.0,4,3.0,2420,9566,2.0,0,0,3,7,2420.0,0,2003,0,98188,47.4693,-122.266,2420,9135
7197000100,20150108T000000,510000.0,4,3.25,1980,9988,1.0,0,0,3,8,1340.0,640,1980,0,98052,47.6883,-122.111,1980,8972
6140600049,20150506T000000,464000.0,2,2.0,1230,4800,2.0,0,0,3,7,1230.0,0,1952,2004,98133,47.7145,-122.35,1560,7200
7338401759,20140610T000000,268000.0,2,1.0,1380,5000,1.0,0,0,3,7,870.0,510,1943,0,98108,47.5339,-122.293,1450,5000
7203140360,20141201T000000,359782.0,3,2.5,1850,3400,2.0,0,0,3,7,1850.0,0,2010,0,98053,47.6871,-122.014,1850,3400
7202360600,20141008T000000,790000.0,4,2.5,3500,7519,2.0,0,0,3,9,3500.0,0,2004,0,98053,47.6799,-122.024,3920,7982
3876600120,20150422T000000,265000.0,3,1.5,1780,10196,1.0,0,0,4,7,1270.0,510,1967,0,98001,47.3375,-122.291,1320,7875
2423039122,20140718T000000,327000.0,4,1.0,1900,9000,1.0,0,0,4,7,1290.0,610,1948,0,98166,47.4629,-122.361,1950,10800
4046600070,20140619T000000,805000.0,3,3.0,3910,19023,2.0,0,0,3,11,3910.0,0,1985,0,98014,47.6953,-121.914,1860,15001
1932300075,20140910T000000,245000.0,2,1.0,1050,5900,1.0,0,0,3,7,1050.0,0,1950,0,98126,47.5326,-122.376,1280,5900
5561000010,20150223T000000,605000.0,3,2.5,3200,35012,1.5,0,0,3,8,2100.0,1100,1965,0,98027,47.4651,-121.993,2690,35100
1446401290,20141030T000000,214950.0,3,1.0,1400,6600,1.0,0,0,3,6,1280.0,120,1954,0,98168,47.4845,-122.331,1730,6600
2968800626,20140822T000000,355000.0,4,2.0,1770,8890,1.0,0,0,5,6,1770.0,0,1949,0,98166,47.4589,-122.353,1010,7620
518500480,20140811T000000,3000000.0,3,3.5,4410,10756,2.0,1,4,3,11,3430.0,980,2014,0,98056,47.5283,-122.205,3550,5634
5104450440,20141113T000000,252500.0,3,2.0,1810,10684,2.0,0,0,3,8,1810.0,0,1987,0,98058,47.4619,-122.153,2140,9657
226039279,20140918T000000,505000.0,4,2.25,2350,12540,2.0,0,0,3,8,2350.0,0,1968,0,98177,47.7732,-122.382,2090,7964
3904990570,20140524T000000,496700.0,3,2.5,1740,5782,2.0,0,0,4,8,1740.0,0,1989,0,98029,47.5783,-122.001,2080,5782
179001101,20150105T000000,135000.0,3,1.0,840,3000,1.0,0,0,3,5,840.0,0,1943,0,98178,47.494,-122.275,1010,6000
522079068,20150506T000000,513000.0,3,2.5,2150,161607,2.0,0,0,3,7,1330.0,820,1995,0,98038,47.4178,-121.937,2400,207781
455000395,20140523T000000,606000.0,3,1.0,1500,3920,1.0,0,0,3,7,1000.0,500,1947,0,98107,47.6718,-122.359,1640,4017
3395040200,20140709T000000,299880.0,3,2.5,1460,3044,2.0,0,0,3,7,1460.0,0,2000,0,98108,47.544,-122.296,1490,3044
5021900160,20140618T000000,711000.0,4,1.75,1980,10800,1.0,0,0,5,6,990.0,990,1948,0,98040,47.5768,-122.222,2180,10800
9445300045,20140609T000000,831000.0,4,2.5,2030,3905,1.5,0,0,4,7,1630.0,400,1926,0,98103,47.6547,-122.34,2000,3905
2909300150,20140714T000000,675000.0,4,2.5,2900,5505,2.0,0,0,3,8,2900.0,0,2002,0,98074,47.6063,-122.02,2970,5251
686400040,20150410T000000,545000.0,4,2.25,1890,7210,1.0,0,0,3,8,1890.0,0,1967,0,98008,47.6342,-122.117,1920,7210
1708400370,20140626T000000,339000.0,2,1.0,950,7954,1.0,0,0,4,7,950.0,0,1941,0,98108,47.557,-122.306,1180,6828
4045700115,20141028T000000,370000.0,3,1.75,1620,37913,2.0,0,0,4,7,1620.0,0,1953,1975,98001,47.2875,-122.289,2190,21518
9268710390,20141113T000000,239000.0,2,2.0,1470,2052,1.5,0,0,3,7,1470.0,0,1986,0,98003,47.3086,-122.328,1470,2052
1623069046,20150312T000000,1700000.0,4,3.5,4070,336283,2.0,0,0,3,11,4070.0,0,2006,0,98027,47.478,-122.038,3020,44613
8732040580,20141218T000000,249000.0,3,2.5,1850,7200,1.0,0,0,3,7,1500.0,350,1979,0,98023,47.3063,-122.384,2140,7500
3630200900,20140630T000000,950000.0,4,2.5,3670,7680,2.5,0,0,3,10,3670.0,0,2007,0,98029,47.5401,-121.993,3130,6112
1442800150,20150120T000000,199950.0,3,3.0,1530,2132,2.0,0,0,3,8,1530.0,0,1993,0,98038,47.3746,-122.056,1530,3384
2991000220,20150317T000000,330000.0,4,2.5,2310,6320,2.0,0,0,3,8,2310.0,0,1997,0,98092,47.3287,-122.167,1850,6181
3840700600,20150401T000000,355000.0,3,1.0,900,37800,1.0,0,0,4,5,700.0,200,1923,0,98034,47.7146,-122.234,1750,11998
6056110460,20150414T000000,669000.0,2,2.5,1640,1953,2.0,0,0,3,10,1640.0,0,2014,0,98118,47.5639,-122.292,1820,2653
7504021310,20141204T000000,745000.0,3,2.5,2970,11985,1.0,0,0,3,9,1770.0,1200,1995,0,98074,47.6359,-122.052,2990,12049
4443800940,20150408T000000,485000.0,4,1.75,1260,3880,1.0,0,0,5,7,860.0,400,1918,0,98117,47.687,-122.391,1000,3880
2130702270,20140628T000000,234000.0,3,1.0,1040,8128,1.0,0,0,3,6,1040.0,0,1983,0,98019,47.7425,-121.981,1520,7500
1471701780,20140814T000000,374950.0,4,1.5,1970,14490,1.5,0,0,4,7,1970.0,0,1963,0,98059,47.4612,-122.069,1880,14880
2141300420,20140626T000000,775000.0,3,2.75,2850,14800,1.0,0,0,4,9,1920.0,930,1976,0,98006,47.559,-122.146,3300,10809
7203220410,20140813T000000,790500.0,4,2.75,3350,5416,2.0,0,0,3,9,3350.0,0,2014,0,98053,47.6849,-122.016,3625,5637
9476200485,20140929T000000,261490.0,4,1.0,1640,8467,1.0,0,2,4,6,1220.0,420,1943,0,98056,47.4894,-122.188,1060,7396
259800610,20150220T000000,575000.0,4,2.5,2280,9491,1.0,0,0,4,7,1290.0,990,1966,0,98008,47.6297,-122.117,1560,8050
2459500310,20150218T000000,358000.0,3,2.25,1610,6655,2.0,0,0,4,7,1610.0,0,1985,0,98058,47.4296,-122.161,1780,7529
3629970610,20140718T000000,435000.0,3,2.5,1600,2375,2.0,0,0,3,7,1600.0,0,2005,0,98029,47.5531,-121.996,1830,2375
3874900085,20150227T000000,715000.0,4,3.25,2630,7770,2.0,0,0,3,9,2630.0,0,2014,0,98126,47.5459,-122.377,1370,7770
3392100140,20150106T000000,215000.0,3,1.0,1280,9775,1.0,0,0,3,6,1280.0,0,1964,0,98003,47.3262,-122.334,1230,8750
6450303235,20140818T000000,269000.0,3,1.5,1320,2625,2.0,0,0,3,7,1320.0,0,1986,0,98133,47.7316,-122.338,1230,5250
3578110200,20140623T000000,440000.0,3,1.75,1560,7207,1.0,0,0,3,7,1250.0,310,1983,0,98034,47.7283,-122.222,1540,7485
7203220310,20140822T000000,839990.0,4,2.75,3660,5637,2.0,0,0,3,9,3660.0,0,2014,0,98053,47.6845,-122.017,3625,5639
5561100180,20141107T000000,645000.0,5,2.25,3340,52476,2.0,0,0,4,8,3340.0,0,1975,0,98027,47.4553,-121.987,2460,48351
226039282,20140728T000000,442500.0,6,2.5,2800,10490,1.0,0,0,3,7,1400.0,1400,1968,0,98177,47.7735,-122.378,2290,8716
8568030030,20140729T000000,575000.0,4,3.5,3930,16970,2.0,0,0,3,9,3930.0,0,1997,0,98019,47.7412,-121.966,2740,17219
3623500049,20150501T000000,1200000.0,4,2.25,2320,13114,2.0,0,0,5,8,2320.0,0,1967,0,98040,47.5762,-122.239,2740,15000
2402100205,20141119T000000,412133.0,2,1.0,920,4400,1.0,0,0,3,7,920.0,0,1948,0,98103,47.6903,-122.332,1560,4600
825059349,20140701T000000,1020000.0,4,3.5,3770,8501,2.0,0,0,3,10,3770.0,0,2008,0,98033,47.6744,-122.196,1520,9660
1924069105,20141017T000000,450000.0,3,1.75,3150,9258,1.0,0,1,3,8,2370.0,780,1970,0,98027,47.5571,-122.08,2740,10274
809001565,20140822T000000,625000.0,2,1.0,1100,4160,1.0,0,0,3,7,1100.0,0,1919,0,98109,47.6352,-122.352,1900,4000
8635750090,20140602T000000,668500.0,4,2.5,2710,5500,2.0,0,0,3,9,2710.0,0,1999,0,98074,47.6027,-122.023,2710,6242
3585900305,20141030T000000,999000.0,3,2.5,2710,23292,1.0,0,4,3,9,2080.0,630,1956,0,98177,47.7608,-122.374,2430,20000
7452500730,20150424T000000,264950.0,2,1.0,1000,6000,1.0,0,0,3,6,1000.0,0,1951,0,98126,47.5208,-122.372,1250,6000
8665200020,20140623T000000,389800.0,3,1.75,1880,12821,1.0,0,0,3,7,1880.0,0,1959,0,98155,47.7681,-122.305,1540,12868
3271301175,20140815T000000,661000.0,2,1.0,1260,5800,1.0,0,0,4,7,1260.0,0,1939,0,98199,47.6501,-122.409,1830,5800
7701961220,20140626T000000,800000.0,4,2.5,2990,16809,2.0,0,0,3,11,2990.0,0,1990,0,98077,47.7123,-122.073,3340,18752
9808700370,20140623T000000,899000.0,3,1.0,1480,6978,2.0,0,0,4,8,1480.0,0,1949,1985,98004,47.6497,-122.217,2660,13062
1099900120,20150126T000000,345000.0,3,2.5,2340,8414,1.0,0,0,3,7,1280.0,1060,1993,0,98188,47.4685,-122.265,2340,7268
3303980140,20150402T000000,1150000.0,4,3.0,4160,13170,2.0,0,0,3,11,3040.0,1120,2001,0,98059,47.5182,-122.149,3780,13148
2212250080,20140806T000000,592100.0,4,2.75,2310,7851,1.0,0,0,4,8,1790.0,520,1989,0,98006,47.5473,-122.187,2230,7359
3625059109,20140508T000000,1051000.0,4,3.0,2920,33976,1.0,0,3,5,8,1460.0,1460,1964,0,98008,47.6164,-122.104,2970,15210
8917100153,20140910T000000,585000.0,4,2.5,2370,15200,1.0,0,0,3,8,1660.0,710,1975,0,98052,47.6295,-122.089,2360,13879
1726069060,20150409T000000,655000.0,4,2.75,2890,46609,2.0,0,0,4,9,2890.0,0,1981,0,98077,47.7454,-122.061,2880,68824
2426059124,20141216T000000,1045000.0,4,3.25,4160,47480,2.0,0,0,3,10,4160.0,0,1995,0,98072,47.7266,-122.115,3400,40428
2557000400,20150409T000000,272500.0,3,2.5,2070,9900,1.0,0,0,3,8,1420.0,650,1979,0,98023,47.2988,-122.371,2070,8250
1773100980,20140618T000000,309000.0,3,2.25,1490,1294,2.0,0,0,3,7,1220.0,270,2010,0,98106,47.5569,-122.363,1490,1283
7625702440,20141230T000000,469000.0,3,1.75,1480,800,2.0,0,0,3,8,1000.0,480,2014,0,98136,47.5493,-122.387,1480,1143
2226069018,20141112T000000,805000.0,4,2.5,3960,38615,2.0,0,0,3,10,3960.0,0,2000,0,98077,47.7249,-122.024,3290,43560
2524049215,20150501T000000,1564350.0,4,3.75,3730,17000,2.0,0,3,4,10,2820.0,910,1986,0,98040,47.5355,-122.242,3880,15550
6181420200,20141120T000000,272000.0,4,2.5,2789,3960,2.0,0,0,3,7,2789.0,0,2007,0,98001,47.3059,-122.28,2547,3960
1862400541,20150228T000000,579950.0,3,2.5,1810,1585,3.0,0,0,3,7,1810.0,0,2014,0,98117,47.6957,-122.376,1560,1586
7576200040,20140718T000000,689888.0,4,2.25,1930,3500,1.5,0,0,5,8,1540.0,390,1916,0,98122,47.6167,-122.29,1800,5000
5078400190,20141016T000000,915000.0,3,1.0,1560,8232,1.0,0,0,3,7,1560.0,0,1952,0,98004,47.623,-122.205,1930,8286
3126049052,20150318T000000,551000.0,4,1.75,2040,6348,1.0,0,0,3,7,1020.0,1020,1962,0,98103,47.6964,-122.336,1770,5047
7199320190,20141016T000000,618000.0,4,2.25,2470,7350,1.0,0,0,3,7,1600.0,870,1978,0,98052,47.6936,-122.128,1970,7700
8673400020,20150311T000000,590000.0,3,3.0,1740,1100,3.0,0,0,3,8,1740.0,0,2007,0,98107,47.67,-122.391,1370,1180
1250200418,20140527T000000,345000.0,2,1.5,1180,844,2.0,0,0,3,7,990.0,190,2005,0,98144,47.5998,-122.3,1170,1400
4083304355,20150318T000000,675000.0,4,1.75,1530,3615,1.5,0,0,4,7,1530.0,0,1913,0,98103,47.6529,-122.334,1650,4200
8011100047,20150306T000000,530000.0,4,2.75,2740,7872,2.0,0,0,3,10,2740.0,0,2015,0,98056,47.4954,-122.172,1220,6300
7010700292,20141009T000000,543500.0,3,2.25,1270,2790,1.0,0,0,3,7,990.0,280,1970,0,98199,47.6581,-122.396,1920,4000
1105000402,20141028T000000,630000.0,4,3.0,3640,5096,2.0,0,0,3,8,2740.0,900,2010,0,98118,47.5428,-122.27,1910,9189
5468780020,20150326T000000,330000.0,4,2.5,2210,5929,2.0,0,0,3,8,2210.0,0,2004,0,98042,47.35,-122.139,2200,5901
2221000100,20140507T000000,310000.0,3,1.75,1840,10723,1.0,0,0,4,7,1220.0,620,1974,0,98058,47.429,-122.154,1590,9820
7697850360,20150204T000000,245000.0,3,2.25,1780,9598,2.0,0,0,4,7,1780.0,0,1985,0,98030,47.3718,-122.182,1820,7533
3183110180,20140828T000000,490000.0,4,2.5,2430,42646,1.0,0,0,3,7,1450.0,980,1989,0,98014,47.6164,-121.953,2000,38159
1023059465,20140513T000000,505000.0,4,2.5,2790,5602,2.0,0,0,3,8,2790.0,0,2009,0,98059,47.4959,-122.15,2790,5309
1737300110,20140826T000000,434000.0,4,3.0,2010,8171,2.0,0,0,3,8,2010.0,0,1973,0,98011,47.7688,-122.218,2090,8203
6329000705,20150402T000000,545000.0,2,1.5,2340,13380,1.0,0,0,4,7,1280.0,1060,1954,0,98146,47.5017,-122.377,1490,8100
3840700560,20140814T000000,450000.0,3,1.75,1810,12600,1.0,0,0,3,7,1400.0,410,1977,0,98034,47.7143,-122.233,1934,12600
2397101375,20150428T000000,595000.0,2,1.0,980,3600,1.0,0,0,3,6,980.0,0,1907,0,98119,47.6366,-122.365,1690,3600
4249000230,20140829T000000,766000.0,3,2.5,2270,9822,2.0,0,0,3,9,2270.0,0,1988,0,98052,47.6685,-122.137,2790,8089
8100000090,20141111T000000,256000.0,3,2.5,1480,7200,2.0,0,0,5,7,1480.0,0,1995,0,98010,47.3126,-122.023,1350,7200
7701960720,20141017T000000,1080000.0,4,2.5,4200,35267,2.0,0,0,3,11,4200.0,0,1990,0,98077,47.7108,-122.071,3540,22234
3577000116,20150325T000000,680000.0,4,1.0,2200,12137,1.0,0,4,4,8,1640.0,560,1956,0,98028,47.7473,-122.261,3250,17153
7663700783,20140613T000000,369500.0,3,1.5,1650,9957,1.0,0,0,4,7,1100.0,550,1961,0,98125,47.7303,-122.298,1650,7957
9117100130,20140812T000000,368500.0,5,1.75,2810,9360,1.0,0,0,4,7,1520.0,1290,1965,0,98055,47.4361,-122.193,1770,9360
3904902510,20140512T000000,690000.0,4,2.5,2670,13463,2.0,0,0,4,9,2670.0,0,1989,0,98029,47.5627,-122.018,2560,10982
8731982630,20140522T000000,240000.0,4,2.25,1720,8300,1.0,0,0,4,8,1720.0,0,1973,0,98023,47.3192,-122.385,2010,8000
9264921140,20150312T000000,300000.0,3,2.75,1910,15508,1.0,0,0,3,8,1210.0,700,1984,0,98023,47.3128,-122.345,2450,7989
6821102352,20141008T000000,330000.0,2,1.0,880,1753,2.0,0,0,4,7,880.0,0,1945,0,98199,47.6475,-122.397,1010,1748
3303980650,20140827T000000,935000.0,4,3.5,3510,11200,2.0,0,0,3,11,3510.0,0,2001,0,98059,47.5193,-122.15,3600,12124
2421059017,20140523T000000,549900.0,4,3.0,2830,213879,2.0,0,0,4,8,2830.0,0,1987,0,98092,47.2925,-122.107,2250,213008
5602000105,20140721T000000,265000.0,3,1.5,1560,10489,1.0,0,0,5,7,1560.0,0,1961,0,98022,47.2048,-121.999,1400,10489
7893804340,20140724T000000,470000.0,4,2.5,2680,8062,1.0,0,3,4,7,1530.0,1150,1967,0,98198,47.4132,-122.328,1920,8600
4151800420,20140815T000000,657500.0,3,1.75,980,6002,1.0,0,0,4,6,980.0,0,1942,0,98033,47.6643,-122.203,1150,6054
1521069070,20150218T000000,204000.0,3,1.0,1040,7405,1.0,0,0,4,6,1040.0,0,1971,0,98010,47.3105,-122.021,1580,7405
2922703235,20141119T000000,290000.0,1,1.0,550,5700,1.0,0,0,2,6,550.0,0,1916,0,98117,47.6846,-122.366,1100,4560
9828200545,20140513T000000,591000.0,3,1.75,1680,2400,1.0,0,0,5,7,870.0,810,1922,0,98122,47.6155,-122.3,1440,3600
1523059100,20140902T000000,320000.0,5,1.0,1740,27350,1.0,0,0,4,5,1740.0,0,1958,0,98059,47.4809,-122.153,2760,10749
1370803445,20140909T000000,1140000.0,4,1.75,3080,6500,1.0,0,0,4,9,1700.0,1380,1941,0,98199,47.6353,-122.402,2960,5711
9808640320,20150102T000000,1289000.0,4,3.5,3100,2261,2.0,0,2,3,9,2250.0,850,1981,0,98033,47.6512,-122.202,2660,2000
2215901230,20150507T000000,254000.0,3,2.0,1470,7694,1.0,0,0,4,7,1470.0,0,1992,0,98038,47.3539,-122.054,1580,7480
2303900100,20140911T000000,3800000.0,3,4.25,5510,35000,2.0,0,4,3,13,4910.0,600,1997,0,98177,47.7296,-122.37,3430,45302
8832900135,20150113T000000,769000.0,5,2.25,3320,13138,1.0,0,2,4,9,1900.0,1420,1964,0,98028,47.759,-122.269,2820,13138
1346300150,20141020T000000,3300000.0,8,4.0,7710,11750,3.5,0,0,5,12,6090.0,1620,1904,0,98112,47.6263,-122.314,4210,8325
3856904655,20150329T000000,667750.0,4,1.0,1430,4080,1.5,0,0,3,7,1430.0,0,1924,0,98105,47.6696,-122.324,1760,4080
3644100030,20150209T000000,432500.0,4,1.75,1500,1856,1.0,0,0,5,7,750.0,750,1901,0,98144,47.5917,-122.296,1220,1739
6699940250,20140725T000000,350000.0,4,2.5,2610,5866,2.0,0,0,3,8,2610.0,0,2005,0,98038,47.3441,-122.04,2480,5188
5406500430,20150421T000000,712000.0,4,2.5,2730,4385,2.0,0,0,3,8,2730.0,0,2001,0,98075,47.5975,-122.038,2670,4644
4310701600,20141113T000000,340000.0,3,2.5,1240,1115,3.0,0,0,3,8,1240.0,0,2003,0,98103,47.6985,-122.34,1410,1355
6600060150,20150312T000000,392000.0,4,2.5,2130,4028,2.0,0,0,3,8,2130.0,0,2014,0,98146,47.5108,-122.363,1830,7817
8091670200,20141022T000000,408000.0,3,2.75,2670,4800,2.0,0,0,3,8,2670.0,0,2014,0,98038,47.3483,-122.042,2340,5000
3885807255,20150202T000000,762000.0,4,2.0,2130,5500,1.5,0,0,5,7,2130.0,0,1939,0,98033,47.6807,-122.199,1490,6000
263000255,20141202T000000,375000.0,3,2.25,1540,1561,3.0,0,0,3,8,1540.0,0,2010,0,98103,47.6991,-122.346,1540,1547
3629980780,20140918T000000,710000.0,4,2.75,2940,4232,2.0,0,0,3,9,2940.0,0,2004,0,98029,47.5529,-121.99,2410,4000
3438502437,20150203T000000,292500.0,3,2.5,1440,1068,2.0,0,0,3,8,1160.0,280,2006,0,98106,47.5393,-122.361,1580,1483
4057300180,20140807T000000,310000.0,3,1.5,1140,3104,2.0,0,0,3,7,1140.0,0,1988,0,98029,47.5707,-122.018,1150,2981
1024069027,20140723T000000,1139990.0,4,3.25,3740,11467,2.0,0,0,3,10,3740.0,0,2014,0,98029,47.581,-122.022,2510,27520
4435600330,20140726T000000,165000.0,3,1.0,910,8700,1.0,0,0,4,6,910.0,0,1943,0,98188,47.449,-122.29,1090,8700
2122039094,20141126T000000,705000.0,3,3.0,1970,20978,2.0,1,3,4,9,1770.0,200,1980,0,98070,47.3844,-122.438,2280,75396
546000820,20141110T000000,415000.0,2,1.0,980,4108,1.0,0,0,3,7,980.0,0,1947,0,98117,47.687,-122.381,1500,4046
3459700340,20141030T000000,537250.0,4,2.5,2590,9530,1.0,0,0,4,8,1640.0,950,1978,0,98155,47.7752,-122.285,2710,10970
6844700810,20140901T000000,438924.0,3,1.5,1050,4590,1.0,0,0,3,7,850.0,200,1949,0,98115,47.6943,-122.29,1770,5400
9828200187,20150429T000000,370000.0,2,1.0,750,2020,1.0,0,0,3,7,750.0,0,1908,1995,98122,47.6175,-122.301,1630,2383
7533800885,20141027T000000,1100000.0,3,2.25,2420,7200,1.0,0,0,3,8,1420.0,1000,1948,0,98115,47.6867,-122.275,2500,7200
7715600070,20141212T000000,385000.0,3,1.75,1560,14288,1.0,0,0,3,6,780.0,780,1944,0,98125,47.7183,-122.306,1320,8928
2025600280,20150406T000000,241400.0,3,2.0,1420,9828,1.0,0,0,4,7,1420.0,0,1990,0,98010,47.3287,-122.011,1550,7227
4330600350,20150115T000000,315000.0,3,2.25,2200,8750,1.0,0,0,4,7,1120.0,1080,1964,0,98166,47.476,-122.337,1460,10139
1402810150,20150310T000000,315500.0,3,2.0,1160,10079,1.0,0,0,3,7,1160.0,0,1986,0,98019,47.7341,-121.976,1130,10087
2024089011,20140826T000000,550000.0,5,1.0,2150,262231,1.5,0,0,3,7,2150.0,0,1900,2000,98065,47.5519,-121.803,1460,46609
1311800560,20141121T000000,209000.0,3,1.75,1250,8084,1.0,0,0,4,7,1250.0,0,1967,0,98001,47.3364,-122.276,1340,7680
5088500310,20150312T000000,435000.0,3,2.0,2660,16677,1.0,0,0,3,9,2210.0,450,1990,0,98038,47.3689,-122.055,2660,11355
1459920190,20141204T000000,385000.0,4,2.5,2630,5701,2.0,0,0,3,7,2630.0,0,2010,0,98042,47.375,-122.16,2770,5939
6303400150,20140929T000000,255000.0,3,1.0,1160,8636,1.0,0,0,3,6,1160.0,0,1923,0,98146,47.5097,-122.357,1300,8636
7893802800,20140605T000000,425000.0,4,2.75,2440,15349,2.0,0,1,4,7,2440.0,0,1957,0,98198,47.4117,-122.333,2280,9250
8861500065,20150114T000000,599500.0,4,2.25,2020,10260,2.0,0,0,4,7,2020.0,0,1984,0,98052,47.6801,-122.114,2020,10311
3303860590,20140627T000000,465000.0,4,2.5,3060,6000,2.0,0,0,3,9,3060.0,0,2012,0,98038,47.3689,-122.058,3040,6000
9476200350,20141013T000000,471750.0,5,3.5,3790,8200,1.0,0,1,3,8,2120.0,1670,2001,0,98056,47.4891,-122.19,1740,8676
1331900410,20140620T000000,869000.0,4,3.0,3740,30884,2.0,0,0,3,9,3060.0,680,1988,0,98072,47.7505,-122.117,3240,37031
2524049108,20150512T000000,1380000.0,5,4.25,4050,18827,1.0,0,2,4,10,2150.0,1900,1979,0,98040,47.5323,-122.237,3600,25120
8078380230,20140808T000000,590000.0,3,2.5,2210,8622,2.0,0,0,3,8,2210.0,0,1988,0,98029,47.5715,-122.02,2340,7192
2422059111,20140620T000000,291000.0,3,1.5,1860,60960,1.0,0,0,4,7,1140.0,720,1967,0,98042,47.3796,-122.102,2170,82764
8039900086,20140509T000000,251000.0,3,1.75,1220,7250,1.0,0,0,3,7,1220.0,0,1962,0,98045,47.4887,-121.784,1700,15251
5056500210,20141007T000000,539950.0,4,2.75,2910,9000,1.0,0,0,4,8,2130.0,780,1966,0,98006,47.544,-122.176,1970,9000
3205500230,20140811T000000,381000.0,3,1.75,1330,7216,1.0,0,0,3,7,1330.0,0,1969,0,98034,47.7199,-122.18,1500,8000
3977630130,20150325T000000,146300.0,3,1.0,1200,9668,1.0,0,0,5,6,1200.0,0,1975,0,98092,47.3156,-122.128,1200,9800
3861500340,20140626T000000,279900.0,3,1.75,1580,6620,1.0,0,0,3,7,1580.0,0,1988,0,98003,47.2798,-122.303,1580,8137
7967600285,20141211T000000,449888.0,3,2.25,2520,78408,2.0,0,0,3,9,2520.0,0,1988,0,98001,47.3514,-122.279,1490,29972
9264960850,20140709T000000,412000.0,4,3.5,3360,9767,2.0,0,0,3,9,2450.0,910,1990,0,98023,47.3047,-122.347,2580,8757
7683800212,20141218T000000,229000.0,3,1.0,1010,12705,1.0,0,0,4,7,1010.0,0,1959,0,98003,47.3348,-122.303,1490,10200
2117700085,20140730T000000,375950.0,3,1.75,1480,7560,1.0,0,0,3,6,1100.0,380,1920,1985,98117,47.6985,-122.364,1510,7250
9269200650,20141027T000000,314000.0,2,1.0,720,4920,1.0,0,0,3,6,720.0,0,1941,0,98126,47.5352,-122.371,670,4920
1868901275,20150127T000000,455000.0,2,1.0,1430,5000,1.5,0,0,2,7,1430.0,0,1925,0,98115,47.6727,-122.299,1450,3750
3438501860,20150422T000000,385000.0,3,1.0,1020,5950,1.0,0,0,3,6,880.0,140,1950,0,98106,47.5436,-122.357,1800,5950
3347401315,20140616T000000,220000.0,3,2.0,1410,7998,1.0,0,0,4,7,1410.0,0,1940,0,98178,47.4968,-122.277,1780,8278
6414600262,20140829T000000,365000.0,2,1.0,990,8250,1.0,0,0,3,7,990.0,0,1955,0,98133,47.7252,-122.331,1080,8168
5282200015,20150126T000000,840000.0,5,3.0,2750,3800,1.5,0,0,5,7,1750.0,1000,1926,0,98115,47.6845,-122.313,1900,3800
6870000150,20141218T000000,677000.0,4,2.5,2820,4174,2.0,0,0,3,9,2820.0,0,2004,0,98034,47.7112,-122.226,2560,4853
9268851740,20140701T000000,629800.0,3,2.5,2390,1984,2.0,0,0,3,8,2220.0,170,2008,0,98027,47.5405,-122.027,2150,1984
7522500020,20140527T000000,730001.0,3,2.0,1840,4750,1.0,0,0,5,7,1010.0,830,1951,0,98117,47.6862,-122.395,1760,5510
1021079099,20141106T000000,345000.0,3,2.5,1990,20466,1.5,0,0,4,8,1410.0,580,1987,0,98010,47.3259,-121.896,1660,93393
1330250010,20140604T000000,289950.0,3,2.0,1670,7757,1.0,0,0,3,8,1670.0,0,1992,0,98030,47.3802,-122.207,2290,7859
2523039310,20150112T000000,359000.0,4,2.5,1820,11325,1.0,0,0,3,8,1390.0,430,1976,0,98166,47.4574,-122.361,1990,10802
8035350090,20140616T000000,435000.0,3,2.5,2300,9521,2.0,0,0,3,8,2300.0,0,2003,0,98019,47.7447,-121.976,3020,10042
1922069089,20150324T000000,310000.0,3,1.0,1020,55756,1.0,0,0,3,7,1020.0,0,1961,0,98042,47.3836,-122.082,1490,12745
9542300430,20150331T000000,833000.0,4,1.75,2260,12238,1.0,0,0,3,9,2260.0,0,1967,0,98005,47.5976,-122.178,2430,10204
7955050250,20141125T000000,442500.0,4,2.25,1840,7575,1.0,0,0,4,7,1390.0,450,1973,0,98034,47.7328,-122.198,1820,7500
1645000580,20141002T000000,270000.0,4,2.5,1900,8282,1.0,0,0,3,7,1900.0,0,1968,1997,98022,47.2089,-122.003,1420,8350
820000018,20141014T000000,387500.0,3,3.25,1860,2218,3.0,0,0,3,8,1860.0,0,2001,0,98125,47.7185,-122.313,1860,2218
2822059262,20141201T000000,250000.0,3,1.0,1060,52272,1.0,0,0,3,7,1060.0,0,1960,0,98030,47.36,-122.178,1900,5971
853200040,20150428T000000,2408000.0,5,2.5,4600,23250,1.5,0,2,3,9,3600.0,1000,1918,2003,98004,47.623,-122.218,5500,20066
7524400250,20140822T000000,424240.0,3,2.0,2080,12094,2.0,0,0,4,8,2080.0,0,1982,0,98052,47.7035,-122.164,2230,12204
6414100025,20140721T000000,538000.0,4,2.5,3260,10032,1.0,0,0,3,8,1960.0,1300,1978,0,98125,47.7203,-122.323,1802,7249
5393601690,20140720T000000,370000.0,4,1.0,1310,6000,1.5,0,0,3,7,1310.0,0,1940,0,98144,47.5822,-122.295,1630,6000
6792200282,20140922T000000,254000.0,3,2.5,1560,10608,2.0,0,0,3,7,1560.0,0,1994,0,98042,47.3572,-122.161,1360,10608
419000015,20140917T000000,299950.0,4,1.0,1170,5400,1.0,0,0,5,6,1170.0,0,1953,0,98056,47.492,-122.172,1100,5400
1972201773,20150313T000000,670000.0,2,2.0,1500,761,3.0,0,3,3,8,1500.0,0,2008,0,98103,47.6522,-122.346,1360,1527
6600400260,20140512T000000,201000.0,3,1.0,1460,9750,1.0,0,0,4,7,1460.0,0,1969,0,98042,47.3242,-122.144,1270,9750
7520000695,20150421T000000,251000.0,3,1.0,840,4495,1.0,0,0,3,6,840.0,0,1921,0,98146,47.496,-122.349,1260,7434
5706200370,20140806T000000,550000.0,4,2.75,2230,9460,1.0,0,0,5,7,1480.0,750,1960,0,98027,47.5246,-122.044,1760,10878
7852120120,20140620T000000,725000.0,3,3.5,3690,8837,2.0,0,0,3,10,3690.0,0,2001,0,98065,47.5402,-121.876,3690,9585
3735900545,20140523T000000,449950.0,3,2.0,1560,4080,2.0,0,0,3,7,1560.0,0,1923,1982,98115,47.6892,-122.319,1900,4080
3904901570,20150320T000000,432250.0,3,2.25,1440,6232,2.0,0,0,3,7,1440.0,0,1985,0,98029,47.5658,-122.018,1740,5999
9279700150,20150212T000000,1625000.0,4,3.75,4410,8112,3.0,0,4,3,11,3570.0,840,2003,0,98116,47.5888,-122.392,2770,5750
5129000006,20150419T000000,280500.0,3,1.0,1220,4541,1.0,0,0,3,7,890.0,330,1952,0,98108,47.5387,-122.294,1670,3429
7454000470,20140801T000000,412500.0,3,1.75,1530,6300,1.0,0,0,3,6,1530.0,0,1942,2004,98126,47.516,-122.375,920,6300
1336800185,20140617T000000,1185000.0,3,2.75,2500,5568,2.0,0,0,5,9,2500.0,0,1905,0,98112,47.6258,-122.312,2810,5568
2946002914,20150102T000000,325000.0,3,1.75,2300,6200,1.0,0,0,4,7,1150.0,1150,1970,0,98198,47.4176,-122.323,1740,6600
3126049500,20140522T000000,359000.0,3,1.5,1360,885,3.0,0,0,3,8,1360.0,0,2008,0,98103,47.6961,-122.349,1360,1167
1843100610,20140521T000000,382000.0,5,2.25,2880,11965,2.0,0,0,4,8,2880.0,0,1990,0,98042,47.3734,-122.124,2370,10715
1498300875,20140814T000000,445000.0,3,2.5,1550,930,2.0,0,0,3,8,1060.0,490,2006,0,98144,47.5857,-122.314,1550,1301
8645511500,20150420T000000,352750.0,4,2.75,2270,24237,1.0,0,0,4,7,1360.0,910,1977,0,98058,47.4672,-122.175,2050,8016
6744701310,20150415T000000,1850000.0,4,2.5,3830,11972,1.0,1,4,3,11,2370.0,1460,1981,0,98155,47.7404,-122.284,3080,12297
3530210180,20140723T000000,835000.0,4,3.0,4480,42717,2.0,0,0,3,9,4480.0,0,1987,0,98077,47.7711,-122.088,3140,41632
2115720270,20150414T000000,269000.0,2,2.0,1540,5000,1.5,0,0,3,8,1540.0,0,1986,0,98023,47.319,-122.394,1590,5000
7802900500,20150304T000000,532500.0,3,3.25,3140,37120,1.0,0,0,3,9,1760.0,1380,1984,0,98065,47.5244,-121.842,2100,13500
2113701200,20140912T000000,250000.0,2,1.0,670,4640,1.0,0,0,3,6,670.0,0,1943,0,98106,47.53,-122.351,870,4501
7853350090,20140604T000000,648000.0,4,2.5,3290,6203,2.0,0,0,3,9,3290.0,0,2008,0,98065,47.5441,-121.86,2990,6835
9512501450,20150429T000000,555000.0,3,1.75,1270,9170,1.0,0,0,3,7,1270.0,0,1969,0,98052,47.6706,-122.151,1700,8500
623049094,20140516T000000,180000.0,3,1.0,1000,18513,1.0,0,0,3,6,1000.0,0,1940,0,98146,47.5118,-122.348,1280,8113
1526059051,20140828T000000,995000.0,2,2.0,1600,64468,1.0,0,0,3,7,1600.0,0,1950,0,98072,47.7344,-122.143,1950,64468
253600160,20140530T000000,384950.0,3,2.5,1860,3690,2.0,0,0,3,7,1860.0,0,2000,0,98028,47.776,-122.239,1870,4394
1973700030,20150429T000000,2205000.0,3,2.5,3430,10177,2.0,0,0,3,10,3430.0,0,2014,0,98034,47.7159,-122.251,3110,12339
1931300090,20140507T000000,610950.0,3,3.0,1680,1570,3.0,0,0,3,8,1680.0,0,2014,0,98103,47.6572,-122.346,1640,4800
7708000010,20141107T000000,421000.0,3,2.0,1420,12655,1.0,0,0,5,7,1420.0,0,1968,0,98056,47.5309,-122.186,2020,9655
7159200005,20140507T000000,3200000.0,7,4.5,6210,8856,2.5,0,2,5,11,4760.0,1450,1910,0,98109,47.6307,-122.354,2940,5400
2071500011,20140811T000000,367500.0,4,2.25,1930,7925,1.0,0,0,3,8,1300.0,630,1960,0,98155,47.7626,-122.312,1930,7200
705700140,20140919T000000,335000.0,3,2.5,1700,6698,2.0,0,0,3,7,1700.0,0,1997,0,98038,47.3826,-122.028,2190,7346
1683600110,20150305T000000,230000.0,3,1.75,1720,9125,1.0,0,0,4,7,1140.0,580,1981,0,98092,47.3173,-122.181,1120,7506
5016003230,20150218T000000,169317.0,2,1.0,790,4000,1.0,0,2,3,7,790.0,0,1908,0,98112,47.6248,-122.301,1700,4200
7852020760,20141101T000000,399000.0,3,2.5,1740,3690,2.0,0,0,3,8,1740.0,0,2000,0,98065,47.5345,-121.867,2100,4944
7212650990,20140721T000000,334950.0,4,2.5,2410,7846,2.0,0,0,3,8,2410.0,0,1992,0,98003,47.2641,-122.312,2380,7914
5702380780,20150422T000000,240000.0,3,1.75,1540,6687,1.0,0,0,3,7,1200.0,340,1991,0,98022,47.1938,-121.981,1540,7242
8945300200,20140815T000000,207500.0,3,1.0,1170,8816,1.0,0,0,4,6,1170.0,0,1966,0,98023,47.3059,-122.368,1200,9108
9455200445,20150325T000000,601000.0,3,1.75,1330,6743,1.0,0,0,3,8,1330.0,0,1958,2002,98125,47.7012,-122.286,2600,7350
2560800165,20150316T000000,180500.0,2,1.0,850,5000,1.0,0,0,3,6,850.0,0,1976,0,98198,47.3817,-122.314,1160,5000
7575600430,20141110T000000,240000.0,3,2.5,1620,5250,2.0,0,0,3,8,1620.0,0,1987,0,98003,47.3538,-122.301,1650,5250
9478500590,20150408T000000,302500.0,3,2.5,1690,4476,2.0,0,0,3,7,1690.0,0,2008,0,98042,47.3663,-122.114,2250,4488
6300000287,20140609T000000,410000.0,3,1.0,1410,5060,1.0,0,0,4,7,910.0,500,1956,0,98133,47.7073,-122.34,1130,5693
3256400051,20140708T000000,210000.0,3,2.0,960,9380,1.0,0,0,3,6,960.0,0,1949,0,98146,47.4852,-122.343,1460,9240
6752000330,20140815T000000,490000.0,3,1.75,1490,11360,1.0,0,0,3,8,1490.0,0,1975,0,98008,47.5896,-122.12,2350,10320
272000085,20150219T000000,751000.0,6,3.0,2880,6800,2.0,0,0,3,7,2880.0,0,1980,0,98144,47.5873,-122.299,1640,4000
3797001815,20150217T000000,532500.0,2,1.0,820,3000,1.0,0,0,4,7,820.0,0,1924,0,98103,47.6842,-122.348,1490,3000
5316100980,20150326T000000,2250000.0,3,3.0,4040,7200,1.5,0,2,4,9,3340.0,700,1930,0,98112,47.6288,-122.284,3450,10800
8151600590,20150312T000000,360000.0,2,1.0,2320,11250,2.0,0,0,4,6,2320.0,0,1942,0,98146,47.504,-122.362,1620,11250
4364700805,20141015T000000,315000.0,1,1.0,580,7200,1.0,0,0,3,6,580.0,0,2000,0,98126,47.5249,-122.373,1360,7560
3905100840,20140723T000000,500000.0,3,2.25,1580,4379,2.0,0,0,4,8,1580.0,0,1994,0,98029,47.5694,-122.005,1770,4187
9542400075,20140606T000000,809950.0,4,2.0,2230,9900,1.5,0,0,5,9,2230.0,0,1959,0,98005,47.5979,-122.173,2510,11041
7852170370,20140516T000000,522500.0,3,2.5,2370,7875,2.0,0,0,3,9,2370.0,0,2003,0,98065,47.5427,-121.863,2660,7752
6806300920,20140610T000000,490000.0,4,2.5,3020,8302,2.0,0,0,4,10,3020.0,0,1994,0,98042,47.363,-122.127,3020,8406
339500160,20141008T000000,662000.0,3,1.75,2500,36947,1.0,0,0,3,9,2500.0,0,1984,0,98052,47.6917,-122.084,2590,28837
3226049565,20140711T000000,504600.0,5,3.0,2360,5000,1.0,0,0,3,7,1390.0,970,2008,0,98103,47.6931,-122.33,2180,5009
1545804510,20140512T000000,302000.0,5,2.25,2180,7813,2.0,0,0,3,7,2180.0,0,1986,0,98038,47.3651,-122.051,1880,8649
7212651440,20150428T000000,280000.0,3,2.5,1970,8426,2.0,0,0,3,8,1970.0,0,1992,0,98003,47.2674,-122.306,1970,9197
8010100220,20141014T000000,999950.0,4,3.5,3310,4684,2.0,0,0,3,9,2290.0,1020,2014,0,98116,47.579,-122.389,1850,4750
3222079136,20140818T000000,213000.0,3,1.75,1200,55321,1.5,0,0,5,7,1200.0,0,1977,0,98010,47.3492,-121.935,1910,54450
1352300990,20140826T000000,126000.0,1,1.0,610,4400,1.0,0,0,3,5,610.0,0,1922,0,98055,47.4865,-122.197,1090,4930
3904930730,20141105T000000,496600.0,3,2.5,1910,5562,2.0,0,0,3,8,1910.0,0,1988,0,98029,47.5738,-122.017,1940,4647
3878900815,20150504T000000,361000.0,3,2.25,2470,5650,1.0,0,2,3,7,1550.0,920,1973,0,98178,47.5072,-122.252,1660,5650
1136100006,20150127T000000,625000.0,2,1.5,1110,118047,1.0,0,0,3,7,1110.0,0,1961,0,98072,47.7467,-122.128,2970,43500
2461900609,20140717T000000,346100.0,3,2.5,1400,2036,2.0,0,0,3,7,1400.0,0,2003,0,98136,47.5516,-122.382,1500,2036
2426049168,20141017T000000,447450.0,3,2.25,1570,7200,2.0,0,0,3,8,1570.0,0,1991,0,98034,47.7332,-122.232,1620,7318
1223089083,20141028T000000,750000.0,3,2.75,3010,206910,2.0,0,2,3,10,3010.0,0,2001,0,98045,47.4881,-121.721,1580,120675
5230000020,20140630T000000,500000.0,4,3.0,3720,15048,3.0,0,0,3,7,3720.0,0,1979,2014,98059,47.5116,-122.144,2020,15180
3352401476,20141124T000000,199988.0,2,1.0,860,5000,1.0,0,0,3,7,860.0,0,1949,0,98178,47.5005,-122.267,1130,6000
6821101285,20140814T000000,819000.0,3,1.75,1850,6000,1.5,0,0,3,8,1650.0,200,1913,1999,98199,47.6528,-122.401,1540,6000
4141400100,20150120T000000,545000.0,4,2.25,2050,9720,2.0,0,0,3,8,2050.0,0,1967,0,98008,47.5911,-122.119,2310,9680
3883800011,20150408T000000,219900.0,3,1.0,860,10426,1.0,0,0,3,6,860.0,0,1954,0,98146,47.4987,-122.341,1140,11250
8965450110,20140912T000000,850000.0,3,2.5,3300,11570,2.0,0,0,3,9,3300.0,0,1994,0,98006,47.5599,-122.121,3280,11446
3937900120,20141006T000000,400000.0,4,3.0,1810,5012,2.0,0,0,4,7,1810.0,0,1997,0,98108,47.5691,-122.292,1670,5161
4107100190,20150324T000000,2500000.0,4,3.75,3480,14850,1.0,0,4,3,9,1870.0,1610,1951,2013,98004,47.6227,-122.216,4780,18480
7199330480,20140721T000000,361500.0,3,1.75,1070,9000,1.0,0,0,4,7,1070.0,0,1978,0,98052,47.6984,-122.132,1700,8400
2085700050,20140826T000000,420000.0,4,2.5,2480,8626,2.0,0,0,3,10,2480.0,0,2001,0,98001,47.3185,-122.262,2990,9033
7011201325,20141028T000000,1010000.0,4,2.75,2940,5400,1.5,0,2,5,8,1940.0,1000,1910,0,98119,47.6366,-122.369,1970,2008
3275850180,20140602T000000,675000.0,3,2.25,2610,9002,2.0,0,0,3,9,2610.0,0,1988,0,98052,47.6909,-122.104,2320,8306
7010701383,20141017T000000,680000.0,3,2.5,1800,4400,1.0,0,0,5,7,1350.0,450,1970,0,98199,47.6599,-122.396,1920,4400
3744000150,20140928T000000,531155.0,4,2.75,2810,5046,2.0,0,0,3,9,2810.0,0,2014,0,98038,47.3559,-122.022,3060,4934
9517200030,20140625T000000,365500.0,3,2.0,1410,9600,1.0,0,0,4,7,1410.0,0,1983,0,98072,47.7591,-122.146,1410,9600
3885806840,20150316T000000,1065000.0,3,2.75,2290,5002,2.0,0,0,4,9,1950.0,340,1995,0,98033,47.6811,-122.207,2290,5100
3650100105,20140926T000000,392500.0,2,1.0,1050,4125,1.0,0,0,4,7,1050.0,0,1909,0,98144,47.5736,-122.307,1650,4125
4154302560,20141121T000000,550000.0,3,1.5,2440,7200,1.0,0,0,3,7,2440.0,0,1949,0,98118,47.5604,-122.274,1920,6900
7200179,20141016T000000,150000.0,2,1.0,840,12750,1.0,0,0,3,6,840.0,0,1925,0,98055,47.484,-122.211,1480,6969
9211520020,20140822T000000,283748.0,3,2.25,1940,9560,2.0,0,0,3,7,1940.0,0,1989,0,98023,47.2998,-122.387,1800,9560
3172600031,20150327T000000,325000.0,3,1.5,1590,7936,1.0,0,0,3,7,1590.0,0,1956,0,98106,47.5201,-122.366,1590,7936
5029451230,20140617T000000,198000.0,3,1.5,1430,7347,1.0,0,0,3,7,820.0,610,1980,0,98023,47.2927,-122.369,1430,8723
263000050,20141031T000000,730000.0,3,2.5,2160,8809,1.0,0,0,3,9,1540.0,620,2014,0,98103,47.6994,-122.349,930,5420
4232901525,20140627T000000,665000.0,2,1.0,1110,3200,1.0,0,0,3,7,1110.0,0,1925,0,98119,47.6338,-122.358,1170,3600
5249805090,20150407T000000,705000.0,4,1.5,1780,3120,1.5,0,3,3,8,1780.0,0,1926,0,98118,47.5589,-122.264,1710,3600
2450500110,20140508T000000,780000.0,4,1.75,2480,9195,1.0,0,0,3,7,1390.0,1090,1950,0,98004,47.584,-122.195,2440,9195
6388930570,20141023T000000,515700.0,3,2.5,2180,9722,2.0,0,0,3,8,2180.0,0,1994,0,98056,47.527,-122.173,2440,9722
5451220200,20140624T000000,998000.0,4,2.25,2420,10200,2.0,0,0,4,9,2420.0,0,1973,0,98040,47.5336,-122.225,2390,10200
4040600190,20140806T000000,509500.0,5,2.25,2060,9000,1.0,0,0,4,7,1320.0,740,1961,0,98007,47.6122,-122.137,2050,8800
5300200085,20140702T000000,262000.0,5,1.0,1870,7800,1.0,0,0,3,7,1580.0,290,1962,0,98168,47.5127,-122.321,1740,7808
4310703083,20140523T000000,355000.0,3,2.0,1220,1186,3.0,0,0,3,8,1220.0,0,2007,0,98103,47.6972,-122.341,1280,1251
2817100910,20140616T000000,385000.0,3,2.0,1590,9912,2.0,0,0,3,8,1590.0,0,2000,0,98070,47.3731,-122.43,1670,9912
8653900150,20140505T000000,800000.0,3,2.5,3240,7857,2.0,0,0,3,10,3240.0,0,1994,0,98075,47.5857,-122.038,2970,7857
3395040580,20141023T000000,310000.0,3,2.25,1590,3056,2.0,0,0,3,7,1590.0,0,2001,0,98108,47.5432,-122.293,1540,2890
2591010180,20140709T000000,379000.0,3,2.5,1530,2913,2.0,0,0,4,7,1530.0,0,1986,0,98033,47.6939,-122.184,1370,3783
7511000050,20150302T000000,1100000.0,5,2.75,2890,22547,1.0,0,0,4,10,2150.0,740,1963,0,98040,47.5476,-122.219,3010,17809
8965500020,20150317T000000,780000.0,3,2.5,2110,9773,1.0,0,0,3,9,2110.0,0,1986,0,98006,47.5628,-122.115,2560,11787
2724069169,20140724T000000,499900.0,4,3.0,2180,12196,2.0,0,0,4,7,2180.0,0,1968,0,98027,47.5338,-122.033,1500,6534
5706300020,20141125T000000,473000.0,3,2.25,1620,12309,2.0,0,0,3,7,1620.0,0,1987,0,98074,47.6188,-122.029,2030,13963
3448000270,20150313T000000,398500.0,3,1.0,1200,15960,1.5,0,0,3,6,1200.0,0,1945,0,98125,47.7163,-122.299,1120,7800
809000945,20150106T000000,563000.0,6,1.0,1730,2760,1.5,0,0,3,7,1250.0,480,1918,0,98109,47.6342,-122.353,1630,3200
9161100460,20150323T000000,525000.0,2,1.0,1000,4950,1.0,0,0,3,7,800.0,200,1948,0,98116,47.5671,-122.394,1060,5500
4083306045,20141029T000000,1375000.0,5,3.75,3330,5042,2.0,0,2,3,9,2470.0,860,2014,0,98103,47.6497,-122.339,1780,3990
8019200360,20150506T000000,248500.0,2,1.0,780,10064,1.0,0,0,4,7,780.0,0,1958,0,98168,47.4913,-122.318,1090,14750
8078430360,20141216T000000,505000.0,3,2.5,1820,11012,2.0,0,0,3,8,1820.0,0,1988,0,98074,47.6358,-122.026,1860,7767
3421069049,20141021T000000,565000.0,2,1.75,1130,276170,1.0,0,0,3,8,1130.0,0,2006,0,98022,47.2673,-122.027,2092,217800
3524039228,20140723T000000,394000.0,3,2.0,1160,3441,1.0,0,0,4,6,580.0,580,1930,0,98136,47.5314,-122.392,1160,4000
3343901183,20140709T000000,340000.0,3,1.0,1600,7324,1.0,0,0,4,7,1600.0,0,1958,0,98056,47.5054,-122.19,1430,7249
826069180,20141021T000000,440000.0,4,2.75,2030,56192,1.0,0,0,3,8,1550.0,480,1979,0,98077,47.752,-122.073,2510,44866
2581900284,20140707T000000,821000.0,3,2.75,2760,8476,1.0,0,0,4,8,1690.0,1070,1967,0,98040,47.5402,-122.215,2610,9835
6893300290,20141111T000000,457000.0,3,1.75,1690,6375,1.0,0,0,3,8,1690.0,0,1903,2002,98024,47.5247,-121.926,1270,7774
3904950190,20140527T000000,500000.0,3,2.25,1760,4539,2.0,0,0,3,8,1760.0,0,1988,0,98029,47.5754,-122.013,1960,4808
7340500270,20150123T000000,560000.0,4,2.5,2940,6000,2.0,0,0,3,8,2940.0,0,2000,0,98011,47.7533,-122.198,2510,6600
822039004,20140613T000000,849900.0,2,2.0,2280,641203,2.0,0,0,3,9,2280.0,0,1990,0,98070,47.4125,-122.455,2030,224334
6145600855,20150504T000000,502000.0,4,1.75,1920,3844,1.0,0,0,3,7,1170.0,750,1967,0,98133,47.7041,-122.353,1480,3844
6821101827,20141105T000000,340000.0,2,1.75,1010,1461,1.0,0,0,3,7,670.0,340,2003,0,98199,47.6515,-122.4,1500,2499
5379800446,20150226T000000,284000.0,3,2.5,2150,9375,1.0,0,0,3,8,1550.0,600,1968,0,98188,47.4578,-122.274,1950,9100
5104530810,20140620T000000,371000.0,4,2.5,2550,4770,2.0,0,0,3,8,2550.0,0,2005,0,98038,47.3526,-122.0,2380,4590
6056111350,20150512T000000,439000.0,3,2.25,1430,2343,2.0,0,0,3,8,1430.0,0,2012,0,98108,47.5648,-122.294,1270,1916
2473002650,20150512T000000,495000.0,4,2.5,2400,11640,1.0,0,0,5,8,1800.0,600,1968,0,98058,47.4485,-122.139,2440,10823
3630200520,20150421T000000,775000.0,4,2.5,2580,5787,2.0,0,0,3,9,2580.0,0,2007,0,98029,47.5416,-121.994,2580,4410
1796360340,20140722T000000,269950.0,3,2.0,1660,8641,2.0,0,0,4,8,1660.0,0,1987,0,98042,47.3663,-122.088,1490,8641
1759701600,20140512T000000,465000.0,3,1.5,2020,11358,1.0,0,0,4,6,1190.0,830,1956,0,98033,47.6641,-122.185,2370,9520
5248800440,20150217T000000,275000.0,2,1.0,840,4000,1.0,0,0,3,6,840.0,0,1942,0,98108,47.5531,-122.307,1100,4000
7214820200,20141107T000000,614000.0,4,2.25,2880,9996,1.0,0,0,4,8,1920.0,960,1981,0,98072,47.7584,-122.143,2410,10584
7466900220,20141212T000000,170000.0,2,1.0,1300,11400,1.0,0,0,3,7,1300.0,0,1961,0,98003,47.3459,-122.299,1360,9750
2212900180,20141229T000000,220000.0,3,1.0,1230,9720,1.0,0,0,5,7,1230.0,0,1969,0,98042,47.3266,-122.138,1230,9720
1000102,20150422T000000,300000.0,6,3.0,2400,9373,2.0,0,0,3,7,2400.0,0,1991,0,98002,47.3262,-122.214,2060,7316
9378700200,20141008T000000,375000.0,5,3.0,2680,8410,2.0,0,0,3,8,1810.0,870,1990,0,98058,47.4401,-122.126,1860,8410
3582700130,20150409T000000,400000.0,4,1.75,1770,12875,1.0,0,0,3,8,1770.0,0,1988,0,98028,47.7438,-122.247,2150,12875
3859900060,20150112T000000,2750000.0,5,4.0,6300,16065,2.0,0,1,3,12,4360.0,1940,2004,0,98004,47.5922,-122.207,3260,17287
6123000090,20140908T000000,267000.0,3,1.5,1030,8223,1.0,0,0,4,7,1030.0,0,1952,0,98148,47.4282,-122.331,1460,9463
3668000810,20150116T000000,218500.0,3,1.75,1390,9328,1.0,0,0,4,7,1390.0,0,1987,0,98092,47.2766,-122.146,1550,8374
1775500362,20141013T000000,625000.0,4,2.5,2601,34335,2.0,0,0,3,9,2601.0,0,1995,0,98072,47.742,-122.087,2080,32336
8712100350,20140909T000000,1350000.0,4,3.25,3030,5164,1.5,0,0,5,9,2700.0,330,1925,0,98112,47.6394,-122.299,1890,4415
1787600165,20140623T000000,396500.0,3,1.75,2390,7149,1.0,0,0,3,8,1350.0,1040,1955,0,98125,47.7244,-122.326,1710,7402
7230400400,20140926T000000,240000.0,3,2.0,1220,17652,1.0,0,0,4,7,1220.0,0,1980,0,98059,47.4712,-122.1,1990,17652
1924059319,20150320T000000,1288000.0,5,4.0,4050,11358,2.0,0,0,4,10,2780.0,1270,1980,0,98040,47.56,-122.225,3120,13555
9376301520,20140529T000000,595000.0,3,2.0,1480,5000,1.0,0,0,4,7,750.0,730,1928,0,98117,47.6859,-122.37,1250,4000
1336800160,20140605T000000,875000.0,5,2.5,2920,5568,2.0,0,0,3,8,2320.0,600,1906,0,98112,47.6265,-122.312,2970,5568
1560920040,20140731T000000,539950.0,4,2.5,2960,37430,2.0,0,0,3,9,2960.0,0,1990,0,98038,47.3988,-122.023,2800,36384
6600790210,20140716T000000,228000.0,2,1.0,1800,9236,1.0,0,0,3,7,1800.0,0,1954,0,98030,47.3792,-122.198,1730,5701
6668900010,20141117T000000,254950.0,2,1.0,700,8100,1.0,0,0,3,6,700.0,0,1949,0,98155,47.7492,-122.311,1230,8100
4197400043,20150219T000000,330000.0,3,1.5,1690,10250,1.0,0,0,4,7,1690.0,0,1955,0,98166,47.4531,-122.344,1990,11084
2896400300,20150319T000000,435000.0,4,2.25,1780,2684,2.0,0,0,3,7,1780.0,0,2002,0,98072,47.7642,-122.149,1670,2426
4477000270,20140822T000000,565000.0,3,2.0,2730,15677,2.5,0,3,3,9,2730.0,0,1976,0,98166,47.4612,-122.365,2040,12209
5029450110,20150327T000000,215000.0,3,1.5,1410,8415,1.0,0,0,4,7,780.0,630,1982,0,98023,47.2914,-122.368,1440,7361
6154900070,20140611T000000,700000.0,3,2.75,2500,7378,1.0,0,0,5,7,1390.0,1110,1948,0,98177,47.7032,-122.37,2040,7140
8085400401,20150115T000000,1898000.0,4,4.5,4020,9656,2.0,0,0,3,10,4020.0,0,2007,0,98004,47.6358,-122.207,1960,9520
6043400006,20140729T000000,815000.0,4,1.5,2060,16110,1.0,0,0,4,8,2060.0,0,1949,0,98004,47.5983,-122.202,2060,16110
7202340450,20141123T000000,452000.0,3,2.5,1690,4000,2.0,0,0,3,7,1690.0,0,2004,0,98053,47.6788,-122.034,1690,4000
1441600160,20140723T000000,1300000.0,4,3.0,4120,14021,2.0,0,0,3,11,4120.0,0,2005,0,98075,47.5985,-122.026,4390,14684
8944600200,20140623T000000,550000.0,3,2.5,1900,3255,2.0,0,0,3,8,1900.0,0,1988,2000,98007,47.6075,-122.147,1880,3350
7169500020,20141205T000000,510000.0,2,2.25,1470,1101,2.0,0,0,3,8,1340.0,130,2005,0,98115,47.6768,-122.301,1470,1582
5104510490,20140527T000000,312900.0,4,2.5,1630,4473,2.0,0,0,3,7,1630.0,0,2003,0,98038,47.3546,-122.015,1830,5082
1972201550,20140716T000000,565000.0,4,1.0,1540,2452,1.5,0,0,4,7,1540.0,0,1906,0,98103,47.6522,-122.348,1290,3360
9828701085,20141003T000000,747000.0,3,1.75,2560,4800,1.0,0,0,3,7,1280.0,1280,1911,0,98112,47.6207,-122.295,1620,4800
8731982840,20140826T000000,414000.0,4,2.5,3490,9030,1.5,0,0,4,8,3490.0,0,1969,0,98023,47.3198,-122.386,2540,8400
8562780530,20150328T000000,338500.0,2,2.25,1150,711,2.0,0,0,3,7,1150.0,0,2013,0,98027,47.5323,-122.071,1150,748
1072030510,20140829T000000,415000.0,4,2.25,2240,12650,1.0,0,0,4,8,1730.0,510,1981,0,98059,47.4777,-122.142,2150,12650
2267000458,20150501T000000,497000.0,3,2.5,1220,1475,3.0,0,0,3,8,1220.0,0,2000,0,98117,47.6909,-122.395,1220,1546
6738700225,20140912T000000,1030000.0,4,3.25,2830,4000,2.0,0,0,3,9,1910.0,920,1912,2012,98144,47.5845,-122.291,2740,4000
739500270,20141113T000000,227950.0,3,1.5,1120,11430,1.0,0,0,4,7,1120.0,0,1963,0,98031,47.4105,-122.194,1790,8760
8567450060,20140609T000000,563500.0,4,2.5,2800,12831,2.0,0,0,3,8,2800.0,0,2001,0,98019,47.7392,-121.966,2810,10235
3826501060,20141009T000000,267000.0,3,1.75,1440,10920,1.0,0,0,4,8,1440.0,0,1977,0,98030,47.3812,-122.168,1720,8260
5202500030,20150401T000000,514000.0,3,1.5,1610,9964,1.0,0,0,3,7,1080.0,530,1977,0,98052,47.6681,-122.143,1610,9964
3630180500,20141006T000000,1150000.0,5,3.5,4350,6218,2.0,0,2,3,10,3520.0,830,2007,0,98027,47.5396,-121.997,3260,5989
4245400045,20140923T000000,234500.0,3,1.75,1310,18400,1.0,0,0,3,7,870.0,440,1954,0,98168,47.5035,-122.302,1840,10790
1324300018,20141121T000000,476000.0,2,2.25,1140,1332,3.0,0,0,3,8,1140.0,0,1999,0,98103,47.6543,-122.356,1140,1267
3889100029,20140617T000000,810000.0,3,2.5,2670,10481,2.0,0,0,3,9,2670.0,0,2003,0,98033,47.6673,-122.176,2620,8895
6865200140,20140529T000000,485000.0,4,1.0,1600,4300,1.5,0,0,4,7,,0,1916,0,98103,47.6648,-122.343,1610,4300
4077800026,20140530T000000,715000.0,4,1.75,3420,7200,1.0,0,3,5,8,1770.0,1650,1947,0,98125,47.7081,-122.277,2450,6200
6190701112,20141125T000000,396000.0,3,1.0,1980,9540,1.0,0,0,3,7,1080.0,900,1949,0,98133,47.7551,-122.353,1680,9529
1980200015,20140929T000000,695000.0,4,3.5,3530,7202,2.0,0,0,3,9,2660.0,870,2000,0,98177,47.7339,-122.36,2810,8100
3566800125,20150330T000000,425000.0,2,1.0,1250,5880,1.0,0,0,3,6,900.0,350,1948,0,98117,47.6908,-122.391,1520,5020
7003200120,20140627T000000,528000.0,2,0.75,840,40642,1.0,1,4,4,6,840.0,0,1937,0,98070,47.404,-122.447,1850,64069
3753000100,20140828T000000,399000.0,3,3.0,1520,1884,3.0,0,0,3,8,1520.0,0,2009,0,98125,47.7176,-122.284,1360,1939
1921069101,20150508T000000,399000.0,3,1.75,2170,73616,1.0,0,0,3,7,2170.0,0,2008,0,98092,47.2881,-122.086,1710,297514
7435500085,20140528T000000,380000.0,3,2.0,1660,8281,1.0,0,0,3,7,1660.0,0,1949,0,98136,47.5568,-122.382,1660,7559
6064800470,20140805T000000,310000.0,3,2.25,1960,2345,2.0,0,0,3,7,1750.0,210,2003,0,98118,47.5419,-122.288,1760,1958
853600310,20140828T000000,1610000.0,5,4.5,6085,142725,3.0,0,0,3,11,6085.0,0,2000,0,98014,47.6085,-121.952,4830,128457
2658000335,20141027T000000,275000.0,3,1.25,1230,4500,1.5,0,0,4,7,1230.0,0,1913,0,98118,47.5301,-122.271,1310,5000
1025039326,20140828T000000,921800.0,4,2.5,2950,7024,2.0,0,0,3,10,2950.0,0,2012,0,98199,47.6651,-122.403,2950,6339
844000425,20141223T000000,199999.0,3,1.0,960,10815,1.0,0,0,5,5,960.0,0,1900,0,98010,47.3091,-122.006,1330,10815
3705900124,20150220T000000,302000.0,5,1.75,2360,8642,1.5,0,0,5,7,2060.0,300,1926,0,98133,47.7617,-122.335,1950,8491
7972601030,20150420T000000,426000.0,3,1.5,1380,7200,1.0,0,0,3,7,1080.0,300,1948,0,98106,47.5292,-122.348,1220,7200
4365200630,20140716T000000,450000.0,2,2.0,1900,7740,1.0,0,0,4,7,1150.0,750,1923,0,98126,47.5227,-122.372,1140,7740
3395040440,20150327T000000,330000.0,3,2.5,1660,2890,2.0,0,0,3,7,1660.0,0,2001,0,98108,47.5434,-122.293,1540,2890
3578400910,20150316T000000,400000.0,3,2.0,1010,12252,1.0,0,0,3,8,1010.0,0,1980,0,98074,47.6224,-122.045,1840,11497
3298201290,20141224T000000,370000.0,3,1.0,940,7910,1.0,0,0,4,6,940.0,0,1959,0,98008,47.6181,-122.117,1000,7700
4178900070,20150325T000000,725000.0,4,2.5,3270,6055,2.0,0,0,3,9,3270.0,0,2007,0,98056,47.5374,-122.192,2740,7367
3126049501,20140717T000000,385000.0,3,1.5,1360,2030,3.0,0,0,3,8,1360.0,0,2008,0,98103,47.6961,-122.349,1360,1167
8651510380,20140821T000000,310000.0,3,2.0,2070,9195,1.0,0,0,3,8,1220.0,850,1982,0,98074,47.6491,-122.061,2080,9551
4139430810,20140801T000000,912000.0,3,2.5,2979,17313,2.0,0,2,3,11,2979.0,0,1993,0,98006,47.5503,-122.118,3890,14797
2205500030,20150108T000000,331500.0,4,1.75,1700,14756,1.0,0,0,3,7,850.0,850,1955,0,98006,47.5762,-122.143,1680,10250
7334401000,20150414T000000,278000.0,3,1.0,1230,9440,1.0,0,0,3,7,1230.0,0,1978,0,98045,47.4657,-121.747,1230,10296
2125049024,20140620T000000,1325000.0,4,2.25,2870,6280,1.5,0,0,4,9,1980.0,890,1905,0,98112,47.6329,-122.31,2370,4760
1895450200,20150415T000000,349000.0,4,2.5,2190,7294,2.0,0,0,3,8,2190.0,0,2003,0,98023,47.2923,-122.357,2240,7379
7853380570,20150511T000000,701000.0,4,2.5,3340,5314,2.0,0,0,3,10,3340.0,0,2010,0,98065,47.5167,-121.885,3220,5500
3425059099,20140625T000000,625000.0,5,2.5,2700,21208,1.0,0,0,4,8,1950.0,750,1955,0,98005,47.6078,-122.154,2550,20409
5701700640,20140729T000000,849000.0,3,3.0,2960,42159,2.0,0,0,3,10,2960.0,0,1995,0,98052,47.7183,-122.1,2640,25209
3317500070,20150408T000000,1135000.0,4,2.75,3840,10004,1.0,0,2,4,9,2110.0,1730,1963,0,98040,47.5606,-122.225,3500,12118
3992700130,20140708T000000,267000.0,3,1.0,1400,8100,1.5,0,0,3,6,1400.0,0,1944,0,98125,47.7124,-122.289,1420,8100
7199310170,20140616T000000,518000.0,4,2.5,1740,7500,1.0,0,0,4,7,1220.0,520,1976,0,98052,47.6927,-122.124,1790,7350
3996900460,20150403T000000,220000.0,2,1.0,770,8149,1.0,0,0,3,6,770.0,0,1948,0,98155,47.7467,-122.3,880,8149
3300700470,20140514T000000,394475.0,2,1.0,830,4000,1.0,0,0,3,6,830.0,0,1955,0,98117,47.6929,-122.379,950,4000
1687910100,20140530T000000,655000.0,4,2.25,2060,8470,1.0,0,0,3,8,1440.0,620,1983,0,98006,47.5605,-122.124,2180,8978
9407150310,20150128T000000,357000.0,4,2.5,1980,9757,2.0,0,0,5,7,1980.0,0,1995,0,98038,47.3675,-122.019,1610,6147
1424059142,20140605T000000,799000.0,4,3.5,3500,8547,2.0,0,0,3,9,2500.0,1000,1994,0,98006,47.5613,-122.126,2350,10270
6145602355,20150225T000000,325000.0,4,1.0,1640,3844,1.5,0,0,4,7,1460.0,180,1928,0,98133,47.7017,-122.354,1230,3844
3636800180,20150123T000000,782000.0,4,2.5,3510,24604,2.0,0,0,3,10,3510.0,0,1997,0,98053,47.6772,-122.056,3530,26673
3701900085,20140805T000000,169000.0,3,1.5,1570,6450,1.5,0,0,4,6,1570.0,0,1931,0,98022,47.2021,-121.996,1400,6450
2011400779,20141202T000000,385000.0,4,2.75,2960,10454,1.0,0,1,3,8,2360.0,600,1979,0,98198,47.4006,-122.322,1870,10500
739500050,20140701T000000,260000.0,3,2.25,1920,9680,1.0,0,0,4,7,1300.0,620,1961,0,98031,47.412,-122.195,1500,9516
7893200486,20150302T000000,310000.0,3,1.0,1520,6500,1.0,0,0,3,7,990.0,530,1958,0,98198,47.4164,-122.332,1500,7500
2346800461,20140613T000000,1120000.0,5,1.5,2540,6660,2.0,0,3,4,8,2340.0,200,1954,0,98136,47.5144,-122.393,2460,9000
9232400055,20140917T000000,279200.0,1,1.0,640,6350,1.0,0,0,3,5,640.0,0,1939,0,98117,47.6976,-122.359,1270,6350
9268850860,20150505T000000,715000.0,5,3.25,2710,2356,2.0,0,0,3,8,2230.0,480,2013,0,98027,47.5394,-122.028,2160,2108
9521100029,20140716T000000,716000.0,3,3.0,1660,1849,3.0,0,0,3,9,1660.0,0,2013,0,98103,47.6649,-122.353,1660,3300
4039800080,20140529T000000,1355000.0,5,3.5,5960,13703,2.0,0,2,3,10,4770.0,1190,1984,0,98008,47.6151,-122.107,2810,17320
8807300130,20141217T000000,330000.0,3,1.0,910,10240,1.0,0,0,4,6,910.0,0,1969,0,98053,47.6729,-122.064,1140,10720
7015200685,20140731T000000,749950.0,3,1.75,1800,5700,1.0,0,0,4,8,1000.0,800,1941,0,98119,47.6491,-122.367,1680,5350
3832710210,20140825T000000,268000.0,3,1.75,1480,8009,1.0,0,0,3,7,980.0,500,1980,0,98032,47.3657,-122.28,1790,7678
1604602195,20150223T000000,265000.0,5,1.75,1580,5292,1.0,0,0,3,6,980.0,600,1913,0,98118,47.5677,-122.29,1600,2976
7129800063,20150420T000000,330000.0,5,2.75,2390,6282,1.0,0,0,4,7,1290.0,1100,1966,0,98118,47.5149,-122.263,1690,5202
2759800110,20141031T000000,485000.0,3,2.5,1840,8250,1.0,0,1,3,8,1340.0,500,1958,0,98177,47.7767,-122.378,1970,7920
3223049073,20150413T000000,235000.0,2,1.0,930,10505,1.0,0,0,3,6,930.0,0,1930,0,98148,47.4337,-122.329,1520,8881
6844702290,20140527T000000,400000.0,2,1.0,1470,6120,1.0,0,0,2,7,1470.0,0,1940,0,98115,47.6914,-122.287,1840,6120
8860300300,20140902T000000,610000.0,4,2.75,2090,8400,1.0,0,0,4,8,1240.0,850,1976,0,98052,47.6872,-122.123,2340,9000
1310000130,20140924T000000,315000.0,4,2.0,2020,7767,1.0,0,0,3,8,2020.0,0,1995,0,98003,47.3391,-122.309,1940,8239
3271800910,20140701T000000,1356920.0,4,3.5,4270,5800,2.0,0,3,5,10,3170.0,1100,1937,0,98199,47.6474,-122.411,3100,5800
2919200440,20150407T000000,715000.0,4,2.5,1860,3840,1.5,0,0,3,7,1170.0,690,1928,2014,98117,47.6886,-122.359,1400,3840
8658300260,20141209T000000,361000.0,3,1.75,1150,17585,1.0,0,0,3,7,1150.0,0,1964,0,98014,47.6503,-121.908,1200,7500
7831800411,20141020T000000,250000.0,4,1.75,1510,5500,1.5,0,0,3,7,1510.0,0,1920,0,98106,47.535,-122.359,1320,6431
2810600210,20150422T000000,520000.0,3,2.0,1510,3760,1.0,0,0,5,7,930.0,580,1925,0,98136,47.5425,-122.39,1510,3760
1821059067,20140625T000000,200000.0,3,1.0,1150,4800,1.5,0,0,4,6,1150.0,0,1938,0,98002,47.3101,-122.212,1310,9510
4364700990,20141003T000000,335000.0,3,1.0,1030,7200,1.0,0,0,3,6,880.0,150,1948,0,98126,47.5255,-122.376,1030,7200
984100450,20140624T000000,295000.0,3,1.75,2000,7560,1.0,0,0,4,7,1300.0,700,1968,0,98058,47.4346,-122.171,1900,8301
3342103282,20141017T000000,825000.0,2,1.0,1240,42247,1.0,0,1,4,7,1240.0,0,1915,0,98056,47.5169,-122.201,1550,12459
8069000075,20141229T000000,790000.0,4,1.75,2460,10061,1.0,1,4,3,7,1410.0,1050,1961,0,98178,47.5105,-122.238,2300,10061
9297300055,20150124T000000,650000.0,4,3.0,2950,5000,2.0,0,3,3,9,1980.0,970,1979,0,98126,47.5714,-122.375,2140,4000
3630180240,20140711T000000,808900.0,5,2.5,2900,5901,2.0,0,0,3,9,2900.0,0,2006,0,98027,47.5396,-121.998,3200,5775
2112700845,20140528T000000,270000.0,3,1.75,1300,4127,1.0,0,0,4,6,650.0,650,1918,1953,98106,47.5353,-122.352,1420,4000
7694200350,20140820T000000,399963.0,4,2.5,2620,4050,2.0,0,0,3,8,2620.0,0,2014,0,98146,47.5017,-122.34,2030,3944
1151100010,20140515T000000,280000.0,3,1.0,1330,20562,1.5,0,0,3,5,1330.0,0,1959,0,98045,47.4807,-121.775,1350,20562
2895800750,20150417T000000,274800.0,3,1.75,1410,1988,2.0,0,0,3,8,1410.0,0,2014,0,98106,47.5171,-122.347,1410,1899
1402100070,20140801T000000,335500.0,5,3.0,2240,19090,1.0,0,0,4,8,1700.0,540,1968,0,98058,47.4416,-122.149,2280,20000
7657000085,20150202T000000,218000.0,2,1.5,2010,7755,2.0,0,0,3,7,2010.0,0,1952,0,98178,47.4947,-122.233,1360,8037
6150200180,20140721T000000,290000.0,2,1.0,850,6800,1.0,0,0,3,7,850.0,0,1948,0,98133,47.7282,-122.337,870,6800
7137960440,20141223T000000,292500.0,4,2.5,1860,8709,2.0,0,0,3,8,1860.0,0,1994,0,98092,47.3289,-122.17,1990,6825
624110810,20150325T000000,1070000.0,3,3.25,3730,13264,2.0,0,0,3,9,3730.0,0,1989,0,98077,47.7246,-122.059,3730,14933
4037200530,20150317T000000,544950.0,3,1.75,1830,7371,1.0,0,0,3,7,1830.0,0,1957,0,98008,47.6059,-122.121,1600,7700
7972601890,20141020T000000,385000.0,4,1.75,2360,7620,1.0,0,0,4,7,1180.0,1180,1955,0,98106,47.5278,-122.345,1910,7620
9285800180,20140626T000000,900000.0,4,3.5,3370,5000,2.0,0,2,3,8,2470.0,900,2008,0,98126,47.5714,-122.38,1820,5000
8832900780,20141013T000000,480000.0,5,2.0,1760,21562,1.0,0,1,3,8,1560.0,200,1959,0,98028,47.7597,-122.263,2150,12676
1498303905,20150402T000000,615000.0,4,1.5,1980,3240,1.5,0,0,4,8,1780.0,200,1930,0,98144,47.584,-122.294,2250,4000
8946700100,20141208T000000,408500.0,4,2.5,2720,7043,2.0,0,0,3,9,2720.0,0,2003,0,98092,47.3315,-122.169,2640,6958
7809200055,20140618T000000,220000.0,3,1.0,1130,12519,1.0,0,0,3,7,1130.0,0,1958,0,98056,47.4965,-122.176,1460,12507
7625701175,20141103T000000,465000.0,4,2.0,2000,6250,1.5,0,0,3,7,1480.0,520,1930,0,98136,47.5532,-122.389,1110,6250
2592400400,20141014T000000,370000.0,3,1.75,1160,8774,1.0,0,0,3,7,1160.0,0,1972,0,98034,47.7159,-122.165,1990,7908
9406530090,20141020T000000,337000.0,4,2.5,2470,5100,2.0,0,0,3,8,2470.0,0,2005,0,98038,47.3622,-122.041,2240,5123
2541100050,20140731T000000,572650.0,4,2.5,2250,11349,2.0,0,0,3,8,2250.0,0,1991,0,98034,47.7111,-122.239,2110,9964
3578600201,20140731T000000,650000.0,4,2.5,2860,5576,2.0,0,0,3,8,2860.0,0,2004,0,98028,47.745,-122.224,2290,10667
6613000375,20150317T000000,1550000.0,4,3.5,3260,5000,2.0,0,0,5,9,2630.0,630,1937,0,98105,47.6598,-122.273,2600,5000
9471201175,20140506T000000,1580000.0,4,3.25,3760,10920,1.5,0,0,5,9,2400.0,1360,1950,0,98105,47.6687,-122.264,3430,11050
3279050130,20140910T000000,419000.0,3,2.5,3310,21096,2.0,0,2,3,9,3310.0,0,2004,0,98023,47.3049,-122.386,3310,13835
923000425,20140718T000000,865000.0,5,2.5,3190,8160,2.0,0,0,3,9,3190.0,0,2014,0,98177,47.7246,-122.363,1650,8160
6003501400,20150226T000000,525000.0,3,1.0,1010,3520,1.0,0,0,3,7,1010.0,0,1902,0,98102,47.6208,-122.319,1300,1233
9117000170,20150505T000000,268643.0,4,2.25,1810,9240,2.0,0,0,3,7,1810.0,0,1961,0,98055,47.4362,-122.187,1660,9240
1245001763,20150303T000000,670000.0,4,2.5,2110,7291,2.0,0,0,4,7,2110.0,0,1977,0,98033,47.6888,-122.201,2350,8625
4139480200,20140618T000000,1384000.0,4,3.25,4290,12103,1.0,0,3,3,11,2690.0,1600,1997,0,98006,47.5503,-122.102,3860,11244
8732300430,20140620T000000,885000.0,3,2.25,2060,9552,1.0,0,0,4,9,1610.0,450,1975,0,98040,47.5402,-122.231,2930,11212
3211240320,20140612T000000,489950.0,4,2.25,2640,31941,1.0,0,0,4,9,2640.0,0,1986,0,98092,47.3099,-122.116,2780,35365
1085623740,20140812T000000,491000.0,5,3.5,2815,4900,2.0,0,0,3,9,2815.0,0,2011,0,98030,47.3424,-122.179,2798,4900
9510300130,20140628T000000,598000.0,4,2.5,3130,40918,2.0,0,0,3,9,3130.0,0,1994,0,98045,47.4761,-121.723,2760,35440
9211010320,20140709T000000,538000.0,3,2.5,3010,7014,2.0,0,0,3,8,3010.0,0,2009,0,98059,47.4949,-122.149,3030,6180
1150900080,20150427T000000,846450.0,4,2.5,3710,7491,2.0,0,0,3,9,3710.0,0,2003,0,98029,47.5596,-122.016,3040,7491
192600100,20140626T000000,440000.0,4,2.5,2160,7826,1.0,0,0,4,7,1390.0,770,1976,0,98155,47.7754,-122.276,2190,9900
7504000290,20140522T000000,635700.0,4,2.5,3240,13978,1.0,0,0,3,9,1860.0,1380,1977,0,98074,47.6298,-122.057,3150,12767
3303850330,20141216T000000,1900000.0,4,3.25,5080,27755,2.0,0,0,3,11,5080.0,0,2001,0,98006,47.5423,-122.111,4730,22326
4036800805,20140513T000000,523000.0,3,1.5,1240,7735,1.0,0,0,4,7,1240.0,0,1957,0,98008,47.601,-122.122,1260,7500
1760650820,20150428T000000,290000.0,3,2.25,1610,3764,2.0,0,0,3,7,1610.0,0,2012,0,98042,47.3589,-122.083,1610,3825
301400850,20150220T000000,260000.0,3,2.25,1489,2800,2.0,0,0,3,7,1489.0,0,2011,0,98002,47.3452,-122.215,1584,3200
2190600243,20141118T000000,210000.0,3,1.5,1400,9600,1.0,0,0,4,7,1400.0,0,1964,0,98003,47.2878,-122.297,2210,15000
2473101070,20150227T000000,315000.0,3,2.0,1500,7828,1.0,0,0,4,7,1500.0,0,1967,0,98058,47.4484,-122.158,1500,7700
7202330610,20140721T000000,528000.0,3,2.5,2020,5613,2.0,0,0,3,7,2020.0,0,2003,0,98053,47.6835,-122.035,2020,4609
9412200730,20150224T000000,369300.0,3,1.5,1480,21320,1.0,0,0,4,7,1480.0,0,1967,0,98027,47.5234,-122.043,1850,17825
2022059308,20150505T000000,353000.0,3,2.0,1678,13862,1.0,0,0,3,7,1678.0,0,1994,0,98030,47.3744,-122.19,1550,11753
1115100119,20141208T000000,360000.0,4,2.0,1920,7803,1.0,0,0,3,7,1080.0,840,1962,0,98155,47.758,-122.325,1940,8147
3585900460,20150501T000000,1058800.0,6,2.75,2980,20000,1.0,0,4,3,8,2130.0,850,1965,0,98177,47.7599,-122.375,2730,20000
6118600045,20140825T000000,350000.0,4,2.0,2060,13400,1.0,0,2,4,8,2060.0,0,1957,0,98166,47.4404,-122.34,1950,10370
2821049048,20140603T000000,590000.0,4,4.25,2360,57514,2.0,0,0,4,8,2360.0,0,1939,1987,98003,47.2843,-122.294,2037,35733
1022059082,20140508T000000,307000.0,3,1.75,1890,13860,1.0,0,0,5,7,1890.0,0,1966,0,98042,47.4156,-122.149,1500,14536
9269260240,20150424T000000,501000.0,4,2.25,2680,5439,2.0,0,0,3,7,2680.0,0,2000,0,98011,47.7534,-122.218,2460,4473
7955040080,20141104T000000,665000.0,5,2.75,2330,8000,1.0,0,0,4,7,1550.0,780,1972,0,98052,47.6651,-122.144,1750,8419
5452800800,20140613T000000,890000.0,4,2.25,2770,13500,2.0,0,0,3,8,2770.0,0,1974,0,98040,47.543,-122.231,2300,13500
5530000030,20150126T000000,233000.0,4,2.0,2130,9579,1.0,0,0,4,7,1250.0,880,1968,0,98001,47.3069,-122.271,1590,9800
2424039036,20140822T000000,282000.0,3,2.25,1260,915,2.0,0,0,3,8,1020.0,240,2007,0,98106,47.555,-122.363,1260,1056
1776460140,20140724T000000,395000.0,3,2.5,2130,5088,2.0,0,0,3,8,1840.0,290,2011,0,98019,47.7329,-121.976,2130,5762
2482410130,20140610T000000,335000.0,3,1.75,2430,9133,1.0,0,0,4,7,1410.0,1020,1978,0,98059,47.5116,-122.157,1980,9592
8813400345,20150414T000000,575000.0,2,1.0,980,3663,1.0,0,0,5,7,980.0,0,1909,0,98105,47.6645,-122.288,1620,3706
1137300900,20140605T000000,749950.0,4,2.75,3110,35235,2.0,0,0,4,9,3110.0,0,1983,0,98072,47.7355,-122.095,2790,35445
5149300200,20140902T000000,316500.0,3,1.75,1600,14250,1.0,0,0,3,7,1070.0,530,1979,0,98023,47.3272,-122.355,2140,14960
4385701285,20141223T000000,1272000.0,4,3.25,3020,4000,1.5,0,0,5,8,1920.0,1100,1927,0,98112,47.6395,-122.279,2400,4000
3575302562,20141113T000000,356000.0,3,1.5,1140,7500,1.0,0,0,3,7,1140.0,0,1976,0,98074,47.619,-122.064,1380,7500
3342700465,20150123T000000,250000.0,3,1.5,2840,10182,1.0,0,0,3,8,1510.0,1330,1951,0,98056,47.524,-122.2,2210,9669
3500100047,20141008T000000,275400.0,2,1.0,890,8180,1.0,0,0,3,7,890.0,0,1947,0,98155,47.737,-122.3,1130,8180
1646502165,20140813T000000,480000.0,2,1.75,1170,4635,1.0,0,0,4,6,690.0,480,1924,0,98117,47.6842,-122.359,1240,4120
1695900060,20150511T000000,535000.0,4,1.0,1610,2982,1.5,0,0,4,7,1610.0,0,1925,0,98144,47.587,-122.294,1610,4040
8857600680,20150313T000000,285900.0,5,1.5,1690,7725,1.5,0,0,4,7,1690.0,0,1961,0,98032,47.3859,-122.288,1690,7739
7135500120,20140519T000000,572500.0,3,2.25,2030,9791,1.0,0,0,4,8,1500.0,530,1984,0,98059,47.534,-122.161,2030,11031
6844701680,20150325T000000,455000.0,2,1.5,1260,5100,1.0,0,0,3,7,1260.0,0,1941,0,98115,47.6914,-122.288,1640,5100
7972600670,20140624T000000,339000.0,4,2.0,2470,5080,1.5,0,0,3,6,1970.0,500,1948,1988,98106,47.5308,-122.348,1060,5080
3221069035,20140620T000000,400000.0,4,1.75,2670,189486,2.0,0,4,3,8,2670.0,0,1972,0,98092,47.2585,-122.061,2190,218610
4036801315,20141104T000000,425000.0,4,1.5,1620,7875,1.0,0,0,3,7,1620.0,0,1956,0,98008,47.6041,-122.126,1890,8400
1233100321,20150327T000000,817250.0,3,2.5,2980,7202,2.0,0,0,3,8,2980.0,0,1999,0,98033,47.6769,-122.177,2430,7280
519000043,20140714T000000,602000.0,3,2.5,1640,3804,2.0,0,0,3,8,1640.0,0,1998,0,98122,47.6103,-122.3,1440,3230
1232002015,20140605T000000,466500.0,3,1.0,1430,3840,1.0,0,0,3,7,950.0,480,1945,0,98117,47.6847,-122.381,1430,3840
5468780250,20140508T000000,325900.0,4,2.5,2320,6270,2.0,0,0,3,8,2320.0,0,2004,0,98042,47.3501,-122.14,2150,6270
9269750220,20141223T000000,252000.0,3,1.75,2050,11313,1.0,0,0,3,7,1520.0,530,1987,0,98023,47.2837,-122.358,1620,8065
2769600305,20150115T000000,715000.0,6,2.75,3400,5000,2.0,0,2,3,8,2860.0,540,1977,0,98107,47.6728,-122.362,1800,5000
2211300260,20150313T000000,367000.0,3,2.5,2828,4050,2.0,0,0,3,8,2828.0,0,2013,0,98030,47.382,-122.197,2513,4507
1089700010,20141008T000000,540000.0,4,2.5,2329,9436,2.0,0,0,3,9,2329.0,0,1995,0,98011,47.7366,-122.204,2660,10252
524069020,20150422T000000,1050000.0,4,4.0,4550,54013,1.0,0,1,4,9,2300.0,2250,1989,0,98075,47.5964,-122.077,3540,39634
1938400010,20141217T000000,244000.0,3,1.75,1500,7475,1.0,0,0,4,8,1500.0,0,1976,0,98023,47.3155,-122.365,1940,7475
3175200220,20150113T000000,410000.0,3,2.5,2150,4332,2.0,0,0,3,8,2150.0,0,2013,0,98019,47.7373,-121.969,2140,4332
968000120,20141112T000000,395000.0,3,2.0,1470,10125,1.0,0,0,4,7,1470.0,0,1962,0,98011,47.7751,-122.222,1440,10125
3362400432,20140611T000000,547500.0,3,3.5,1650,2262,3.0,0,0,3,8,1650.0,0,2010,0,98103,47.6823,-122.347,1620,3166
2309000060,20140818T000000,641000.0,4,3.25,2760,4104,2.0,0,0,3,8,1900.0,860,2014,0,98056,47.5286,-122.187,2760,5186
4335000145,20140813T000000,368000.0,3,1.75,1750,14400,1.0,0,0,4,7,1750.0,0,1951,0,98166,47.4535,-122.361,2030,14400
7399000360,20150513T000000,330000.0,4,1.75,1720,8300,1.0,0,0,4,8,1720.0,0,1965,0,98055,47.4654,-122.194,1840,8300
7697870350,20140617T000000,259000.0,3,2.0,1870,5909,1.0,0,0,3,7,1270.0,600,1986,0,98030,47.3665,-122.183,1870,7887
1328320350,20141202T000000,387500.0,4,2.5,3190,9856,2.0,0,0,3,8,3190.0,0,1979,0,98058,47.4445,-122.126,2260,7996
2044500142,20140902T000000,420000.0,3,1.75,1770,6000,1.0,0,0,3,7,1130.0,640,1952,0,98125,47.7135,-122.315,1900,7200
2222059154,20140813T000000,407000.0,4,2.5,2927,6000,2.0,0,0,3,7,2927.0,0,2011,0,98042,47.3737,-122.16,2533,6000
8155500110,20150429T000000,754000.0,5,1.75,2350,7800,1.0,0,0,4,8,1510.0,840,1968,0,98008,47.6225,-122.107,2220,8400
1771110720,20140521T000000,330000.0,3,1.0,1250,9126,1.0,0,0,3,7,1250.0,0,1969,0,98077,47.7554,-122.076,1440,10620
1997200215,20140507T000000,599999.0,9,4.5,3830,6988,2.5,0,0,3,7,2450.0,1380,1938,0,98103,47.6927,-122.338,1460,6291
8556800100,20150121T000000,535000.0,4,2.5,2880,23994,2.0,0,3,3,9,2880.0,0,2002,0,98022,47.2124,-122.005,2470,17009
2522029039,20140929T000000,550000.0,3,2.0,3650,843309,2.0,0,0,4,7,3650.0,0,1991,0,98070,47.3627,-122.496,1870,273992
4137000540,20150122T000000,329950.0,4,2.25,2140,8874,2.0,0,0,3,8,2140.0,0,1986,0,98092,47.2654,-122.217,2140,8789
7853350220,20150324T000000,605000.0,3,2.75,2450,5750,2.0,0,0,3,9,2450.0,0,2013,0,98065,47.5439,-121.862,3200,8036
1865000110,20140929T000000,365000.0,4,2.5,2540,6688,2.0,0,0,3,9,2540.0,0,2002,0,98092,47.3314,-122.18,2810,6776
7855600820,20140904T000000,802000.0,4,2.25,2130,8734,2.0,0,2,4,8,2130.0,0,1961,0,98006,47.5672,-122.161,2550,8800
1036000080,20141009T000000,525000.0,3,1.75,1970,8000,1.0,0,0,4,8,1970.0,0,1968,0,98052,47.6324,-122.1,1910,8000
4356200120,20141023T000000,248000.0,1,1.0,790,12000,1.0,0,0,3,6,790.0,0,1918,0,98118,47.5146,-122.265,1900,6000
4037200075,20140911T000000,662500.0,6,2.25,2450,25600,1.0,0,2,3,7,1340.0,1110,1957,0,98008,47.6061,-122.117,1850,10230
1853200190,20141103T000000,612000.0,4,2.5,2670,5974,2.0,0,0,3,8,2670.0,0,1999,0,98034,47.7122,-122.231,2140,5729
2887700875,20140723T000000,344000.0,2,1.0,1060,3325,1.5,0,0,4,6,770.0,290,1932,0,98115,47.6896,-122.307,1820,4275
8712100435,20141110T000000,1197000.0,4,2.5,3940,4407,2.0,0,0,4,8,2620.0,1320,1921,0,98112,47.6374,-122.299,1790,4407
1389310130,20141212T000000,330000.0,3,2.5,1676,18778,2.0,0,0,3,7,1676.0,0,1997,0,98014,47.6521,-121.905,1410,18778
8122600020,20140521T000000,200000.0,4,1.0,1310,5200,1.5,0,0,3,6,1160.0,150,1945,0,98126,47.5384,-122.37,1090,5180
9578060370,20150408T000000,530000.0,4,3.0,2290,5105,2.0,0,0,3,8,2290.0,0,2012,0,98028,47.7727,-122.237,2450,5105
5230300280,20140515T000000,270000.0,3,1.0,1010,9514,1.0,0,0,3,7,1010.0,0,1969,0,98059,47.4936,-122.105,1010,9514
9471200065,20141015T000000,1855000.0,5,3.25,5570,9600,2.0,0,0,5,9,3860.0,1710,1952,0,98105,47.6708,-122.262,3170,10400
3277801586,20150508T000000,380000.0,3,2.25,1520,1464,2.0,0,0,3,8,1240.0,280,2010,0,98126,47.543,-122.375,1710,1464
8665050220,20141021T000000,459000.0,3,2.5,1780,4000,2.0,0,0,4,8,1780.0,0,1995,0,98029,47.5677,-122.003,1730,4000
5152700120,20150318T000000,452000.0,5,2.5,5067,13315,1.0,0,2,3,9,3154.0,1913,1968,0,98003,47.3391,-122.325,2860,13957
6414600051,20150303T000000,425000.0,2,1.0,1160,17700,1.0,0,0,3,7,1160.0,0,1947,0,98133,47.7244,-122.331,1440,9000
2722059215,20140603T000000,239000.0,3,1.75,1340,16480,1.0,0,0,4,7,1340.0,0,1968,0,98042,47.364,-122.162,1520,10451
325059131,20141013T000000,390000.0,4,1.5,1940,12100,1.0,0,0,3,7,1940.0,0,1962,0,98033,47.6892,-122.164,1380,12100
5112800233,20140909T000000,289000.0,3,1.5,1970,22486,1.0,0,0,4,6,1970.0,0,1968,0,98058,47.4511,-122.089,1850,20160
9545260100,20140625T000000,740000.0,4,2.5,3000,10392,2.0,0,0,3,9,3000.0,0,1995,0,98027,47.535,-122.049,3140,9213
6705120280,20150331T000000,428000.0,2,2.5,1414,1960,2.0,0,0,3,8,1414.0,0,1986,0,98006,47.5423,-122.189,1414,2511
6918700320,20150306T000000,685000.0,5,2.5,1900,7843,2.0,0,0,5,7,1900.0,0,1966,0,98008,47.6273,-122.123,1900,7350
7100000120,20140818T000000,474900.0,3,1.0,1630,8308,1.5,0,0,3,7,1630.0,0,1948,0,98146,47.5075,-122.378,1170,8308
3438502715,20140730T000000,385000.0,4,3.0,2090,5102,1.0,0,0,3,7,1350.0,740,1994,0,98106,47.5427,-122.356,2090,5102
6632300477,20141006T000000,324950.0,3,1.0,1040,7288,1.0,0,0,3,7,1040.0,0,1959,0,98125,47.7287,-122.311,1160,7287
3303950080,20141103T000000,292000.0,3,2.5,1950,7421,2.0,0,0,3,8,1950.0,0,1996,0,98038,47.3842,-122.036,2200,4668
8161000220,20141227T000000,350000.0,3,2.5,1860,21876,2.0,0,0,3,8,1860.0,0,1992,0,98014,47.6455,-121.901,2450,21876
1432400120,20141111T000000,165000.0,3,1.0,1010,7690,1.0,0,0,4,6,1010.0,0,1958,0,98058,47.4501,-122.176,1010,7619
5272200035,20140903T000000,390000.0,3,1.0,1000,6947,1.0,0,0,3,7,1000.0,0,1947,0,98125,47.7142,-122.319,1000,6947
9407110710,20150226T000000,322000.0,3,1.75,1510,8400,1.0,0,0,2,7,980.0,530,1979,0,98045,47.4476,-121.771,1500,10125
3744600704,20150224T000000,270000.0,4,1.5,1730,8505,1.5,0,0,4,7,1730.0,0,1961,0,98146,47.4905,-122.347,1510,8505
889000015,20141103T000000,599000.0,3,1.75,1650,1180,3.0,0,0,3,8,1650.0,0,2014,0,98105,47.6638,-122.319,1650,1960
3395070560,20150120T000000,440000.0,5,3.25,2610,3642,2.0,0,0,3,8,2080.0,530,2005,0,98118,47.535,-122.284,1750,3118
9429400170,20140625T000000,309620.0,3,2.5,1860,3730,2.0,0,0,3,8,1860.0,0,2012,0,98019,47.7442,-121.984,2110,4509
1445500010,20150113T000000,855000.0,4,2.25,2480,36974,2.0,0,0,4,9,2480.0,0,1973,0,98005,47.6441,-122.154,3160,35070
1823049179,20150121T000000,385000.0,4,2.0,2340,9716,1.0,0,0,3,7,2340.0,0,2009,0,98146,47.4842,-122.347,1180,13500
5535600640,20140912T000000,489950.0,3,2.5,2400,7478,2.0,0,0,3,9,2400.0,0,2002,0,98019,47.7362,-121.974,2980,8182
3971700390,20150406T000000,368888.0,3,1.5,1490,12186,1.0,0,0,4,7,1490.0,0,1950,0,98155,47.7739,-122.322,1180,14285
3670500605,20140908T000000,200000.0,3,1.0,1010,8108,1.0,0,0,3,7,1010.0,0,1955,0,98155,47.735,-122.309,1110,8108
2215902010,20140507T000000,275000.0,3,2.5,1600,7000,2.0,0,0,4,8,1600.0,0,1993,0,98038,47.3534,-122.057,1700,7000
7338001190,20141017T000000,215000.0,3,1.5,1280,5065,2.0,0,0,4,6,1280.0,0,1983,0,98002,47.3343,-122.217,1070,4491
952006728,20140613T000000,330000.0,3,2.5,1070,1155,2.0,0,0,3,7,720.0,350,2005,0,98102,47.5617,-122.385,1120,2594
1323059098,20150402T000000,315000.0,3,2.0,1220,14645,1.0,0,0,3,6,1220.0,0,1970,0,98059,47.4842,-122.117,1980,24960
9522400350,20141008T000000,500000.0,4,2.25,2490,23478,2.0,0,0,3,8,2490.0,0,1981,0,98072,47.7547,-122.094,2030,12611
6635000110,20150331T000000,650000.0,3,2.5,2380,3332,2.0,0,0,3,9,2380.0,0,2014,0,98034,47.7194,-122.199,2590,4382
179000350,20141105T000000,194000.0,3,1.5,1010,5000,1.0,0,0,3,6,1010.0,0,1943,0,98178,47.4925,-122.278,980,5000
1901600090,20150426T000000,390000.0,5,1.75,1940,6654,1.5,0,0,4,7,1940.0,0,1953,0,98166,47.4663,-122.359,2300,9500
4345000090,20141105T000000,239000.0,3,2.5,1360,5754,2.0,0,0,3,7,1360.0,0,1994,0,98030,47.3645,-122.183,1360,7050
6661200050,20140528T000000,175000.0,2,1.0,830,2699,1.0,0,0,3,7,830.0,0,1996,0,98038,47.3839,-122.038,1030,3574
921059132,20140813T000000,350000.0,3,2.0,1680,81893,1.0,0,0,3,7,1680.0,0,1991,0,98092,47.3248,-122.179,2480,38637
925069134,20140910T000000,870000.0,4,2.0,3090,41147,1.0,0,0,3,7,3090.0,0,1990,0,98052,47.6748,-122.049,3300,34280
1442880570,20140821T000000,505657.0,4,2.75,2790,8092,2.0,0,0,3,8,2790.0,0,2013,0,98045,47.4834,-121.773,2790,6154
8651510610,20140626T000000,475580.0,3,1.75,1520,11085,1.0,0,0,3,8,1520.0,0,1983,0,98074,47.646,-122.068,2310,9647
7960100050,20150415T000000,590000.0,3,2.0,1860,3600,1.5,0,0,3,7,1110.0,750,1915,0,98122,47.6102,-122.296,1680,3695
7640400106,20140911T000000,438400.0,2,1.0,1340,8100,1.0,0,0,4,7,1340.0,0,1953,0,98177,47.7218,-122.37,1700,8100
2473450430,20140527T000000,399000.0,4,2.5,2870,9292,2.0,0,0,3,8,2540.0,330,1979,0,98058,47.4522,-122.123,2590,7533
869700050,20150120T000000,316000.0,3,2.5,1490,4078,2.0,0,0,3,8,1490.0,0,1998,0,98059,47.4915,-122.155,1310,2767
1917300025,20150127T000000,122000.0,2,1.0,860,6000,1.0,0,0,3,6,860.0,0,1945,0,98022,47.2109,-121.985,1300,6000
6071800310,20140619T000000,558000.0,4,2.25,2060,10358,1.0,0,0,4,8,1320.0,740,1962,0,98006,47.5478,-122.174,2060,9676
3353400120,20140701T000000,174000.0,2,1.0,900,13531,1.0,0,0,3,6,900.0,0,1979,0,98001,47.2616,-122.251,1767,8308
1566100555,20150501T000000,721000.0,4,2.0,2280,8339,1.0,0,0,4,7,1220.0,1060,1954,0,98115,47.6986,-122.297,1970,8340
263000329,20141008T000000,349950.0,3,2.5,1420,1162,3.0,0,0,3,8,1420.0,0,2002,0,98103,47.6982,-122.349,1430,1560
3260000570,20150210T000000,735000.0,4,3.0,2250,7245,1.0,0,0,4,7,1250.0,1000,1963,0,98005,47.6045,-122.169,1960,7245
526059199,20141022T000000,398000.0,3,1.75,1890,16001,1.5,0,0,4,7,1890.0,0,1950,0,98011,47.7663,-122.201,1820,11450
2112700280,20140811T000000,295000.0,3,1.75,1440,4000,1.0,0,0,4,7,1050.0,390,1979,0,98106,47.5329,-122.354,1560,4000
1224069074,20140806T000000,925000.0,4,2.5,3300,101930,2.0,0,0,4,10,3300.0,0,1991,0,98029,47.576,-121.976,2880,213879
923000265,20140806T000000,350000.0,2,1.0,1430,8157,1.5,0,0,3,7,1150.0,280,1944,0,98177,47.7256,-122.361,1820,8157
4442800012,20141218T000000,465000.0,3,2.5,1600,1311,3.0,0,0,3,8,1600.0,0,2005,0,98117,47.6903,-122.394,1390,1321
4139420370,20140811T000000,1760000.0,4,5.0,6055,21630,1.0,0,3,4,12,3555.0,2500,1996,0,98006,47.5524,-122.112,4890,19223
5499700045,20141030T000000,679000.0,3,2.5,1780,4320,2.0,0,0,4,8,1780.0,0,1930,1986,98115,47.6809,-122.293,1690,4952
825059270,20141121T000000,1095000.0,5,3.0,4090,12850,1.0,0,2,4,10,2090.0,2000,1986,0,98033,47.6627,-122.188,2540,10270
3271800850,20140806T000000,765000.0,3,1.75,2440,5800,1.0,0,3,4,8,1320.0,1120,1945,0,98199,47.6474,-122.412,2530,5800
3121500150,20150423T000000,894000.0,4,2.5,3800,22029,2.0,0,0,3,9,3800.0,0,1993,0,98053,47.6734,-122.026,3170,24979
6137610620,20140808T000000,500000.0,4,2.5,2590,9354,2.0,0,0,4,9,2590.0,0,1993,0,98011,47.7703,-122.193,2730,9264
203600140,20150324T000000,595000.0,3,2.75,2150,31238,2.0,0,0,3,9,2150.0,0,1996,0,98014,47.6596,-121.96,2650,38307
3955900830,20150427T000000,467000.0,3,2.5,3460,6590,2.0,0,0,3,7,3460.0,0,2001,0,98056,47.4802,-122.188,2490,6312
1189000225,20150402T000000,420000.0,2,1.75,1200,3136,1.0,0,0,3,7,800.0,400,1904,2005,98122,47.6132,-122.297,1330,3164
7491010060,20141022T000000,730000.0,4,3.5,3370,5638,2.0,0,0,3,10,2250.0,1120,2001,0,98034,47.7196,-122.223,3080,7200
3294700101,20140909T000000,295000.0,2,1.75,1050,6500,1.5,0,2,4,6,1050.0,0,1925,0,98055,47.4727,-122.2,1320,10075
7227501745,20150325T000000,368000.0,4,2.0,3160,11193,1.0,0,0,5,6,2410.0,750,1942,0,98056,47.4937,-122.184,1020,5940
2770604665,20150202T000000,612125.0,2,1.5,1670,6000,1.0,0,0,3,7,1090.0,580,1950,0,98119,47.6517,-122.374,1670,6000
191100435,20140926T000000,1600000.0,5,3.75,3570,10125,2.0,0,0,3,10,3570.0,0,2014,0,98040,47.5639,-122.223,1760,10125
9551201155,20140728T000000,925000.0,3,3.25,2610,4500,1.5,0,0,4,9,1660.0,950,1909,0,98103,47.6701,-122.339,2110,4500
2768200090,20150317T000000,890000.0,6,3.75,2770,5000,1.0,0,0,3,8,1870.0,900,1969,0,98107,47.669,-122.365,1570,2108
6072700110,20140520T000000,615000.0,4,2.75,2820,13193,1.0,0,0,3,8,1860.0,960,1965,0,98006,47.5579,-122.174,2580,13193
9523100459,20140609T000000,552000.0,2,2.5,1380,951,3.0,0,0,3,9,1380.0,0,2006,0,98103,47.6654,-122.355,1430,3400
7708210070,20140617T000000,535000.0,4,2.75,3070,7201,2.0,0,0,3,9,3070.0,0,2006,0,98059,47.4897,-122.147,2880,8364
8562901910,20140730T000000,815000.0,3,2.5,2590,21494,2.0,0,0,4,8,2590.0,0,1991,0,98074,47.6139,-122.061,2590,10720
1338300180,20140729T000000,1395710.0,4,2.25,3960,8640,2.0,0,2,3,9,2630.0,1330,1925,0,98112,47.6317,-122.304,3850,8640
5127001170,20140528T000000,266200.0,3,1.5,1430,9600,1.0,0,0,4,7,1430.0,0,1966,0,98059,47.4737,-122.15,1590,10240
2705600067,20150323T000000,539950.0,3,2.5,1330,2183,3.0,0,0,3,8,1330.0,0,2014,0,98117,47.6987,-122.365,1310,5000
1155640050,20140826T000000,430000.0,4,1.75,1710,7724,1.0,0,0,3,8,1710.0,0,1983,0,98155,47.7721,-122.293,1940,7724
2323089065,20141217T000000,800000.0,4,2.75,4600,322188,1.0,0,4,3,10,2400.0,2200,1989,0,98045,47.4626,-121.739,3740,114562
2407900200,20150409T000000,530000.0,4,2.5,2950,4836,2.0,0,0,3,7,2950.0,0,2006,0,98059,47.479,-122.129,2120,4750
2568800290,20150218T000000,425000.0,3,1.0,1180,8400,1.0,0,0,3,7,1180.0,0,1951,0,98125,47.7028,-122.295,1740,7020
7955040160,20141016T000000,495000.0,3,2.0,1460,9759,1.0,0,0,5,7,1460.0,0,1972,0,98052,47.6644,-122.144,1620,8421
9285800590,20150309T000000,565000.0,3,1.0,1610,4108,1.5,0,0,5,7,1610.0,0,1928,0,98126,47.5704,-122.376,1680,4467
3023000200,20150505T000000,380000.0,4,2.5,2110,5306,2.0,0,0,3,8,2110.0,0,2012,0,98038,47.356,-122.057,2250,5306
9828201745,20150504T000000,615000.0,2,1.5,880,2400,1.5,0,0,3,7,880.0,0,1929,0,98122,47.6144,-122.295,1220,4440
7631800110,20140918T000000,380000.0,3,2.5,1980,17342,2.0,1,4,3,10,1580.0,400,1984,0,98166,47.4551,-122.373,2060,17313
5152600090,20140708T000000,235500.0,5,2.5,2340,13713,1.0,0,0,2,8,1670.0,670,1967,0,98003,47.3307,-122.324,2080,11000
3751605432,20140513T000000,239950.0,3,1.0,1900,33888,1.5,0,0,4,5,1900.0,0,1942,0,98001,47.2738,-122.271,1430,19200
3249500020,20150406T000000,625000.0,3,2.5,2750,35000,2.0,0,0,3,9,2750.0,0,1993,0,98077,47.75,-122.024,2780,35862
9510920040,20150305T000000,780000.0,3,2.5,2940,15875,2.0,0,0,3,10,2940.0,0,1994,0,98075,47.5947,-122.016,2980,15875
6918700130,20140811T000000,749000.0,3,2.5,3380,7126,2.0,0,0,3,8,3380.0,0,1965,2003,98008,47.6276,-122.122,1810,7308
7852160070,20150105T000000,937500.0,5,3.75,4210,14599,2.0,0,3,3,10,4210.0,0,2004,0,98065,47.5364,-121.858,3950,13591
7205500120,20150423T000000,280400.0,4,1.75,1730,7210,1.0,0,0,4,7,1010.0,720,1968,0,98003,47.354,-122.315,1620,7210
7600125,20141218T000000,630000.0,5,1.0,3020,4800,2.0,0,0,3,7,3020.0,0,1901,0,98122,47.6025,-122.313,1350,1307
4217400590,20141118T000000,589000.0,3,1.5,1390,5040,1.0,0,0,3,7,1090.0,300,1947,0,98105,47.6611,-122.282,1910,4800
2021069059,20140626T000000,254600.0,3,2.0,1470,20000,1.0,0,0,4,7,1470.0,0,1968,0,98002,47.2973,-122.08,1390,30056
2619600010,20140513T000000,635000.0,4,1.75,1950,13320,1.0,0,0,4,8,1370.0,580,1969,0,98007,47.6196,-122.139,2120,12051
9144300120,20150128T000000,374500.0,3,1.0,960,9531,1.0,0,0,5,7,960.0,0,1969,0,98072,47.7619,-122.162,1670,9250
1432600415,20140919T000000,215000.0,3,1.0,1150,7560,1.0,0,0,4,6,1150.0,0,1958,0,98058,47.4613,-122.184,1230,7560
985000900,20141105T000000,198500.0,3,1.75,1520,7137,1.0,0,0,3,5,1520.0,0,1932,0,98168,47.4924,-122.311,1240,8602
7861300140,20140616T000000,353500.0,4,2.25,1760,9602,2.0,0,0,3,7,1760.0,0,1987,0,98058,47.4248,-122.158,1860,9656
6372000060,20140523T000000,662990.0,3,1.75,1240,3600,1.5,0,0,5,7,1240.0,0,1926,0,98116,47.5797,-122.405,1660,3600
4322200050,20141217T000000,340000.0,3,2.0,1870,3378,1.0,0,0,3,7,1120.0,750,1913,0,98136,47.5371,-122.393,1870,1872
7805450750,20150120T000000,864000.0,3,2.75,3060,13554,2.0,0,0,3,10,3060.0,0,1984,0,98006,47.5609,-122.106,3060,11455
6852700279,20140619T000000,475000.0,3,2.5,950,1110,2.0,0,0,3,8,950.0,0,2003,0,98102,47.6226,-122.319,1230,1215
9407001700,20140819T000000,255000.0,2,1.0,960,20954,1.0,0,0,3,7,960.0,0,1977,0,98045,47.4485,-121.774,1240,9752
5103300020,20141020T000000,765000.0,4,2.5,4040,25752,2.0,0,0,3,10,4040.0,0,2000,0,98038,47.4579,-122.068,3230,22247
9412400185,20140619T000000,1309500.0,4,4.5,4750,13912,2.0,0,2,3,10,3600.0,1150,2005,0,98118,47.5332,-122.265,3600,22124
6815100370,20141030T000000,845000.0,4,3.0,2390,4000,1.5,0,0,5,8,1460.0,930,1931,0,98103,47.6857,-122.331,1670,4000
6303400460,20150330T000000,197000.0,2,1.0,770,8636,1.0,0,0,2,6,770.0,0,1951,0,98146,47.5075,-122.358,1110,8636
8820903380,20140728T000000,452000.0,6,2.25,2660,13579,2.0,0,0,3,7,2660.0,0,1937,1990,98125,47.7142,-122.286,1120,8242
8078430030,20140716T000000,560000.0,3,2.5,1960,9686,1.0,0,0,3,8,1460.0,500,1989,0,98074,47.6339,-122.026,1960,8254
8651442910,20150325T000000,247500.0,4,2.0,1710,5200,1.0,0,0,4,7,910.0,800,1977,0,98042,47.3634,-122.09,1560,5200
9829200580,20140917T000000,990000.0,3,2.75,2500,6350,2.0,0,0,5,9,2370.0,130,1979,0,98122,47.6035,-122.285,2090,5454
9221400600,20140523T000000,462000.0,3,1.75,1300,2580,1.0,0,0,5,7,820.0,480,1919,0,98115,47.674,-122.319,1180,2820
424069206,20150112T000000,835000.0,4,2.5,2950,48351,2.0,0,0,3,10,2950.0,0,1986,0,98075,47.5938,-122.048,2870,34417
2171400197,20140918T000000,350000.0,5,3.0,2520,5500,1.0,0,0,3,8,1550.0,970,2004,0,98178,47.4938,-122.255,1700,8000
8143000280,20141121T000000,478000.0,3,1.75,1210,6175,1.0,0,0,3,7,1210.0,0,1976,0,98034,47.7291,-122.202,1520,7475
7183000070,20140821T000000,369160.0,4,2.25,2120,9680,2.0,0,2,4,8,2120.0,0,1965,0,98003,47.3367,-122.332,2360,9647
945000410,20150313T000000,265000.0,2,1.0,910,4600,1.0,0,0,3,5,910.0,0,1917,0,98117,47.6916,-122.362,1020,4600
7768800160,20140827T000000,1054710.0,4,3.5,4210,6481,2.0,0,3,3,9,3260.0,950,2014,0,98075,47.5765,-122.072,3920,5331
6402700100,20141007T000000,488250.0,4,2.0,1830,9610,1.0,0,0,3,7,1830.0,0,1963,0,98033,47.695,-122.176,1970,10754
629000410,20150217T000000,915000.0,3,2.75,2800,9750,1.0,0,0,5,7,1400.0,1400,1957,0,98004,47.5862,-122.202,2800,9530
2424059163,20140709T000000,1240000.0,5,3.5,5430,10327,2.0,0,2,3,10,4010.0,1420,2007,0,98006,47.5476,-122.116,4340,10324
4331000130,20141017T000000,315000.0,3,2.0,1770,9685,1.0,0,0,3,5,1770.0,0,1948,0,98166,47.4753,-122.342,1520,11122
1207000025,20140801T000000,245000.0,3,1.0,1370,6000,1.0,0,0,3,7,1370.0,0,1955,0,98146,47.4879,-122.339,1370,9520
7430500415,20140725T000000,540000.0,2,1.0,1120,7500,1.0,0,2,4,7,1120.0,0,1971,0,98008,47.619,-122.096,3040,16940
3630120050,20140625T000000,565000.0,2,1.75,1670,4008,1.0,0,0,3,9,1670.0,0,2005,0,98029,47.5539,-122.001,2330,3752
6404600006,20140820T000000,173250.0,3,2.0,1210,9097,1.0,0,0,4,7,1210.0,0,1954,0,98168,47.4849,-122.303,1360,10125
269000221,20140826T000000,779000.0,3,1.75,2320,6400,1.0,0,2,4,8,1420.0,900,1957,0,98199,47.6449,-122.389,2540,7680
6844702630,20141108T000000,450000.0,3,1.75,1160,6120,1.0,0,0,3,7,1040.0,120,1941,0,98115,47.6926,-122.287,1530,6120
6021500025,20140818T000000,631750.0,3,1.75,2360,4063,1.0,0,0,5,7,1180.0,1180,1940,0,98117,47.6902,-122.382,1660,4063
8643200055,20140601T000000,243000.0,3,1.75,1790,12000,1.0,0,0,3,7,1040.0,750,1960,0,98198,47.3945,-122.313,1840,12000
3625710080,20140626T000000,1025000.0,4,3.5,3320,19850,1.0,0,2,4,10,2040.0,1280,1977,0,98040,47.527,-122.228,3240,15470
6791200120,20150407T000000,515000.0,3,2.25,1820,13362,1.0,0,0,3,8,1220.0,600,1977,0,98075,47.5898,-122.052,2050,15000
7767400060,20141119T000000,465000.0,4,2.5,2300,7314,1.0,0,0,4,8,1420.0,880,1979,0,98133,47.7671,-122.33,2010,7314
1775910370,20150205T000000,464000.0,4,2.25,2220,15232,1.0,0,0,3,9,1690.0,530,1978,0,98072,47.7449,-122.103,2110,15280
7569450480,20150317T000000,286000.0,3,2.5,1680,4226,2.0,0,0,3,8,1680.0,0,2003,0,98042,47.3684,-122.123,1800,5559
7923200150,20140915T000000,537000.0,4,1.75,2230,7957,1.0,0,0,4,7,2230.0,0,1967,0,98008,47.5859,-122.122,2230,8040
7806210070,20150211T000000,249500.0,4,1.5,2120,8554,1.0,0,0,4,7,1170.0,950,1977,0,98002,47.2933,-122.195,1790,8554
3964400160,20141118T000000,540000.0,3,1.75,1680,4240,1.5,0,0,4,7,1680.0,0,1926,0,98144,47.5745,-122.311,1460,4240
4006000251,20140822T000000,226000.0,3,1.0,970,5000,1.0,0,0,3,6,970.0,0,1968,0,98118,47.5282,-122.279,1290,5875
3705900130,20140523T000000,377691.0,5,1.75,2120,8399,1.0,0,0,4,7,1320.0,800,1942,0,98133,47.7621,-122.335,2120,8398
7234601525,20140519T000000,700000.0,3,1.75,2010,4905,1.0,0,0,5,7,1230.0,780,1912,0,98122,47.6105,-122.309,2210,1834
4389200765,20140625T000000,2300000.0,4,3.25,4250,8570,2.0,0,0,3,9,4250.0,0,2004,0,98004,47.6154,-122.21,2830,12821
4147200040,20150414T000000,1085000.0,5,2.25,3650,13068,1.0,0,0,4,10,1850.0,1800,1976,0,98040,47.5458,-122.231,2760,13927
224069102,20140908T000000,615000.0,3,2.0,1860,42800,1.0,0,0,4,7,930.0,930,1983,0,98075,47.5898,-122.004,1980,11250
2781280230,20150128T000000,292000.0,3,2.5,1610,3848,2.0,0,0,3,8,1610.0,0,2006,0,98055,47.4497,-122.188,1610,3049
2126049032,20140905T000000,375000.0,3,1.75,1330,9417,1.0,0,0,5,6,710.0,620,1936,0,98125,47.7231,-122.301,1690,7937
1972200882,20140604T000000,586500.0,3,2.5,1780,1487,3.0,0,0,3,8,1600.0,180,2006,0,98107,47.6539,-122.351,1780,1300
7214711270,20141204T000000,528000.0,5,2.25,2940,38009,1.0,0,0,3,8,1700.0,1240,1977,0,98077,47.7653,-122.077,2620,38300
7853370020,20141014T000000,591975.0,3,2.75,3230,5250,2.0,0,0,3,9,2680.0,550,2014,0,98065,47.5196,-121.878,2710,5250
3904902630,20140603T000000,720000.0,4,2.5,2870,12648,2.0,0,0,4,9,2870.0,0,1986,0,98029,47.5632,-122.017,2560,12648
6139800430,20140522T000000,482000.0,5,2.25,2230,9600,1.0,0,0,3,8,1320.0,910,1978,0,98077,47.7466,-122.076,2080,9760
1972201772,20150409T000000,650000.0,2,2.5,1470,690,3.0,0,3,3,8,1470.0,0,2008,0,98103,47.6523,-122.346,1480,1284
8802400906,20140829T000000,244000.0,3,1.75,1540,8885,1.0,0,0,4,7,1440.0,100,1980,0,98031,47.4031,-122.201,1540,12734
8651400230,20141208T000000,225000.0,3,2.0,1100,5200,1.0,0,0,3,6,1100.0,0,1969,2014,98042,47.3606,-122.083,1050,5330
3401700031,20140822T000000,661000.0,2,1.5,1750,46173,2.0,0,0,4,8,1750.0,0,1964,0,98072,47.7397,-122.126,2220,42224
3528900086,20140508T000000,1307000.0,5,3.25,2800,3200,1.5,0,0,5,10,1910.0,890,1932,2002,98109,47.6421,-122.35,2450,3500
4027700321,20141028T000000,420000.0,3,1.75,2390,11242,1.0,0,0,3,7,1290.0,1100,1959,0,98155,47.7759,-122.272,2270,9650
9273200145,20141010T000000,1260000.0,3,3.5,3220,3960,2.0,0,4,3,10,2760.0,460,1991,0,98116,47.5909,-122.384,3080,4444
9211000110,20141003T000000,525000.0,4,2.5,3130,5795,2.0,0,0,3,9,3130.0,0,2008,0,98059,47.4997,-122.151,2950,5259
3649100103,20150102T000000,475000.0,4,1.75,1910,8775,1.0,0,0,3,7,1210.0,700,1956,0,98028,47.7396,-122.247,2210,8778
5561700340,20141121T000000,319000.0,3,2.5,2110,7434,2.0,0,0,4,7,2110.0,0,1978,0,98031,47.3935,-122.169,2100,7749
2525049259,20140812T000000,2187730.0,4,4.5,4240,13162,2.0,0,0,3,10,4240.0,0,2004,0,98039,47.6193,-122.229,3010,12163
7853310380,20141211T000000,587000.0,4,2.75,3190,8737,2.0,0,0,3,9,3190.0,0,2006,0,98065,47.523,-121.877,3240,7131
4174600185,20140622T000000,480000.0,2,2.25,1490,6770,1.5,0,0,3,8,1490.0,0,1926,0,98108,47.5577,-122.297,1820,7875
7137300040,20150504T000000,619000.0,5,3.5,2950,2932,3.0,0,0,3,8,2950.0,0,2004,0,98144,47.5923,-122.298,1580,2047
8085400355,20141204T000000,1270000.0,5,3.0,3950,9520,1.0,0,0,3,9,2250.0,1700,1953,2002,98004,47.6363,-122.207,1890,9520
6632300122,20140714T000000,364500.0,3,1.0,1060,9506,1.0,0,0,3,7,1060.0,0,1959,0,98125,47.7317,-122.31,1520,8469
6130500060,20140721T000000,370000.0,3,2.5,1650,1793,3.0,0,0,3,8,1650.0,0,2007,0,98133,47.7107,-122.332,1650,1863
1455600062,20141021T000000,689000.0,3,2.5,2080,9612,1.0,0,3,4,8,1700.0,380,1940,0,98125,47.7293,-122.283,2560,10202
2013800705,20141117T000000,239000.0,2,1.0,1210,9375,1.0,0,1,4,7,1210.0,0,1952,0,98198,47.3865,-122.322,1680,8400
7338000800,20141120T000000,185000.0,3,1.5,1280,4031,2.0,0,0,4,6,1280.0,0,1985,0,98002,47.3342,-122.215,1150,4500
3825310970,20140724T000000,845000.0,4,2.5,2940,7675,2.0,0,0,3,9,2940.0,0,2004,0,98052,47.7054,-122.129,3120,6574
5453700020,20140825T000000,910000.0,3,2.25,2180,9865,1.0,0,0,4,8,1660.0,520,1966,0,98040,47.5358,-122.235,2600,10034
7935000280,20140812T000000,2195000.0,5,3.25,5210,35765,2.5,0,4,5,10,4940.0,270,1911,0,98136,47.5463,-122.397,2590,10250
1853500130,20150225T000000,370000.0,4,2.5,2320,9264,2.0,0,0,3,8,2320.0,0,1994,0,98188,47.4449,-122.274,2320,9129
1250201194,20141107T000000,449000.0,3,1.75,1270,6600,1.5,0,0,5,7,1270.0,0,1903,0,98144,47.5976,-122.295,1490,3600
1781500435,20140820T000000,260000.0,3,1.75,1580,7344,1.0,0,0,5,7,1580.0,0,1911,0,98126,47.5256,-122.38,1580,6207
6071000030,20140722T000000,610000.0,5,2.75,2930,31411,1.0,0,0,4,9,1520.0,1410,1975,0,98006,47.5576,-122.186,3070,12378
9828201920,20150304T000000,360000.0,3,1.0,1280,3870,1.0,0,0,3,7,640.0,640,1945,0,98122,47.6163,-122.294,1280,4800
5101407370,20150422T000000,458000.0,3,1.5,1470,9570,1.0,0,0,3,7,1280.0,190,1941,0,98125,47.7032,-122.306,1390,9570
3630200430,20140514T000000,773000.0,3,2.75,2470,3600,2.0,0,0,3,9,2470.0,0,2007,0,98029,47.5406,-121.994,2570,3600
6381500635,20140516T000000,342000.0,3,1.0,1260,6826,1.0,0,0,3,6,720.0,540,1944,0,98125,47.731,-122.303,1300,6826
1821069072,20140508T000000,335000.0,3,1.5,2240,87625,1.5,0,0,2,7,1480.0,760,1980,0,98092,47.3043,-122.094,1920,110206
6084200060,20150313T000000,400000.0,3,2.5,2120,3757,2.0,0,0,3,7,2120.0,0,2006,0,98059,47.4787,-122.128,2230,4103
1471590060,20140619T000000,661000.0,4,2.5,2496,8058,2.0,0,0,3,9,2496.0,0,1998,0,98052,47.6791,-122.149,2496,7757
1862400132,20140916T000000,379000.0,2,1.0,930,5400,1.0,0,0,3,7,930.0,0,1952,0,98117,47.6971,-122.372,1050,5400
4167300350,20140508T000000,258000.0,4,1.75,1730,8320,1.0,0,0,3,7,1230.0,500,1977,0,98023,47.327,-122.361,1840,9800
2896610210,20140925T000000,319000.0,3,1.0,960,8556,1.0,0,0,3,7,960.0,0,1971,0,98034,47.7245,-122.22,1320,7528
3303980660,20140603T000000,1070000.0,4,3.75,4130,12320,2.0,0,0,3,11,4130.0,0,2001,0,98059,47.5194,-122.151,3690,11227
3526069070,20140528T000000,799000.0,4,3.0,2580,209523,2.0,0,0,3,8,2580.0,0,1984,0,98053,47.6932,-122.006,3440,213444
8123710070,20141205T000000,559500.0,3,2.25,2150,9250,2.0,0,0,3,8,2150.0,0,1984,0,98052,47.7179,-122.113,2240,9266
1785400770,20140825T000000,500000.0,4,2.25,1960,12436,2.0,0,0,3,8,1960.0,0,1984,0,98074,47.6276,-122.037,1960,12436
7305300500,20141215T000000,290000.0,2,1.0,1200,8750,1.0,0,0,3,6,1200.0,0,1948,0,98155,47.7548,-122.327,1100,8408
421079105,20150309T000000,325000.0,3,2.25,1480,97138,1.5,0,0,3,7,1480.0,0,1984,0,98010,47.3317,-121.927,1730,176418
3797310230,20150507T000000,314950.0,3,2.0,1760,9732,1.0,0,0,3,7,1760.0,0,1996,0,98022,47.1923,-122.014,1910,9231
1591600307,20150511T000000,360000.0,3,1.75,1810,7200,1.0,0,0,5,7,1030.0,780,1959,0,98146,47.4993,-122.364,1950,8384
2126049083,20150508T000000,324500.0,2,1.0,1300,6617,1.0,0,0,3,7,1300.0,0,1986,0,98125,47.7238,-122.302,1820,7800
2426059097,20150305T000000,910000.0,4,2.5,3530,49222,2.0,0,0,4,9,3530.0,0,1986,0,98072,47.7285,-122.112,3750,49222
3876540630,20150227T000000,205500.0,3,2.0,1330,8748,1.0,0,0,3,7,1330.0,0,1986,0,98003,47.2619,-122.298,1510,8584
1326069151,20150224T000000,260000.0,3,1.75,2160,22702,1.0,0,0,4,7,2160.0,0,1981,0,98019,47.7355,-121.982,1820,22687
1245500691,20141007T000000,500000.0,3,1.5,960,4600,1.0,0,0,3,6,960.0,0,1944,0,98033,47.6937,-122.213,2230,9350
9392500100,20140723T000000,249000.0,4,2.25,1860,9576,1.0,0,0,3,7,1400.0,460,1962,0,98032,47.3612,-122.284,1860,9576
3537900180,20141020T000000,700000.0,2,1.0,1300,12000,1.0,0,0,4,8,1300.0,0,1959,0,98004,47.6366,-122.229,2420,15000
2254502071,20140523T000000,375000.0,2,2.5,750,1430,2.0,0,0,3,8,750.0,0,2006,0,98122,47.6093,-122.31,1320,2790
6450303820,20140930T000000,245000.0,2,1.0,820,7475,1.0,0,0,3,6,820.0,0,1945,0,98133,47.7321,-122.341,1030,5720
2473450200,20150305T000000,385000.0,4,3.0,2740,10925,1.0,0,0,3,8,1670.0,1070,1980,0,98058,47.4538,-122.125,2330,9940
2212200050,20141028T000000,255000.0,4,1.75,1650,7200,1.0,0,0,3,7,1100.0,550,1977,0,98031,47.3944,-122.187,1620,7374
925069071,20150126T000000,750000.0,5,3.75,3500,101494,1.5,0,0,3,8,3500.0,0,1967,1990,98053,47.6745,-122.054,3250,38636
7570060290,20150304T000000,383000.0,4,2.5,2050,4953,2.0,0,0,3,9,2050.0,0,2014,0,98038,47.3448,-122.024,2340,6175
3840700205,20150319T000000,414500.0,3,1.0,1350,9450,1.0,0,0,3,7,1350.0,0,1979,0,98034,47.7186,-122.236,1460,9461
7853310150,20140722T000000,625000.0,5,1.0,3240,5324,2.0,0,0,3,9,3240.0,0,2007,0,98065,47.523,-121.875,3240,6036
7281300010,20140822T000000,1200000.0,3,3.5,4310,10842,2.0,0,2,3,10,3140.0,1170,1988,0,98177,47.7735,-122.386,2280,11106
6749700110,20141029T000000,342000.0,3,3.0,1260,1634,3.0,0,0,3,8,1260.0,0,1998,0,98103,47.697,-122.349,1260,1135
7853301520,20140903T000000,695000.0,5,3.25,3940,9780,2.0,0,0,3,9,3940.0,0,2007,0,98065,47.5435,-121.888,3550,8468
7326200030,20150413T000000,350000.0,3,2.25,1550,5401,2.0,0,0,3,7,1550.0,0,2000,0,98019,47.737,-121.967,1740,4485
3630000130,20141028T000000,430000.0,3,2.25,1470,1703,2.0,0,0,3,8,1470.0,0,2005,0,98029,47.5478,-121.999,1380,1107
5104511600,20141112T000000,457000.0,4,3.0,2800,7845,2.0,0,0,3,8,2800.0,0,2002,0,98038,47.3544,-122.013,2800,6977
3021059244,20140814T000000,249950.0,3,1.75,1320,10454,1.0,0,0,4,7,1320.0,0,1968,0,98002,47.2844,-122.216,1680,10183
6669150530,20141117T000000,230000.0,3,1.5,1500,11616,1.0,0,0,3,7,1100.0,400,1980,0,98031,47.4062,-122.174,1830,8288
8161000230,20150427T000000,498000.0,4,2.5,2300,22445,2.0,0,0,4,8,2300.0,0,1992,0,98014,47.6454,-121.902,2640,21886
4140940150,20141002T000000,572000.0,4,2.75,2770,3852,2.0,0,0,3,8,2770.0,0,2014,0,98178,47.5001,-122.232,1810,5641
5467910140,20140528T000000,479900.0,3,2.0,1980,12150,1.0,0,0,3,9,1980.0,0,1994,0,98042,47.3657,-122.152,2200,12150
7960100030,20140814T000000,601000.0,4,3.5,2160,3600,2.0,0,0,3,8,1660.0,500,1998,0,98122,47.6103,-122.297,1230,3840
8928100025,20150324T000000,750000.0,4,1.5,1950,6300,1.5,0,1,3,7,1650.0,300,1944,0,98115,47.6819,-122.271,1760,6300
8109800110,20140801T000000,717550.0,3,3.5,2840,4468,3.0,0,0,3,10,2840.0,0,2006,0,98052,47.7069,-122.117,3040,5400
2516000486,20140701T000000,402500.0,2,1.0,800,2280,1.0,0,0,5,6,800.0,0,1946,0,98107,47.6588,-122.362,1310,4200
3904930530,20150414T000000,350000.0,3,2.0,1440,5469,1.0,0,0,3,8,1440.0,0,1988,0,98029,47.5753,-122.017,1980,6198
8687800100,20140713T000000,285000.0,3,1.75,1720,13104,1.0,0,0,4,7,1720.0,0,1962,0,98168,47.4709,-122.26,1840,13104
4287400005,20140731T000000,393000.0,4,2.0,1450,5456,1.0,0,0,5,7,1450.0,0,1951,0,98108,47.5442,-122.297,980,6100
3265300410,20150506T000000,370000.0,3,1.0,2150,8480,1.0,0,0,3,8,1610.0,540,1951,0,98115,47.6996,-122.308,1620,5203
425069136,20150410T000000,894400.0,3,2.5,3100,45738,2.0,0,0,3,10,3100.0,0,1991,0,98053,47.6854,-122.048,3340,45738
9382200025,20150115T000000,220000.0,3,1.0,1090,6320,1.0,0,0,3,6,890.0,200,1954,0,98146,47.4976,-122.35,1460,7080
2329800140,20141203T000000,291000.0,4,2.5,1580,6633,2.0,0,0,4,7,1580.0,0,1984,0,98042,47.3768,-122.118,1590,6633
1425069103,20140718T000000,750000.0,3,2.5,2620,43832,2.0,0,0,3,8,2620.0,0,2013,0,98053,47.655,-122.009,2620,120686
3876310300,20140606T000000,525000.0,5,2.75,2440,8000,1.0,0,0,4,7,1240.0,1200,1972,0,98034,47.7283,-122.17,1780,8391
9287801150,20150423T000000,600000.0,3,1.0,1040,5000,1.5,0,2,3,7,1040.0,0,1912,0,98107,47.6754,-122.359,1440,4400
1822039225,20140725T000000,665000.0,3,2.5,3136,54450,1.5,0,0,5,8,3136.0,0,1910,0,98070,47.3999,-122.472,2300,54450
6804600240,20150211T000000,417000.0,3,1.75,1920,9512,1.0,0,0,3,8,1440.0,480,1980,0,98011,47.7606,-122.167,1820,9512
6073200010,20140626T000000,660000.0,3,1.0,1210,9622,1.0,0,1,3,8,1210.0,0,1955,2009,98006,47.5728,-122.179,1580,9714
2622029072,20141001T000000,520000.0,4,3.5,2734,210201,2.0,0,0,5,8,2734.0,0,1974,0,98070,47.3652,-122.504,2270,187308
7215722010,20150226T000000,566000.0,3,2.5,1560,5259,2.0,0,0,3,8,1560.0,0,1999,0,98075,47.5985,-122.016,2170,5461
9238901420,20150202T000000,442000.0,3,1.0,1190,5100,1.0,0,0,4,7,1030.0,160,1941,0,98136,47.5346,-122.385,1690,5100
9541600350,20150120T000000,831000.0,3,2.25,2240,8800,1.0,0,0,5,8,2240.0,0,1957,0,98005,47.5937,-122.172,2240,8800
7852020080,20141210T000000,535000.0,3,3.25,2670,5108,2.0,0,2,3,9,2670.0,0,2000,0,98065,47.5342,-121.866,2670,6500
5042300095,20141031T000000,730000.0,4,1.0,1870,4992,1.5,0,0,4,7,1670.0,200,1940,0,98199,47.6437,-122.396,2160,5239
2781100080,20141210T000000,438900.0,4,2.5,2740,5700,2.0,0,0,3,9,2740.0,0,2006,0,98038,47.3535,-122.026,3010,5281
5648600190,20150429T000000,310000.0,3,2.5,1670,5791,2.0,0,0,3,7,1670.0,0,1995,0,98055,47.4424,-122.188,1610,6034
7893203770,20150304T000000,196000.0,3,1.0,1220,6719,1.0,0,0,3,6,1220.0,0,1953,0,98198,47.4187,-122.329,1580,7200
4325700085,20150325T000000,417000.0,3,1.0,1310,8514,1.0,0,0,4,7,1310.0,0,1953,0,98133,47.7502,-122.353,1310,8514
866400040,20141013T000000,540000.0,5,3.0,2570,5590,1.0,0,0,3,8,1580.0,990,2009,0,98034,47.7271,-122.228,2020,10500
623049185,20140702T000000,185000.0,5,1.0,1590,6700,1.5,0,0,3,6,1090.0,500,1942,0,98146,47.5075,-122.35,1370,8040
1870400605,20141117T000000,600000.0,4,2.25,1970,7125,1.5,0,0,3,7,1500.0,470,1908,0,98115,47.6725,-122.293,1980,4750
1898700050,20150428T000000,128000.0,3,1.0,1400,9690,1.0,0,0,3,7,1400.0,0,1969,0,98023,47.3201,-122.398,1280,9600
582000644,20150501T000000,872500.0,4,2.0,1990,6000,1.0,0,0,3,9,1260.0,730,1956,2015,98199,47.6515,-122.397,1770,6000
5071700020,20140703T000000,240000.0,3,1.75,1570,8750,1.0,0,0,3,7,1570.0,0,1960,0,98148,47.4425,-122.333,1890,8825
9414700020,20150422T000000,331000.0,4,3.0,2483,5701,2.0,0,0,3,8,2483.0,0,2005,0,98030,47.3623,-122.199,2075,5720
2621600015,20150430T000000,175000.0,3,1.0,1150,8924,1.0,0,0,3,6,1150.0,0,1943,0,98030,47.3865,-122.217,1492,8924
5450900010,20140821T000000,993500.0,4,2.25,4070,23321,2.0,0,0,4,10,4070.0,0,1968,0,98040,47.5563,-122.219,2820,10871
7299601870,20150427T000000,299000.0,3,2.5,1572,4000,2.0,0,0,3,8,1572.0,0,2013,0,98092,47.2615,-122.198,1608,5175
1726069051,20140523T000000,306000.0,2,1.0,780,13500,1.0,0,0,4,7,780.0,0,1946,1989,98077,47.7383,-122.074,2200,67518
1397300120,20140729T000000,364500.0,3,1.75,1740,8424,1.0,0,0,5,7,1040.0,700,1954,0,98133,47.7508,-122.352,1370,8424
8835700330,20141211T000000,891500.0,3,2.5,3090,20785,2.0,0,0,4,10,3090.0,0,1991,0,98075,47.5602,-122.03,3400,7566
1437500035,20141010T000000,155000.0,2,1.0,1010,43056,1.5,0,0,3,5,1010.0,0,1990,0,98014,47.7105,-121.316,830,18297
7853361420,20140826T000000,569950.0,4,2.5,3230,5899,2.0,0,0,3,8,3230.0,0,2012,0,98065,47.515,-121.869,2720,5899
5104200420,20150316T000000,320000.0,3,1.5,1490,10132,1.0,0,0,4,6,1490.0,0,1969,0,98059,47.4779,-122.145,1720,9915
3574800810,20150403T000000,486000.0,4,3.0,2260,7336,2.0,0,0,4,7,2260.0,0,1977,0,98034,47.7297,-122.219,2200,7724
1689401230,20140625T000000,1355000.0,3,1.5,2680,4775,2.0,0,2,5,8,1880.0,800,1913,0,98109,47.6333,-122.347,2280,5947
3296900160,20140609T000000,442500.0,4,2.5,2170,14024,2.0,0,0,3,8,2170.0,0,1992,0,98019,47.7346,-121.97,2240,14029
6381501636,20140820T000000,320000.0,3,1.0,1780,6840,2.0,0,0,4,6,1780.0,0,1947,0,98125,47.727,-122.3,1410,7200
2902201301,20141216T000000,664950.0,2,1.75,1180,900,2.0,0,0,3,10,780.0,400,2014,0,98102,47.6395,-122.329,1380,3610
7203150080,20141216T000000,706000.0,4,2.5,2510,5436,2.0,0,0,3,8,2510.0,0,2011,0,98053,47.6894,-122.016,2520,5436
1438700040,20140825T000000,1321620.0,5,2.75,2410,19447,2.0,0,2,3,10,2290.0,120,1968,0,98040,47.5549,-122.211,2980,19447
1559900110,20141223T000000,325000.0,3,2.25,1440,6443,2.0,0,0,3,7,1440.0,0,1995,0,98019,47.7471,-121.979,1700,6749
1781500435,20150225T000000,575000.0,3,1.75,1580,7344,1.0,0,0,5,7,1580.0,0,1911,0,98126,47.5256,-122.38,1580,6207
9547200460,20140820T000000,640000.0,3,1.5,1960,4080,1.5,0,0,3,7,1960.0,0,1915,0,98115,47.6768,-122.31,1880,4080
9478400080,20140512T000000,750000.0,4,2.5,2980,4930,2.0,0,0,3,9,2890.0,90,2000,0,98006,47.5445,-122.12,2980,6099
2524000050,20141212T000000,1393000.0,3,3.5,4240,21578,2.0,0,0,3,10,3500.0,740,1994,0,98040,47.5614,-122.215,3120,16440
3356402020,20140508T000000,230000.0,3,1.0,1390,16000,1.0,0,0,4,6,1390.0,0,1960,0,98001,47.2898,-122.251,1420,10000
5318101075,20140811T000000,960000.0,3,1.75,2460,4800,1.0,0,0,4,7,1230.0,1230,1938,0,98112,47.6343,-122.282,2860,4800
7504020960,20150107T000000,879900.0,4,2.75,3580,12000,1.0,0,0,3,10,1840.0,1740,1979,0,98074,47.6319,-122.05,2910,12428
4022900125,20140902T000000,605000.0,4,2.5,2430,11870,1.0,0,0,5,8,1590.0,840,1968,0,98155,47.7761,-122.285,2430,9600
3271801090,20150430T000000,1175000.0,4,2.0,2590,7220,2.0,0,2,4,10,2590.0,0,1930,0,98199,47.647,-122.41,2530,6380
8159300050,20150312T000000,355425.0,4,2.5,3238,9112,1.0,0,2,4,8,1678.0,1560,1979,0,98198,47.4005,-122.311,3056,9668
6308000010,20141208T000000,585000.0,3,2.5,2290,5089,2.0,0,0,3,9,2290.0,0,2001,0,98006,47.5443,-122.172,2290,7984
3761100045,20140618T000000,3000000.0,4,4.25,4850,12445,2.0,1,4,5,10,3850.0,1000,1989,0,98034,47.7011,-122.244,3350,12210
217500005,20141124T000000,444950.0,3,2.5,2020,7800,1.0,0,0,4,7,1330.0,690,1958,0,98133,47.7368,-122.337,1870,7800
1923000030,20140728T000000,1118000.0,4,2.5,3840,16619,2.0,0,1,4,10,3840.0,0,1983,0,98040,47.5634,-122.213,3600,16553
2591820070,20150428T000000,380000.0,3,2.5,2390,8102,2.0,0,0,4,8,2390.0,0,1986,0,98058,47.4378,-122.16,2310,8606
9406500350,20141229T000000,207000.0,2,1.5,1068,1158,2.0,0,0,3,7,1068.0,0,1990,0,98028,47.753,-122.244,1078,1278
2891400410,20150227T000000,369000.0,3,2.25,1820,99752,1.0,0,0,4,7,1820.0,0,1969,0,98092,47.2838,-122.006,1850,117612
1474000050,20140508T000000,437000.0,3,1.75,1310,9282,1.0,0,0,4,7,1310.0,0,1976,0,98052,47.6844,-122.111,1310,8748
7852190410,20140626T000000,600000.0,3,2.5,3240,8016,2.0,0,0,3,8,2910.0,330,2004,0,98065,47.5382,-121.877,2990,7561
194000505,20140904T000000,651000.0,3,2.0,1940,6440,1.0,0,2,5,7,970.0,970,1940,0,98116,47.5664,-122.389,1730,4640
1024000100,20150408T000000,900000.0,3,2.5,1920,7200,2.0,0,2,3,10,1780.0,140,1997,0,98116,47.5709,-122.408,2080,5000
6749700002,20140509T000000,376000.0,3,2.0,1340,1384,3.0,0,0,3,8,1340.0,0,2008,0,98103,47.6973,-122.35,1110,1384
7202260300,20140709T000000,610000.0,3,2.5,2630,5827,2.0,0,0,3,8,2630.0,0,2001,0,98053,47.688,-122.038,2330,4715
6126600950,20140717T000000,470000.0,3,3.25,1740,1693,2.0,0,0,3,8,1360.0,380,2007,0,98116,47.558,-122.382,1130,1626
6647400090,20140702T000000,453000.0,3,2.0,1660,15050,1.0,0,0,3,7,1260.0,400,1983,0,98034,47.7203,-122.194,1660,7320
7852010900,20150324T000000,523000.0,3,2.5,2400,6182,2.0,0,0,3,8,2400.0,0,1998,0,98065,47.5363,-121.87,2420,5829
267000170,20141210T000000,575950.0,3,2.25,1640,12000,1.0,0,0,3,7,1180.0,460,1967,0,98008,47.6252,-122.104,1620,12000
9478550110,20150303T000000,299950.0,3,2.5,1740,4497,2.0,0,0,3,7,1740.0,0,2012,0,98042,47.3697,-122.117,1950,4486
3522029031,20140516T000000,363750.0,3,1.75,1726,197326,2.0,0,0,4,7,1726.0,0,1982,0,98070,47.3484,-122.505,2114,99316
3034200543,20141229T000000,500000.0,3,2.25,2210,7916,2.0,0,0,3,8,2210.0,0,1978,0,98133,47.7175,-122.339,1450,7955
3211000040,20141204T000000,255000.0,3,1.5,1020,11410,1.0,0,0,3,7,1020.0,0,1959,0,98059,47.4811,-122.162,1290,8400
7504400710,20150427T000000,420000.0,4,1.75,2380,15324,1.0,0,0,3,8,1610.0,770,1978,0,98074,47.6262,-122.049,2540,12608
6204410330,20141020T000000,432000.0,4,1.75,2410,8400,1.0,0,0,3,7,1600.0,810,1978,0,98011,47.7341,-122.2,1850,8400
3295610080,20150401T000000,912000.0,4,2.75,4030,10888,2.0,0,0,3,10,4030.0,0,1997,0,98075,47.5651,-122.034,3720,10756
7853270520,20150409T000000,622950.0,4,3.25,3030,7644,2.0,0,0,3,8,2830.0,200,2006,0,98065,47.5457,-121.881,3400,6908
4146800050,20141126T000000,563000.0,3,2.0,1580,5289,1.0,0,0,3,7,870.0,710,1940,0,98103,47.6881,-122.342,1310,5535
326049024,20150410T000000,603000.0,4,2.25,2370,11310,1.0,0,0,3,8,1550.0,820,1968,0,98155,47.7684,-122.289,1890,8621
9477000280,20140807T000000,412500.0,4,2.25,1630,7969,1.0,0,0,3,7,1100.0,530,1977,0,98034,47.7336,-122.19,1580,7440
626400020,20140918T000000,734000.0,4,2.5,3490,18521,2.0,0,0,4,9,3490.0,0,1990,0,98077,47.7406,-122.07,2850,18521
8106100085,20140509T000000,1702500.0,5,4.5,5190,23716,2.0,0,2,3,11,3390.0,1800,1987,2000,98040,47.5846,-122.223,4460,22748
3329500060,20140728T000000,305000.0,4,2.5,2250,9091,1.0,0,0,3,7,1340.0,910,1982,0,98001,47.336,-122.269,1540,7802
1453602065,20150205T000000,442500.0,3,1.0,1120,8200,1.0,0,0,4,7,1120.0,0,1938,0,98125,47.7254,-122.29,1820,7205
5456000135,20140822T000000,677500.0,3,1.75,2020,9718,1.0,0,0,3,8,2020.0,0,1956,0,98040,47.574,-122.21,2370,8604
125039025,20140611T000000,530000.0,3,1.75,1550,3680,1.0,0,0,3,7,1050.0,500,1927,0,98117,47.6817,-122.36,1560,4000
2771101963,20140611T000000,386000.0,3,1.5,1270,1318,2.0,0,0,3,7,1080.0,190,2004,0,98199,47.6526,-122.384,1360,1488
7795810110,20150512T000000,390000.0,3,1.75,1430,9857,1.0,0,2,4,7,1140.0,290,1980,0,98045,47.4964,-121.771,1310,9880
205000050,20141218T000000,735000.0,4,2.5,3270,45537,2.0,0,0,3,9,3270.0,0,1993,0,98053,47.6303,-121.984,2670,38827
925059219,20141023T000000,664000.0,4,2.5,1870,16200,1.0,0,0,5,8,1250.0,620,1974,0,98033,47.6651,-122.174,2000,11250
3438500346,20140702T000000,265050.0,2,1.5,800,2119,2.0,0,0,3,7,800.0,0,2008,0,98106,47.554,-122.362,1020,4800
2558630060,20140530T000000,425000.0,3,2.25,1820,8058,1.0,0,0,3,7,1260.0,560,1974,0,98034,47.7241,-122.168,1850,7384
1925059049,20140721T000000,775000.0,3,1.0,1175,10454,1.0,0,0,4,6,1175.0,0,1949,0,98004,47.6388,-122.218,2010,10800
7504010760,20150212T000000,660000.0,3,3.0,2470,11900,2.0,0,0,3,9,2290.0,180,1976,0,98074,47.641,-122.057,2590,11900
7272000260,20141113T000000,210500.0,3,1.0,1840,10178,1.0,0,0,3,7,1040.0,800,1960,0,98198,47.3979,-122.317,2040,10660
7805450040,20150316T000000,915557.0,5,3.25,3740,11536,2.0,0,0,4,9,2540.0,1200,1984,0,98006,47.5599,-122.108,2920,11258
5589300210,20150317T000000,265000.0,2,1.0,940,9458,1.0,0,0,3,6,940.0,0,1948,0,98155,47.7523,-122.311,1450,9458
2391600950,20140502T000000,439950.0,3,2.5,1770,2875,2.0,0,0,3,8,1770.0,0,1990,0,98116,47.5631,-122.397,1770,3833
7212680850,20140903T000000,258000.0,3,2.5,1730,6930,2.0,0,0,3,8,1730.0,0,1994,0,98003,47.2621,-122.308,1780,6930
1431700370,20140519T000000,290000.0,5,1.5,2120,7700,1.5,0,0,5,7,2120.0,0,1962,0,98058,47.4599,-122.172,1730,7700
8691310980,20150409T000000,730000.0,4,2.5,2750,10351,2.0,0,0,3,10,2750.0,0,1998,0,98075,47.5894,-121.98,3370,10351
1231000645,20140801T000000,846000.0,4,3.25,2720,4000,2.0,0,1,3,10,2070.0,650,2014,0,98118,47.5554,-122.267,1450,4000
7199330130,20140703T000000,474000.0,3,1.75,1530,8000,2.0,0,0,3,7,1530.0,0,1978,0,98052,47.6971,-122.13,1530,7500
4083306720,20140915T000000,560000.0,4,1.5,1790,3420,1.0,0,0,4,7,1020.0,770,1923,0,98103,47.6489,-122.337,1680,3420
5589900400,20141205T000000,338000.0,4,1.5,1790,17925,1.0,0,0,4,6,1790.0,0,1951,0,98155,47.7501,-122.302,1660,15165
4235401055,20140514T000000,582500.0,2,1.5,1159,4800,1.0,0,0,3,7,1159.0,0,1948,0,98199,47.6592,-122.399,1640,4800
9209900270,20150205T000000,515000.0,2,1.0,1060,4228,1.0,0,0,3,7,860.0,200,1906,0,98112,47.6231,-122.293,1060,4187
2273600460,20150130T000000,536000.0,3,1.75,1530,8503,1.0,0,0,4,7,1150.0,380,1983,0,98033,47.6872,-122.185,1610,8549
2619950490,20140712T000000,335000.0,3,2.25,1530,4580,2.0,0,0,3,7,1530.0,0,2011,0,98019,47.7342,-121.968,2110,4094
6762700515,20150421T000000,1475000.0,3,2.5,2570,5000,2.0,0,0,3,11,2570.0,0,1984,0,98102,47.6295,-122.32,1570,5000
1423700680,20150226T000000,190000.0,3,1.75,1390,7700,1.0,0,0,5,7,1390.0,0,1965,0,98058,47.4559,-122.183,1260,7700
3448000542,20140811T000000,290000.0,2,1.5,1076,1060,3.0,0,0,3,7,1076.0,0,2006,0,98125,47.7167,-122.298,1076,1060
8929000030,20140821T000000,419990.0,3,2.5,1690,1689,2.0,0,0,3,8,1150.0,540,2014,0,98029,47.5528,-121.999,1540,1689
1483300570,20140908T000000,905000.0,4,2.5,3300,10250,1.0,0,0,3,7,2390.0,910,1946,1991,98040,47.5873,-122.249,1950,6045
7813200115,20140904T000000,100000.0,2,1.0,790,6426,1.0,0,0,3,6,790.0,0,1944,0,98178,47.4933,-122.245,1380,6946
7701700040,20140925T000000,320000.0,3,1.75,1510,30185,1.5,0,0,3,7,1510.0,0,1976,0,98058,47.4118,-122.089,1470,12465
7856610160,20140812T000000,925000.0,4,1.75,2710,11400,1.0,0,0,4,9,1430.0,1280,1976,0,98006,47.561,-122.153,2640,11000
3529000880,20150309T000000,610000.0,4,2.5,2110,6360,2.0,0,0,3,8,2110.0,0,1988,0,98029,47.5641,-122.012,2050,7000
2425700022,20140929T000000,425000.0,4,1.75,1730,11890,1.0,0,0,2,7,980.0,750,1955,0,98004,47.5979,-122.194,2100,12325
9475200030,20140616T000000,499000.0,3,1.75,1750,12325,1.0,0,0,4,7,1470.0,280,1968,0,98052,47.6832,-122.118,1820,9750
9202650210,20140507T000000,618080.0,3,2.5,2030,6500,2.0,0,0,3,8,2030.0,0,1988,0,98027,47.5654,-122.092,2030,8485
1278000210,20150311T000000,110000.0,2,1.0,828,4524,1.0,0,0,3,6,828.0,0,1968,2007,98001,47.2655,-122.244,828,5402
9357000230,20140822T000000,267000.0,3,1.0,940,4700,1.0,0,0,4,6,940.0,0,1942,0,98146,47.5117,-122.378,1020,5700
4022907770,20141014T000000,550000.0,4,1.75,2480,14782,1.0,0,3,3,8,1460.0,1020,1958,0,98155,47.7646,-122.271,2910,10800
8581200030,20150224T000000,230000.0,4,2.0,1220,9100,1.5,0,0,4,7,1220.0,0,1970,0,98023,47.2964,-122.376,1160,7700
1443300140,20150114T000000,330000.0,3,2.25,2300,35287,2.0,0,0,3,8,2300.0,0,1977,0,98022,47.2477,-121.937,1760,47916
3256400060,20140923T000000,325000.0,4,2.75,2090,9240,1.0,0,0,4,6,2090.0,0,1949,0,98146,47.4854,-122.343,1460,9240
6713700100,20140907T000000,401500.0,4,1.0,1790,8400,1.0,0,0,4,7,1260.0,530,1954,0,98133,47.7627,-122.353,1470,8400
2224079001,20150126T000000,625700.0,3,2.0,2570,159865,1.0,0,0,5,7,2570.0,0,1968,0,98024,47.5547,-121.892,2010,38322
2095800400,20141113T000000,455000.0,3,2.5,2090,8653,2.0,0,0,3,8,2090.0,0,1989,0,98011,47.7498,-122.184,2090,6396
2770601365,20150224T000000,473000.0,2,1.0,940,4000,1.0,0,0,3,6,720.0,220,1942,0,98199,47.6488,-122.385,1180,6000
9328500630,20150302T000000,545000.0,3,2.25,1670,6240,1.0,0,0,4,8,1240.0,430,1974,0,98008,47.6413,-122.113,1910,7000
7504101040,20140821T000000,722500.0,5,2.5,4870,11800,2.0,0,0,3,10,3470.0,1400,1983,0,98074,47.633,-122.041,3180,11398
272000125,20140829T000000,438000.0,3,1.0,1200,4000,1.5,0,0,4,6,1200.0,0,1923,0,98144,47.5881,-122.299,1390,4000
9475710040,20140820T000000,291375.0,4,2.5,2220,6233,2.0,0,0,3,7,2220.0,0,2001,0,98059,47.4887,-122.15,2220,5352
7214820400,20140902T000000,425000.0,3,2.25,1800,7371,1.0,0,0,3,7,1280.0,520,1979,0,98072,47.7584,-122.145,1960,7675
9459200110,20140610T000000,315000.0,2,1.0,1740,3622,1.0,0,0,4,7,950.0,790,1924,0,98118,47.5541,-122.29,1270,3800
3010300415,20150211T000000,383000.0,5,2.0,2280,5750,1.0,0,0,4,8,1140.0,1140,1951,0,98116,47.5672,-122.39,1780,5750
9521101015,20140626T000000,725000.0,6,3.0,3110,5000,1.5,0,0,5,7,1810.0,1300,1921,0,98103,47.6631,-122.348,1600,4000
5100403321,20150318T000000,438000.0,2,1.0,1120,6380,1.0,0,0,3,7,1120.0,0,1942,1994,98115,47.6951,-122.316,1230,6380
1560930050,20150325T000000,557500.0,3,2.0,2510,35255,1.0,0,2,3,9,2510.0,0,1994,0,98038,47.4012,-122.025,3140,36450
2600400030,20140724T000000,790000.0,4,2.75,2640,9000,2.0,0,0,3,10,2640.0,0,1990,0,98052,47.6481,-122.125,2980,9137
1118001370,20150102T000000,1568000.0,3,2.75,2340,8828,1.0,0,0,4,9,2340.0,0,1954,0,98112,47.632,-122.289,3480,8526
328000182,20150501T000000,613500.0,3,3.25,1876,1531,3.0,0,0,3,9,1876.0,0,2009,0,98115,47.6864,-122.265,1876,1533
5609000311,20150410T000000,729999.0,6,4.5,3600,6110,2.0,0,0,3,9,2510.0,1090,2012,0,98118,47.5687,-122.291,1360,5800
5007500120,20150226T000000,341780.0,4,2.75,2260,4440,2.0,0,0,3,7,2260.0,0,2014,0,98001,47.3507,-122.291,2260,4563
1771000430,20140502T000000,315000.0,3,1.0,1160,9180,1.0,0,0,3,7,1160.0,0,1968,0,98077,47.7427,-122.072,1160,10282
6430500191,20141106T000000,315000.0,1,1.0,700,3876,1.0,0,0,3,6,700.0,0,1910,0,98103,47.6886,-122.352,1150,3952
123039642,20150501T000000,540000.0,3,2.5,1970,14876,1.0,0,0,3,7,1320.0,650,1981,0,98146,47.5031,-122.372,2030,8008
7222000244,20150223T000000,300000.0,3,3.0,2850,9375,1.0,0,0,3,8,2240.0,610,1977,0,98055,47.4655,-122.209,1800,9375
3313600077,20140919T000000,185000.0,3,1.0,1320,7155,1.0,0,0,4,6,1320.0,0,1961,0,98002,47.2857,-122.22,1070,8100
3622059157,20141009T000000,205000.0,4,1.75,1850,65340,1.5,0,0,4,7,1850.0,0,1972,0,98042,47.3468,-122.11,1750,40946
8929000280,20140519T000000,386591.0,3,2.5,1690,1613,2.0,0,0,3,8,1150.0,540,2014,0,98029,47.5518,-121.998,1690,1662
1022059161,20140613T000000,454000.0,4,2.25,2630,39000,2.0,0,0,3,9,2630.0,0,1979,0,98042,47.4089,-122.149,2270,66647
7544800195,20140813T000000,415000.0,1,1.0,760,3000,1.0,0,0,3,7,760.0,0,1900,0,98122,47.6059,-122.303,1270,3000
9407150250,20140924T000000,280000.0,3,2.5,1600,7936,2.0,0,0,3,7,1600.0,0,1996,0,98038,47.3673,-122.017,1830,7936
3131200640,20150427T000000,700000.0,4,2.0,1830,4590,2.0,0,0,3,8,1830.0,0,1908,0,98105,47.6593,-122.327,1650,4590
9828202545,20150127T000000,490000.0,3,1.5,1970,3400,1.5,0,0,4,8,1420.0,550,1929,0,98122,47.6163,-122.292,1940,4000
9209900315,20140811T000000,350000.0,3,1.5,1320,4400,1.0,0,0,3,6,1320.0,0,1909,0,98112,47.6231,-122.292,1350,4400
3363900111,20141203T000000,437500.0,2,1.0,990,3120,1.0,0,2,5,7,790.0,200,1907,0,98103,47.68,-122.353,1930,3120
1974200060,20150424T000000,525000.0,4,2.5,2400,10070,1.0,0,0,3,7,1510.0,890,1967,0,98034,47.7104,-122.24,2030,9964
7129303045,20150417T000000,949950.0,5,2.5,2340,1989,2.0,1,4,3,8,2340.0,0,1959,0,98118,47.5193,-122.257,2200,3230
6450304130,20140505T000000,329950.0,2,1.0,1140,5250,1.5,0,0,4,6,1140.0,0,1949,0,98133,47.731,-122.341,1450,5250
6646200090,20140819T000000,650000.0,4,3.5,3270,15704,2.0,0,0,3,9,2110.0,1160,1990,0,98074,47.6256,-122.042,3020,8582
822059101,20140925T000000,319000.0,4,1.0,1730,36356,1.5,0,0,4,6,1730.0,0,1954,0,98031,47.4135,-122.199,1380,14060
6884800210,20140605T000000,619000.0,4,1.75,1660,3800,1.5,0,0,3,7,1660.0,0,1926,0,98115,47.6883,-122.314,1660,3767
293610040,20150210T000000,600000.0,4,2.75,2950,5803,2.0,0,0,3,9,2950.0,0,2007,0,98028,47.7368,-122.231,2940,5803
415100010,20140611T000000,465000.0,4,2.5,2090,9702,1.0,0,0,5,7,1320.0,770,1965,0,98133,47.7467,-122.339,1850,7200
4006000571,20150312T000000,183750.0,5,2.75,1650,5453,1.0,0,0,3,7,1650.0,0,1970,0,98118,47.5293,-122.285,1670,5885
7787400105,20150306T000000,1865000.0,4,2.5,2950,43560,1.0,0,2,4,9,2550.0,400,1951,0,98004,47.5988,-122.207,3260,41016
3523029059,20140731T000000,181000.0,2,1.5,1560,10807,1.0,0,0,2,7,1560.0,0,1949,0,98070,47.4444,-122.509,1660,196591
2464400500,20140714T000000,560000.0,4,1.75,1980,2700,1.5,0,0,3,8,1210.0,770,1931,0,98115,47.6865,-122.32,1720,2910
1814800060,20150220T000000,965000.0,4,3.5,3290,5559,1.5,0,0,3,8,2290.0,1000,1906,2004,98103,47.6788,-122.346,1790,6000
5035300750,20140731T000000,850000.0,3,1.75,2450,8603,1.0,0,0,5,8,1340.0,1110,1940,0,98199,47.6536,-122.414,2280,5779
6623400193,20140903T000000,257000.0,3,1.0,1450,7850,1.5,0,0,5,7,1450.0,0,1910,0,98055,47.4299,-122.199,1360,10400
1972200259,20140507T000000,425000.0,2,2.5,1150,1027,3.0,0,0,3,8,1150.0,0,2008,0,98103,47.6534,-122.356,1360,1210
9533100145,20150205T000000,750000.0,3,1.0,1120,8549,1.0,0,0,3,7,1120.0,0,1952,0,98004,47.6294,-122.205,1440,8640
8081900195,20141210T000000,572500.0,3,1.0,1590,4600,1.5,0,0,4,7,1290.0,300,1926,0,98117,47.6807,-122.399,1770,4350
9530101670,20140623T000000,525000.0,2,1.0,1080,3500,1.0,0,3,3,7,1080.0,0,1924,0,98103,47.6667,-122.356,1790,4000
2734100734,20141015T000000,216650.0,3,3.5,1540,1427,2.0,0,0,3,7,1360.0,180,2007,0,98109,47.542,-122.322,1220,4000
2613200025,20150313T000000,175000.0,2,1.0,1330,28270,1.5,0,0,3,6,1330.0,0,1925,0,98168,47.4824,-122.274,1210,6926
943100262,20141030T000000,260000.0,3,1.0,1190,11120,1.0,0,0,3,6,1190.0,0,1947,0,98024,47.5687,-121.898,1230,12720
263000359,20140630T000000,355000.0,3,2.25,1370,1524,3.0,0,0,3,8,1370.0,0,2005,0,98103,47.6982,-122.347,1370,1418
3123800080,20141112T000000,365000.0,2,1.5,1160,8060,1.0,0,0,4,7,1160.0,0,1950,0,98136,47.5146,-122.386,1500,8060
8039900400,20140812T000000,375000.0,3,2.0,1670,13775,1.0,0,0,3,8,1670.0,0,1968,0,98045,47.4873,-121.783,2130,14500
510002010,20140630T000000,875000.0,4,1.5,1800,3245,1.5,0,0,4,8,1800.0,0,1929,0,98103,47.6605,-122.331,1800,4275
984000410,20150218T000000,225000.0,3,2.5,2170,11745,1.0,0,0,4,7,1410.0,760,1967,0,98058,47.4342,-122.17,1860,8643
9268200440,20140721T000000,400000.0,3,1.75,1390,4602,1.0,0,0,3,7,930.0,460,1981,0,98117,47.6944,-122.366,1230,4800
2110900050,20150211T000000,468000.0,4,2.5,2150,8165,1.0,0,0,3,8,1430.0,720,1957,0,98177,47.773,-122.371,2360,7980
8673400086,20140502T000000,445700.0,3,2.5,1270,1180,3.0,0,0,3,8,1270.0,0,2001,0,98107,47.6697,-122.392,1320,1180
3205100080,20140708T000000,468000.0,3,1.5,1830,9848,1.0,0,0,5,7,1830.0,0,1962,0,98056,47.539,-122.18,1830,8168
5101402435,20150304T000000,539000.0,3,2.25,1540,5338,1.0,0,0,5,7,770.0,770,1954,0,98115,47.6942,-122.304,1680,6525
7972604355,20140521T000000,218000.0,3,1.0,1020,7874,1.0,0,0,3,7,1020.0,0,1956,0,98106,47.5175,-122.346,1290,7320
182000350,20150325T000000,287500.0,5,2.0,2020,67953,1.5,0,0,4,7,1620.0,400,1936,0,98178,47.4891,-122.263,1270,13198
3521069051,20141223T000000,330000.0,4,2.25,2380,122038,2.0,0,0,4,8,2380.0,0,1984,0,98022,47.2624,-122.015,2030,48000
8691510170,20150204T000000,368750.0,3,2.5,2230,5717,2.0,0,0,3,7,2230.0,0,2004,0,98058,47.4388,-122.117,2230,5194
2570300240,20140529T000000,405000.0,5,1.75,1880,10000,1.0,0,0,3,7,960.0,920,1963,0,98034,47.7182,-122.201,1580,10000
2810100040,20140507T000000,485000.0,3,2.0,1610,4160,1.0,0,0,4,7,1010.0,600,1917,0,98136,47.5421,-122.388,1040,4400
3395800155,20140805T000000,250000.0,3,1.0,990,8100,1.0,0,0,3,6,990.0,0,1949,0,98146,47.4839,-122.341,1210,8100
9521100586,20140524T000000,479000.0,3,1.0,1370,3000,1.5,0,0,3,7,1370.0,0,1924,0,98103,47.6619,-122.351,1510,2151
1155620190,20140603T000000,430000.0,4,2.25,1790,7203,1.0,0,0,4,7,1110.0,680,1973,0,98155,47.7709,-122.294,2270,9000
104550580,20140520T000000,260000.0,4,2.5,1990,6671,2.0,0,0,3,7,1990.0,0,1989,0,98023,47.3078,-122.358,1862,6566
9323000010,20150416T000000,415000.0,4,2.5,2670,8279,2.0,0,0,3,7,2670.0,0,1999,0,98148,47.4292,-122.328,2290,7504
7853300650,20140822T000000,425000.0,4,2.5,2270,4400,2.0,0,0,3,7,2270.0,0,2006,0,98065,47.5381,-121.888,2090,4400
4391600035,20140701T000000,510000.0,3,1.75,1750,7020,2.0,0,0,3,7,1750.0,0,1934,1978,98010,47.3264,-122.038,1170,9546
1962200036,20140819T000000,600000.0,3,1.75,1620,1325,2.5,0,0,3,9,1430.0,190,2005,0,98102,47.6498,-122.321,1750,1572
2807100156,20140703T000000,295950.0,2,1.0,1190,6200,1.0,0,0,3,7,1190.0,0,1948,0,98133,47.7634,-122.34,1470,7800
8682231170,20150429T000000,554000.0,2,2.0,1920,6045,1.0,0,0,3,8,1920.0,0,2003,0,98053,47.7107,-122.031,1670,5200
7229000025,20140707T000000,300000.0,4,3.0,2200,10800,1.0,0,0,3,6,2200.0,0,1960,0,98058,47.4476,-122.169,1430,10800
6608500290,20141024T000000,405000.0,3,2.5,1430,10200,1.0,0,0,3,7,1430.0,0,1960,0,98033,47.7012,-122.166,1470,10350
7518507580,20150502T000000,581000.0,2,1.0,1170,4080,1.0,0,0,4,7,1170.0,0,1909,0,98117,47.6784,-122.386,1560,4586
3512100110,20140902T000000,275436.0,4,2.75,2170,9658,1.5,0,0,3,7,2170.0,0,1966,0,98030,47.3741,-122.189,1490,9731
8682230610,20140602T000000,802000.0,2,2.5,2210,6327,1.0,0,0,3,8,2210.0,0,2003,0,98053,47.7114,-122.03,2170,6327
5153200100,20150225T000000,565000.0,3,2.75,3210,15939,2.0,0,1,3,10,3210.0,0,1998,0,98023,47.3357,-122.351,2870,15939
2344300180,20140619T000000,1027000.0,3,2.5,2430,10500,2.0,0,1,3,9,2430.0,0,1989,0,98004,47.5818,-122.198,3440,12842
1710400007,20141211T000000,660000.0,3,2.0,1770,2150,3.0,0,0,3,8,1770.0,0,1999,0,98122,47.6102,-122.314,2010,3200
3448740360,20150429T000000,418500.0,4,2.5,2190,4866,2.0,0,0,3,7,2190.0,0,2009,0,98059,47.4907,-122.152,2190,5670
2239000016,20140911T000000,324000.0,2,1.0,1070,6000,1.0,0,0,3,7,1070.0,0,1955,0,98133,47.7307,-122.332,1490,7622
203100625,20140529T000000,672000.0,3,2.5,2620,21587,2.0,0,0,3,7,2620.0,0,1992,0,98053,47.6384,-121.959,2570,23650
7436200040,20141105T000000,290000.0,5,2.5,2780,9652,1.0,0,0,4,8,1390.0,1390,1967,0,98001,47.3444,-122.271,1790,9652
1237500120,20140520T000000,300000.0,3,1.0,1090,9900,1.0,0,0,4,7,1090.0,0,1955,0,98052,47.6755,-122.16,1720,10419
2763710060,20140808T000000,459950.0,4,1.75,2430,9747,1.0,0,0,3,8,1780.0,650,1974,0,98155,47.7687,-122.276,2340,10296
1324039110,20141126T000000,750000.0,4,3.5,3050,7020,2.0,0,3,3,9,2050.0,1000,1984,0,98126,47.571,-122.374,2170,5900
795000885,20141001T000000,283000.0,3,1.0,1740,5247,1.0,0,0,3,7,1270.0,470,1947,0,98168,47.5049,-122.329,1070,5636
7457400250,20150106T000000,283500.0,4,2.5,1990,5577,2.0,0,0,3,7,1990.0,0,1999,0,98092,47.3191,-122.191,2020,6400
8965500820,20140702T000000,851000.0,5,3.25,3760,9792,2.0,0,0,3,9,2550.0,1210,1984,0,98006,47.5654,-122.115,2960,16500
7852090750,20140721T000000,576000.0,4,2.5,2590,5756,2.0,0,0,3,8,2590.0,0,2001,0,98065,47.5356,-121.875,2620,6109
8643000210,20150304T000000,343000.0,5,3.5,2473,9282,2.0,0,1,5,7,2473.0,0,1963,0,98198,47.3966,-122.308,2040,10920
748000145,20141211T000000,335000.0,2,1.0,1070,6678,1.0,0,0,4,7,1070.0,0,1951,0,98133,47.7315,-122.357,1680,7788
525049174,20150402T000000,435000.0,3,1.5,1180,1231,3.0,0,0,3,7,1180.0,0,2008,0,98115,47.6845,-122.315,1280,3360
7555200230,20140521T000000,691000.0,4,2.75,2550,8632,1.0,0,0,3,8,1700.0,850,1972,0,98033,47.6477,-122.197,2550,9534
395300650,20140721T000000,326250.0,3,1.0,1060,9663,1.0,0,0,3,7,1060.0,0,1967,0,98034,47.7244,-122.226,1320,10162
9522300010,20150331T000000,1490000.0,3,3.5,4560,14608,2.0,0,2,3,12,4560.0,0,1990,0,98034,47.6995,-122.228,4050,14226
7504180170,20140707T000000,410000.0,3,2.25,1450,19206,2.0,0,0,3,7,1450.0,0,1989,0,98074,47.62,-122.052,1710,21485
9510310280,20140709T000000,696000.0,4,3.5,3650,38546,2.0,0,0,3,9,2550.0,1100,1996,0,98045,47.4776,-121.73,2860,34284
6884800180,20140611T000000,619400.0,4,2.0,2090,3610,1.5,0,0,5,7,1790.0,300,1927,0,98115,47.6881,-122.313,1660,3767
1442880340,20140603T000000,427874.0,3,3.0,2340,5002,2.0,0,0,3,8,2340.0,0,2013,0,98045,47.4831,-121.773,2790,5375
7203180070,20140919T000000,795000.0,4,3.25,3520,5250,2.0,0,0,3,9,3520.0,0,2012,0,98053,47.6869,-122.019,3220,5781
623049341,20141022T000000,260000.0,3,2.0,1030,7260,1.0,0,0,3,6,1030.0,0,1947,0,98146,47.5113,-122.347,1380,8100
3528960020,20140708T000000,673000.0,3,2.75,2830,3496,2.0,0,0,3,8,2830.0,0,2012,0,98029,47.5606,-122.011,2160,3501
7616200050,20150105T000000,500000.0,3,1.75,1700,6120,1.0,0,0,3,7,1700.0,0,1952,0,98116,47.5807,-122.397,1330,6120
2872100385,20150318T000000,460000.0,2,2.0,1080,5000,1.0,0,0,5,6,1080.0,0,1923,0,98117,47.6826,-122.394,1530,5000
4037200585,20140723T000000,394950.0,3,2.5,1090,7700,1.0,0,0,4,7,1090.0,0,1957,0,98008,47.607,-122.12,1740,7700
9265700045,20140624T000000,300000.0,3,1.0,2150,7007,1.0,0,0,3,6,2150.0,0,1954,0,98177,47.7615,-122.362,1720,9000
7855800730,20150210T000000,940000.0,4,2.5,3090,9238,1.0,0,3,4,8,1680.0,1410,1967,0,98006,47.5654,-122.163,2690,8500
3299610240,20150429T000000,870000.0,4,2.5,3240,7621,2.0,0,2,3,9,3240.0,0,2003,0,98075,47.5641,-122.032,4610,7150
5631500369,20140521T000000,520000.0,4,2.5,3290,11446,2.0,0,0,3,8,3290.0,0,1992,0,98028,47.7399,-122.234,2050,11933
922059169,20141201T000000,800000.0,6,4.25,5480,189050,2.0,0,0,4,10,5140.0,340,1991,0,98031,47.412,-122.168,2470,10429
9406500530,20140912T000000,249000.0,2,2.0,1090,1357,2.0,0,0,3,7,1090.0,0,1990,0,98028,47.7526,-122.244,1078,1318
3024059036,20140530T000000,950000.0,4,1.75,2500,92347,1.0,0,0,4,8,1500.0,1000,1970,0,98040,47.5345,-122.216,3750,20267
1338800491,20141021T000000,799500.0,4,2.5,2760,5750,2.0,0,0,3,8,2760.0,0,1993,0,98112,47.627,-122.303,2760,5390
8031700186,20140726T000000,710000.0,4,1.75,2700,7625,1.0,0,0,4,8,1450.0,1250,1937,0,98115,47.6838,-122.323,1760,3300
7550801207,20150428T000000,536500.0,2,2.0,1360,1860,1.0,0,0,4,7,680.0,680,1925,0,98107,47.6727,-122.396,1440,5000
8682231330,20150504T000000,519000.0,2,2.0,1560,4823,1.0,0,0,3,8,1560.0,0,2004,0,98053,47.7111,-122.032,1855,4989
1180008355,20140507T000000,380000.0,5,1.75,3000,6000,1.0,0,0,5,7,1500.0,1500,1958,0,98178,47.492,-122.225,2230,7125
2926049504,20150402T000000,500000.0,3,2.25,1700,9008,1.0,0,0,3,8,1340.0,360,1985,0,98125,47.7161,-122.317,2340,8003
1214700090,20140819T000000,280000.0,3,2.0,1780,11342,1.0,0,0,3,7,1780.0,0,1964,0,98148,47.4617,-122.327,2140,8449
1024069159,20150313T000000,526000.0,3,1.75,1780,37801,1.0,0,0,3,7,1300.0,480,1977,0,98075,47.5858,-122.015,2380,47480
6149700197,20141106T000000,308625.0,2,2.0,1500,1408,3.0,0,0,3,7,1500.0,0,1999,0,98133,47.7293,-122.343,1500,1245
3343902281,20150505T000000,310000.0,2,1.0,1020,8102,1.0,0,0,3,7,1020.0,0,1956,0,98056,47.5135,-122.193,1770,7291
6669020290,20150304T000000,279950.0,3,1.75,1720,9775,1.0,0,0,3,8,1720.0,0,1978,0,98032,47.3731,-122.286,1970,8400
1219000473,20140626T000000,164950.0,3,1.75,1570,15330,1.0,0,0,3,7,1080.0,490,1956,0,98166,47.4608,-122.34,1250,13330
7891600590,20150407T000000,336000.0,3,1.5,1240,5000,1.0,0,2,3,7,1240.0,0,1964,0,98106,47.5659,-122.36,1050,5000
1180007375,20150512T000000,625000.0,5,3.5,4010,6000,2.0,0,3,3,9,2560.0,1450,1997,0,98178,47.4928,-122.229,2440,6000
8605900060,20140603T000000,545000.0,3,1.75,1810,3000,1.5,0,0,4,7,1810.0,0,1903,0,98107,47.6599,-122.363,1140,3000
2523039282,20141121T000000,250000.0,2,1.0,1420,21158,1.0,0,0,3,7,1420.0,0,1953,0,98166,47.4594,-122.359,1220,8625
2140950130,20140911T000000,440000.0,4,2.5,2990,7928,2.0,0,0,3,9,2990.0,0,2011,0,98010,47.3139,-122.024,2810,7401
629420260,20141002T000000,750000.0,4,2.75,3190,9023,2.0,0,0,3,9,3190.0,0,2005,0,98075,47.5898,-121.989,3159,5615
7859960250,20150107T000000,585000.0,4,2.5,3000,6892,2.0,0,0,3,8,3000.0,0,2005,0,98072,47.7623,-122.165,3000,6589
7403200050,20141113T000000,1600000.0,3,2.25,3370,23065,1.0,1,4,3,10,1920.0,1450,1980,0,98028,47.7434,-122.263,3410,19688
3286800260,20150506T000000,780000.0,5,2.5,3480,74052,1.0,0,0,4,8,1980.0,1500,1972,0,98027,47.4961,-122.063,2610,65775
263000164,20141217T000000,425000.0,2,1.0,830,6030,1.0,0,0,4,6,830.0,0,1925,0,98103,47.6994,-122.347,1280,6030
7893205080,20141007T000000,270000.0,3,1.5,1230,7500,1.0,0,0,3,7,1230.0,0,1962,0,98198,47.4202,-122.331,1260,7800
2888000030,20140926T000000,500000.0,4,2.25,2270,8196,1.0,0,0,5,7,1150.0,1120,1963,0,98034,47.7214,-122.227,1920,10122
1126059095,20140526T000000,880000.0,3,2.0,2130,35169,1.0,0,0,4,8,2130.0,0,1989,0,98072,47.7489,-122.123,2860,43560
1837010040,20140905T000000,569500.0,4,2.5,2800,8190,1.0,0,0,3,8,1700.0,1100,1971,0,98177,47.7695,-122.368,2460,8165
7645900355,20150313T000000,850000.0,3,2.75,3180,3680,2.0,0,0,4,9,2190.0,990,1918,0,98126,47.577,-122.38,2000,3680
5672000020,20140805T000000,272000.0,3,1.5,1380,11760,1.0,0,0,4,7,1380.0,0,1963,0,98055,47.4243,-122.202,1650,9855
6181500100,20150429T000000,351000.0,3,2.5,2594,4455,2.0,0,0,3,8,2594.0,0,2012,0,98001,47.3054,-122.276,2981,4950
6139800390,20141006T000000,432500.0,3,2.5,1940,10800,1.0,0,0,3,8,1340.0,600,1979,0,98077,47.7471,-122.075,2080,9600
1003400245,20141201T000000,179950.0,3,1.0,1130,9907,1.0,0,0,3,7,1130.0,0,1954,0,98188,47.4362,-122.286,1320,9907
7334600730,20141211T000000,259000.0,4,1.75,1580,8856,2.0,0,0,3,7,1580.0,0,1979,0,98045,47.4694,-121.745,1390,9490
104560280,20140522T000000,273000.0,4,3.0,1990,6180,2.0,0,0,3,7,1990.0,0,1990,0,98023,47.3083,-122.36,1910,6180
9407101900,20140717T000000,280000.0,3,1.0,1370,11050,1.0,0,0,3,7,1370.0,0,1981,0,98045,47.4485,-121.776,1520,10000
2558690130,20140813T000000,465000.0,4,2.25,2140,7701,1.0,0,0,4,7,1470.0,670,1977,0,98034,47.7213,-122.171,2130,8050
2923039217,20140610T000000,350000.0,2,0.75,1392,43710,1.5,0,0,4,7,1392.0,0,1978,0,98070,47.4491,-122.453,1640,99316
629600130,20140801T000000,594950.0,4,2.25,2380,35008,1.0,0,0,3,8,2380.0,0,1977,0,98075,47.5834,-122.001,2250,34794
3298700671,20140731T000000,260000.0,2,1.0,820,6771,1.0,0,0,4,6,820.0,0,1918,0,98106,47.52,-122.354,1000,4440
3701000060,20141216T000000,880000.0,3,1.75,3860,9000,1.0,0,2,3,9,1930.0,1930,1970,0,98155,47.7431,-122.29,2960,9000
1951600250,20150406T000000,135000.0,3,1.0,830,9600,1.0,0,0,3,7,830.0,0,1959,0,98032,47.3698,-122.297,1240,9198
6817750140,20140708T000000,293000.0,3,2.25,1910,3481,2.0,0,0,3,8,1910.0,0,2009,0,98055,47.4293,-122.188,1714,3177
4307310400,20150409T000000,324500.0,3,2.5,1590,4108,2.0,0,0,3,7,1590.0,0,2003,0,98056,47.4832,-122.181,2160,3912
9268850180,20140718T000000,288790.0,3,1.75,1290,1237,2.0,0,0,3,7,1060.0,230,2008,0,98027,47.54,-122.026,1370,942
3126049415,20150407T000000,388000.0,3,1.75,1350,2325,3.0,0,0,3,7,1350.0,0,1999,0,98103,47.6965,-122.35,1520,1652
7202331160,20140616T000000,632500.0,5,2.5,2640,7096,2.0,0,0,3,7,2640.0,0,2003,0,98053,47.6827,-122.038,2640,4850
993000950,20140906T000000,320000.0,2,1.5,1110,1200,3.0,0,0,3,8,1110.0,0,2000,0,98103,47.6931,-122.342,1110,1363
7215730590,20140902T000000,700000.0,4,3.5,3150,6175,2.0,0,0,3,9,3150.0,0,2001,0,98075,47.5966,-122.017,3150,6986
1023059186,20150126T000000,252000.0,3,1.0,1530,9465,1.0,0,0,4,7,1530.0,0,1960,0,98059,47.4915,-122.151,1530,9465
3298701070,20150225T000000,180000.0,3,1.0,1090,6771,1.5,0,0,3,7,1090.0,0,1929,0,98106,47.5177,-122.353,1230,4662
7853420110,20150504T000000,625000.0,3,3.0,2780,6000,2.0,0,0,3,9,2780.0,0,2013,0,98065,47.5184,-121.886,2850,6000
8562780290,20141015T000000,329950.0,2,2.25,1260,1032,2.0,0,0,3,7,1170.0,90,2008,0,98027,47.5323,-122.072,1240,809
2325300060,20140515T000000,344000.0,3,2.5,1232,1130,3.0,0,0,3,7,1232.0,0,2007,0,98125,47.7185,-122.317,1232,1202
9285800275,20140814T000000,835000.0,3,2.25,2520,6690,2.0,0,2,5,8,1700.0,820,1944,1990,98126,47.5705,-122.381,1990,5792
1328340120,20150209T000000,315000.0,3,2.25,1530,7906,1.0,0,0,3,7,1150.0,380,1980,0,98058,47.4418,-122.136,1460,7875
8911000425,20140918T000000,345000.0,2,1.0,1130,8081,1.0,0,0,4,7,1130.0,0,1921,0,98133,47.7064,-122.355,1220,7800
3735900325,20150427T000000,485000.0,2,1.0,1080,4080,1.0,0,0,3,8,1080.0,0,1948,0,98115,47.6899,-122.32,1890,4080
6150200280,20140821T000000,375000.0,2,1.0,1810,8527,1.5,0,0,4,7,1810.0,0,1943,0,98133,47.7275,-122.336,1490,6800
7379700051,20150410T000000,375000.0,3,1.75,1590,14766,1.0,0,0,3,8,1590.0,0,1963,0,98007,47.5902,-122.147,2040,10190
3629870420,20140912T000000,970000.0,4,3.5,3780,20023,2.0,0,2,3,10,3780.0,0,2001,0,98029,47.5491,-122.006,2150,3675
8132700185,20150416T000000,425000.0,2,1.0,620,4455,1.0,0,0,3,6,620.0,0,1927,0,98117,47.6877,-122.395,1180,5000
1473120390,20141224T000000,439000.0,4,2.5,2690,9551,2.0,0,0,3,9,2690.0,0,1992,0,98058,47.4343,-122.156,2890,9121
1219000120,20150402T000000,340000.0,4,1.0,1140,13440,1.0,0,0,2,5,1140.0,0,1944,0,98166,47.4619,-122.344,1450,7560
1721800470,20140521T000000,230000.0,5,2.0,1930,6120,1.5,0,0,3,6,1930.0,0,1941,1969,98146,47.5073,-122.337,1130,6120
4253400104,20150212T000000,380950.0,2,2.0,1120,1039,2.0,0,0,3,7,840.0,280,2007,0,98144,47.5788,-122.315,1130,5400
5029460180,20140916T000000,260000.0,4,2.75,2250,7345,1.0,0,0,4,8,1320.0,930,1984,0,98023,47.2895,-122.37,1800,6950
3331000070,20140606T000000,735000.0,4,2.5,2820,6180,2.0,0,0,3,9,2050.0,770,2013,0,98118,47.5529,-122.281,1390,4635
7856610490,20140805T000000,875000.0,5,2.5,2530,8564,2.0,0,0,4,8,2530.0,0,1976,0,98006,47.5622,-122.153,2480,8714
6855700115,20140626T000000,357250.0,3,1.5,1400,8840,1.0,0,0,4,6,1400.0,0,1952,0,98125,47.7273,-122.309,1260,8840
9477000300,20140728T000000,425000.0,4,2.25,2060,8540,1.0,0,0,4,7,1540.0,520,1967,0,98034,47.734,-122.19,1560,7700
5595900316,20150129T000000,231000.0,4,1.0,1220,5120,1.5,0,0,5,6,1220.0,0,1940,0,98022,47.205,-121.996,1540,7670
2122059077,20140915T000000,198900.0,2,1.0,1210,18700,1.0,0,0,4,7,1210.0,0,1940,0,98042,47.3752,-122.166,2250,10048
7202340930,20141209T000000,634800.0,4,3.0,3280,4904,2.0,0,0,3,7,3280.0,0,2005,0,98053,47.6802,-122.033,2600,5004
4046601010,20141023T000000,399950.0,3,1.75,2450,15001,1.0,0,0,3,7,1980.0,470,1989,0,98014,47.6957,-121.913,1790,15323
2105200010,20140904T000000,515000.0,4,2.5,2030,39049,1.0,0,0,4,7,1530.0,500,1953,0,98166,47.4413,-122.345,2400,14605
6206100130,20140626T000000,772650.0,4,2.5,2660,10800,1.0,0,0,3,7,2660.0,0,1955,2014,98005,47.5894,-122.172,2640,10800
8648900110,20140505T000000,555000.0,3,2.5,1940,3211,2.0,0,0,3,8,1940.0,0,2009,0,98027,47.5644,-122.093,1880,3078
3037200141,20150309T000000,546000.0,2,2.25,1530,1324,2.0,0,0,3,8,1280.0,250,2010,0,98122,47.6032,-122.311,1410,1689
6848200475,20141126T000000,933000.0,3,1.5,1870,3300,2.0,0,2,3,7,1870.0,0,1906,0,98102,47.6221,-122.325,1820,2460
7272001610,20150317T000000,397000.0,4,2.5,2201,9542,2.0,0,0,3,8,2201.0,0,2006,0,98198,47.4002,-122.317,1990,9542
1630700361,20150409T000000,583500.0,4,1.75,2860,48351,1.0,0,0,3,8,1710.0,1150,1978,0,98077,47.7605,-122.085,2460,43560
5700002025,20150218T000000,665000.0,3,2.25,2580,6000,2.0,0,0,3,8,1780.0,800,1925,0,98144,47.5778,-122.289,2300,5995
6840701100,20141202T000000,382000.0,4,1.0,1740,4400,1.5,0,0,3,7,1740.0,0,1924,0,98122,47.6058,-122.3,1590,4400
179003055,20141113T000000,210000.0,3,1.0,1200,7500,1.0,0,0,3,6,1200.0,0,1905,1989,98178,47.4921,-122.275,1010,7000
7904700128,20141110T000000,385000.0,3,3.5,1370,1540,2.0,0,0,3,8,1100.0,270,2006,0,98116,47.5638,-122.388,1370,915
2858600083,20141222T000000,550000.0,5,2.5,2780,9272,2.0,0,0,3,8,2780.0,0,2014,0,98126,47.5168,-122.378,1150,8460
5332200405,20140602T000000,965000.0,4,2.5,2460,5000,2.0,0,0,5,8,1620.0,840,1938,0,98112,47.6282,-122.293,2320,5000
9297800165,20141211T000000,430000.0,4,2.25,2020,4840,1.5,0,0,5,8,1200.0,820,1925,0,98126,47.5576,-122.376,1410,4840
9209900335,20140509T000000,463000.0,2,1.0,1150,4400,1.0,0,0,4,7,1150.0,0,1905,0,98112,47.6226,-122.292,1240,4400
1901600095,20140626T000000,210000.0,2,1.0,720,8040,1.0,0,0,3,6,720.0,0,1943,0,98166,47.4662,-122.359,2300,9500
6072800205,20141119T000000,2375000.0,4,2.5,3220,20251,1.0,0,0,3,10,3220.0,0,1969,0,98006,47.5692,-122.192,4200,22114
8965520190,20141030T000000,1200000.0,3,2.5,3420,16622,1.0,0,4,3,10,2410.0,1010,1991,0,98006,47.5638,-122.105,3460,14566
5379805475,20140609T000000,234999.0,3,1.0,1330,8912,1.0,0,0,3,6,1330.0,0,1948,0,98188,47.4493,-122.274,1200,8913
9363600457,20140603T000000,785200.0,3,2.25,1840,3500,1.5,0,0,5,8,1540.0,300,1910,0,98122,47.6063,-122.292,1800,3300
7853420450,20140519T000000,575000.0,4,2.5,2500,4945,2.0,0,0,3,9,2500.0,0,2013,0,98065,47.5185,-121.885,2760,6000
1138000160,20140908T000000,343000.0,3,1.0,1120,7250,1.0,0,0,4,7,1120.0,0,1972,0,98034,47.7143,-122.211,1340,7302
3278604510,20140625T000000,364000.0,3,2.5,1800,2790,2.0,0,0,3,8,1800.0,0,2011,0,98126,47.5455,-122.371,1580,2036
1376800220,20140709T000000,425000.0,2,1.0,1320,8830,1.0,0,0,3,7,1020.0,300,1939,0,98199,47.6433,-122.404,1620,8531
207700180,20150121T000000,555000.0,5,2.5,2450,5047,2.0,0,0,3,8,2450.0,0,2007,0,98011,47.7724,-122.168,2450,4478
425049181,20140912T000000,350000.0,2,1.5,1070,937,3.0,0,0,3,8,1070.0,0,2003,0,98115,47.6761,-122.3,1100,3200
3821200050,20140604T000000,119500.0,3,1.0,1170,11000,1.0,0,0,2,6,1170.0,0,1980,0,98019,47.7346,-121.983,1590,10894
7518502210,20140530T000000,645500.0,2,1.0,1890,5202,1.5,0,0,4,7,1890.0,0,1909,0,98117,47.6786,-122.379,1670,5100
6850700670,20140513T000000,799200.0,6,3.0,2890,2370,2.5,0,0,3,7,2290.0,600,1906,0,98102,47.6227,-122.323,2180,2460
9406450090,20150408T000000,293000.0,4,2.25,2360,6260,2.0,0,0,3,7,2360.0,0,1998,0,98038,47.3882,-122.053,2144,6773
4385700250,20150407T000000,1800000.0,4,3.5,3480,4000,2.0,0,0,3,9,2460.0,1020,2015,0,98112,47.6356,-122.281,2620,4000
2838000180,20150220T000000,700000.0,3,2.5,2230,4006,2.0,0,0,3,8,2230.0,0,2014,0,98133,47.73,-122.335,2230,4180
3744600028,20141121T000000,390000.0,4,1.75,2690,46609,1.5,0,0,3,7,2690.0,0,1940,0,98146,47.4951,-122.352,1920,7302
723039189,20150102T000000,519000.0,3,1.75,1560,26099,1.0,0,3,4,8,1560.0,0,1973,0,98070,47.5023,-122.467,1760,19687
2954400190,20140624T000000,1295650.0,0,0.0,4810,28008,2.0,0,0,3,12,4810.0,0,1990,0,98053,47.6642,-122.069,4740,35061
1924059278,20140611T000000,762400.0,3,1.75,2430,14607,1.0,0,1,3,8,1230.0,1200,1949,1970,98040,47.5588,-122.211,2750,17425
928000020,20150128T000000,466000.0,3,2.25,1880,7279,1.0,0,0,3,7,1280.0,600,1962,0,98155,47.7574,-122.322,2020,8274
8857600780,20141003T000000,158550.0,5,1.5,1710,8100,1.5,0,0,4,7,1710.0,0,1961,0,98032,47.3839,-122.288,1480,8025
802000130,20141209T000000,490000.0,4,1.75,1870,9500,1.0,0,0,4,7,1090.0,780,1962,0,98033,47.7012,-122.187,2010,10000
2025700740,20140702T000000,275250.0,3,2.25,1520,7199,2.0,0,0,4,7,1520.0,0,1992,0,98038,47.3492,-122.034,1410,6751
4109600195,20140718T000000,524000.0,4,2.75,2310,5000,1.5,0,0,5,8,1480.0,830,1908,0,98118,47.5502,-122.268,1100,5000
114101516,20140528T000000,310000.0,3,1.0,1430,19901,1.5,0,0,4,7,1430.0,0,1927,0,98028,47.7558,-122.229,1780,12697
868000305,20140617T000000,554000.0,4,1.0,1120,7104,1.5,0,0,3,7,1120.0,0,1946,0,98177,47.7055,-122.372,1370,7104
9324800450,20141009T000000,560000.0,3,1.5,2790,6900,1.0,0,2,3,8,1700.0,1090,1955,0,98125,47.7328,-122.288,2410,8100
5416100020,20141209T000000,323000.0,3,1.75,1910,8329,1.0,0,0,3,8,1910.0,0,2004,0,98022,47.19,-122.016,2510,9259
7600136,20140718T000000,411000.0,2,2.0,1130,1148,2.0,0,0,3,9,800.0,330,2007,0,98122,47.6023,-122.314,1350,1201
8648100130,20150429T000000,306500.0,3,2.5,1970,6291,2.0,0,0,4,7,1970.0,0,1998,0,98042,47.3627,-122.073,1980,8852
9839300775,20140710T000000,655000.0,4,2.25,2170,4080,2.0,0,0,3,7,1920.0,250,1980,0,98122,47.6124,-122.293,1890,4400
5363200100,20141020T000000,897000.0,4,2.5,2820,6120,2.0,0,0,3,9,2820.0,0,2014,0,98115,47.6911,-122.293,1510,6120
8113101582,20150415T000000,515000.0,5,3.5,2310,5249,2.0,0,0,3,8,1560.0,750,2000,0,98118,47.5463,-122.272,1900,7296
1900600040,20140507T000000,265000.0,5,1.5,1500,7112,1.0,0,0,5,6,760.0,740,1920,0,98166,47.4692,-122.35,1200,7112
1139000072,20150403T000000,325000.0,2,1.5,1180,834,3.0,0,0,3,8,1180.0,0,2009,0,98133,47.7074,-122.356,1180,1207
7883602650,20150413T000000,250000.0,2,1.0,860,4320,1.0,0,0,3,7,860.0,0,1925,0,98108,47.5263,-122.325,980,6000
425069147,20150313T000000,610000.0,4,2.25,2240,45738,2.0,0,0,3,7,2240.0,0,1988,0,98053,47.687,-122.047,3180,45738
8812401450,20141229T000000,660000.0,10,3.0,2920,3745,2.0,0,0,4,7,1860.0,1060,1913,0,98105,47.6635,-122.32,1810,3745
9526600710,20140724T000000,759900.0,4,2.5,3000,5639,2.0,0,0,3,8,3000.0,0,2008,0,98052,47.7066,-122.115,3000,4587
809003105,20150408T000000,935000.0,3,2.0,1720,2000,1.5,0,0,3,8,1060.0,660,1910,2000,98109,47.6384,-122.35,1590,4000
1432600560,20141105T000000,166950.0,3,1.0,1190,8820,1.0,0,0,3,6,1190.0,0,1959,0,98058,47.4616,-122.184,1230,7980
8011100005,20150127T000000,398500.0,4,2.5,2250,6064,2.0,0,0,3,8,2250.0,0,2005,0,98056,47.4956,-122.174,1520,7840
3394100020,20141120T000000,990000.0,4,2.5,3140,11049,2.0,0,0,3,10,3140.0,0,1988,0,98004,47.5817,-122.192,2750,11049
3333000745,20150417T000000,350000.0,4,2.5,1660,2500,2.0,0,0,3,7,1660.0,0,2007,0,98118,47.5437,-122.283,1030,5000
2420069042,20150424T000000,240000.0,3,2.0,1553,6550,1.0,0,0,3,7,1553.0,0,1900,2001,98022,47.2056,-121.994,1010,10546
7370600050,20140819T000000,452000.0,2,1.0,1340,8100,1.0,0,2,3,8,1340.0,0,1950,0,98177,47.7212,-122.364,1680,7752
7399300860,20140825T000000,290000.0,3,2.25,1500,7308,1.0,0,0,4,7,1210.0,290,1968,0,98055,47.4621,-122.187,1480,7400
5379804470,20140617T000000,170000.0,4,1.0,1920,13787,1.0,0,0,4,7,1220.0,700,1966,0,98188,47.4502,-122.277,1490,11200
3396800120,20150427T000000,540000.0,3,2.5,2180,11100,1.0,0,0,3,8,1230.0,950,1983,0,98052,47.717,-122.101,1930,12000
7787050180,20150128T000000,585000.0,3,2.75,3080,7282,2.0,0,0,3,9,3080.0,0,2008,0,98059,47.4826,-122.149,3080,7274
7686203620,20140925T000000,260000.0,4,2.5,2050,12500,1.0,0,0,3,7,1300.0,750,1965,0,98198,47.42,-122.319,1790,7900
3862710010,20150501T000000,424950.0,3,2.5,1650,4777,2.0,0,0,3,8,1650.0,0,2013,0,98065,47.5336,-121.841,1800,3331
1245003330,20140731T000000,1260000.0,4,2.5,2880,9003,2.0,0,0,3,10,2880.0,0,2008,0,98033,47.6844,-122.199,2640,8126
8682230550,20140916T000000,428000.0,2,2.0,1350,4225,1.0,0,0,3,8,1350.0,0,2003,0,98053,47.7106,-122.03,1660,4225
9315100030,20140515T000000,190000.0,3,1.0,1090,8520,1.0,0,0,3,7,1090.0,0,1967,0,98003,47.3364,-122.307,1190,8520
4109600055,20141229T000000,614000.0,5,2.5,3150,5150,2.0,0,0,5,8,1870.0,1280,1907,2004,98118,47.5506,-122.269,1550,5150
5412400170,20150414T000000,259000.0,3,2.0,1390,7120,1.0,0,0,3,7,1390.0,0,1988,0,98030,47.3786,-122.179,1530,7688
3626079032,20140730T000000,396400.0,4,2.5,2120,215186,2.0,0,0,2,7,2120.0,0,1983,0,98014,47.701,-121.857,2000,215186
1254200075,20140509T000000,460000.0,4,1.75,1750,5500,1.5,0,0,5,7,1050.0,700,1926,0,98117,47.6802,-122.388,1640,5500
6084600420,20140905T000000,245000.0,4,2.25,2190,9113,2.0,0,0,3,7,2190.0,0,1986,0,98001,47.3241,-122.275,1570,8306
908000010,20141212T000000,360000.0,5,2.5,2880,6902,1.0,0,0,3,8,1680.0,1200,1976,2007,98058,47.4332,-122.144,2080,5586
7625701045,20141027T000000,360000.0,3,1.75,1510,6000,1.0,0,0,3,7,1060.0,450,1947,0,98136,47.5535,-122.39,1610,6000
8835900015,20141212T000000,475000.0,3,1.0,1600,7161,1.0,0,0,3,8,1600.0,0,1953,0,98118,47.5507,-122.261,1760,8280
5210200184,20140606T000000,452000.0,2,1.75,1740,5400,1.0,0,0,4,7,990.0,750,1946,0,98115,47.6971,-122.282,1980,5400
8902000201,20150219T000000,338500.0,3,2.25,1333,1470,3.0,0,3,3,7,1333.0,0,2009,0,98125,47.7058,-122.302,1360,1680
1442700430,20140808T000000,499950.0,5,2.5,3180,23809,1.0,0,0,3,9,3180.0,0,1978,0,98038,47.3727,-122.054,2500,15778
399000025,20150415T000000,265000.0,3,1.0,1360,5967,1.0,0,0,3,6,1360.0,0,1954,0,98178,47.4973,-122.256,1360,6052
952003575,20140527T000000,480000.0,3,1.0,1150,4945,1.0,0,2,3,7,1150.0,0,1943,0,98126,47.5663,-122.379,1390,4945
4038600300,20140902T000000,650000.0,4,3.0,2900,15535,1.0,0,2,4,7,1870.0,1030,1961,0,98008,47.612,-122.119,2330,10217
8822901301,20140908T000000,281000.0,3,1.5,1280,974,3.0,0,0,3,7,1280.0,0,2003,0,98125,47.7162,-122.293,1420,1422
91000135,20150507T000000,750000.0,4,1.5,2060,4000,1.5,0,2,3,7,1580.0,480,1920,1990,98103,47.6857,-122.353,1160,4000
225039177,20141208T000000,726500.0,4,2.5,2180,3893,2.0,0,0,3,8,2180.0,0,1999,0,98117,47.6886,-122.388,1710,4550
3343903240,20140722T000000,452000.0,3,2.0,2270,148975,1.0,0,0,4,6,1270.0,1000,1900,1980,98056,47.5092,-122.195,2210,17388
9485750110,20140918T000000,366000.0,3,1.75,1680,6108,1.0,0,0,3,8,1680.0,0,1989,0,98055,47.4501,-122.208,2220,5664
2493200215,20141231T000000,582000.0,3,1.75,1820,3140,2.0,0,0,5,8,1820.0,0,1949,1990,98136,47.5271,-122.384,2030,5499
9536601045,20150428T000000,227500.0,3,1.0,1540,9450,1.0,0,0,4,7,1540.0,0,1960,0,98198,47.3612,-122.315,1210,9450
1623069023,20140729T000000,820000.0,4,2.5,2920,252648,2.0,0,0,3,10,2920.0,0,2002,0,98027,47.4784,-122.048,2180,71874
8100000060,20140729T000000,208000.0,3,1.75,1070,7200,1.0,0,0,3,7,1070.0,0,1994,0,98010,47.3134,-122.023,1480,7200
5166700050,20150211T000000,600000.0,5,2.25,2760,6350,1.0,0,0,3,7,1380.0,1380,1958,0,98126,47.5561,-122.379,2060,6342
7159200040,20140917T000000,2900000.0,4,3.25,4580,4838,2.0,0,3,4,11,3080.0,1500,1991,0,98109,47.6305,-122.354,3540,6483
191100235,20140603T000000,1298000.0,4,3.5,2790,10125,1.5,0,0,5,8,2790.0,0,1985,0,98040,47.5651,-122.22,2570,10125
9550201495,20141003T000000,765000.0,3,1.75,2120,5000,2.0,0,0,3,7,1980.0,140,1920,2010,98103,47.6666,-122.331,2020,5000
2525300480,20150304T000000,224975.0,3,1.0,960,12745,1.0,0,0,4,6,960.0,0,1977,0,98038,47.3617,-122.03,1160,10488
4167700210,20140826T000000,240000.0,3,1.75,1520,9600,1.0,0,0,3,8,1520.0,0,1966,0,98023,47.3263,-122.365,2060,9600
1393800005,20150507T000000,355000.0,2,1.0,900,6656,1.0,0,0,3,7,900.0,0,1940,0,98126,47.5467,-122.377,1230,6400
6430500293,20141112T000000,395000.0,2,1.5,1010,3060,1.0,0,0,4,7,1010.0,0,1918,0,98103,47.6897,-122.354,1160,4080
7335400345,20140528T000000,135000.0,2,1.0,780,6685,1.0,0,0,4,5,780.0,0,1948,0,98002,47.305,-122.215,880,6695
524069115,20140509T000000,759000.0,3,2.25,2950,78843,1.5,0,0,3,9,2950.0,0,2006,0,98075,47.5917,-122.068,3880,78843
301400240,20140922T000000,282900.0,4,2.5,1710,3500,2.0,0,0,3,7,1710.0,0,2014,0,98002,47.3448,-122.217,1710,3500
1257200315,20140705T000000,1200000.0,4,2.5,2700,4275,2.0,0,0,3,9,2700.0,0,2004,0,98115,47.6725,-122.327,1810,4500
1328330780,20150415T000000,329950.0,3,1.0,1000,9170,1.0,0,0,3,7,1000.0,0,1980,0,98058,47.4405,-122.134,1610,9170
2595300155,20150224T000000,565000.0,4,1.5,2190,8296,2.0,0,0,3,7,2190.0,0,1935,1963,98136,47.5158,-122.385,1160,8160
9542830350,20140902T000000,296000.0,4,2.5,1780,3600,2.0,0,0,3,7,1780.0,0,2006,0,98038,47.3665,-122.017,2020,3802
3353400840,20141202T000000,230000.0,6,1.5,2140,36509,1.5,0,0,4,8,2140.0,0,1903,1979,98001,47.2668,-122.252,1710,12000
5379805910,20141113T000000,314000.0,5,2.75,2210,13500,1.0,0,0,5,7,1460.0,750,1963,0,98188,47.4468,-122.282,1590,10850
2597000006,20150309T000000,347500.0,3,1.5,1180,8353,1.0,0,0,3,7,1180.0,0,1960,0,98155,47.7652,-122.274,1710,8748
6806300750,20150318T000000,444900.0,4,2.5,3120,7448,2.0,0,0,3,9,3120.0,0,1998,0,98042,47.3645,-122.126,2980,8102
5316100920,20140725T000000,2250000.0,3,4.25,5150,7800,2.5,0,2,3,11,4170.0,980,1954,0,98112,47.6288,-122.282,4270,7800
8159620260,20140711T000000,303000.0,4,2.25,2560,8927,1.0,0,0,3,7,1790.0,770,1976,0,98001,47.34,-122.271,1920,9669
7877400266,20150407T000000,206000.0,3,1.0,970,9360,1.0,0,0,4,5,970.0,0,1942,0,98002,47.2808,-122.225,1050,11348
5466310730,20140822T000000,165000.0,3,2.5,1660,2415,2.0,0,0,3,7,1660.0,0,1983,0,98042,47.3763,-122.148,1740,2624
1959701800,20140702T000000,2147500.0,3,3.5,4660,5500,2.0,0,4,5,10,3040.0,1620,1909,0,98102,47.6465,-122.319,2980,5500
5420800090,20141117T000000,225000.0,3,2.5,1590,8449,2.0,0,0,3,7,1590.0,0,1989,0,98030,47.3493,-122.177,1750,7172
9471200265,20150505T000000,2500000.0,4,3.25,3960,16224,2.0,0,2,3,12,3100.0,860,1938,0,98105,47.6701,-122.259,3960,15050
7686202730,20140804T000000,200000.0,2,1.0,830,8000,1.0,0,0,3,6,830.0,0,1954,0,98198,47.4215,-122.318,1300,8000
5104450070,20150309T000000,435000.0,4,2.25,2730,7506,2.0,0,0,4,8,2730.0,0,1987,0,98058,47.4627,-122.152,2390,8015
3905040590,20150421T000000,560000.0,3,2.5,2180,7169,2.0,0,0,3,8,2180.0,0,1990,0,98029,47.5714,-122.002,2150,5914
2724069103,20140828T000000,389000.0,3,1.75,1400,10018,1.0,0,0,4,7,1400.0,0,1962,0,98027,47.5327,-122.032,1350,9300
3904100106,20150427T000000,335000.0,3,1.0,2320,6750,1.0,0,0,3,7,1160.0,1160,1960,0,98118,47.5327,-122.276,1230,6075
8651442520,20141015T000000,228950.0,4,3.0,2160,5200,1.0,0,0,3,7,1320.0,840,1978,0,98042,47.3627,-122.091,1460,5144
5101405274,20140529T000000,389000.0,2,1.0,910,7000,1.0,0,0,3,7,910.0,0,1952,0,98115,47.6999,-122.305,1260,7528
3893100319,20150323T000000,450000.0,3,1.75,1390,11700,1.0,0,0,4,7,1390.0,0,1966,0,98033,47.7002,-122.192,1060,8686
926069009,20140609T000000,649950.0,4,2.5,2350,63162,2.0,0,0,4,8,2350.0,0,1994,0,98077,47.7545,-122.047,2370,63162
8562780200,20150427T000000,352499.0,2,2.25,1240,705,2.0,0,0,3,7,1150.0,90,2009,0,98027,47.5321,-122.073,1240,750
1115800440,20140918T000000,525000.0,4,1.75,1650,8560,1.0,0,0,3,8,1650.0,0,1970,0,98052,47.6652,-122.146,1700,8560
7852180560,20150424T000000,403000.0,3,2.5,1700,4125,2.0,0,0,3,7,1700.0,0,2004,0,98065,47.5305,-121.854,1970,4105
3828000405,20150116T000000,176500.0,3,1.0,930,9900,1.5,0,0,4,5,930.0,0,1910,0,98032,47.3745,-122.231,930,7200
8155500020,20141018T000000,530000.0,5,2.75,2500,7140,1.0,0,0,4,7,1250.0,1250,1968,0,98008,47.6225,-122.108,2230,8400
3819500065,20141028T000000,290000.0,3,1.75,1460,7980,1.0,0,0,3,7,1460.0,0,1972,0,98028,47.7713,-122.265,1920,7980
573000685,20140717T000000,805000.0,2,1.75,1550,6000,1.0,0,1,3,7,1550.0,0,1920,0,98199,47.6712,-122.409,2360,6000
3840700455,20140523T000000,410000.0,3,2.0,1650,9641,1.5,0,0,3,7,1650.0,0,1983,0,98034,47.7145,-122.231,1940,6701
1745000090,20141110T000000,208000.0,3,1.5,1210,7247,1.0,0,0,4,7,1210.0,0,1967,0,98003,47.328,-122.321,1370,7869
7129302685,20140911T000000,699000.0,3,2.0,2010,4320,2.0,0,2,3,9,2010.0,0,1999,0,98118,47.5153,-122.256,1640,5225
9465200405,20140821T000000,412000.0,2,1.0,910,6282,1.0,0,0,4,7,910.0,0,1939,0,98103,47.6967,-122.354,970,6281
1568100076,20141210T000000,345950.0,5,1.0,1340,11198,1.5,0,0,3,8,1340.0,0,1934,0,98155,47.736,-122.295,1390,8020
2924079034,20140925T000000,332220.0,3,1.5,2580,47480,1.0,0,0,3,7,1360.0,1220,1953,0,98024,47.5333,-121.933,1760,48181
2592210290,20141010T000000,870000.0,4,2.5,2650,12001,2.0,0,0,4,9,2650.0,0,1984,0,98006,47.5496,-122.14,2880,14054
2372800100,20140925T000000,245000.0,3,1.5,1550,9126,1.0,0,0,5,7,1550.0,0,1957,0,98022,47.2012,-122.0,1450,9282
8857100060,20141110T000000,277700.0,2,1.5,1240,1055,2.0,0,0,3,8,1200.0,40,1967,0,98008,47.6104,-122.112,1410,1340
3792400110,20140630T000000,492650.0,4,1.75,2120,9786,1.0,0,0,3,8,1640.0,480,1967,0,98177,47.7753,-122.365,2310,8787
369000045,20141010T000000,617000.0,3,2.5,1880,5500,2.0,0,0,4,7,1880.0,0,1947,2007,98199,47.657,-122.393,1230,5500
2395710010,20140605T000000,376000.0,4,2.75,2420,5773,2.0,0,0,3,8,2420.0,0,2005,0,98038,47.3772,-122.029,2420,6200
4139480190,20140916T000000,1153000.0,3,3.25,3780,10623,1.0,0,1,3,11,2650.0,1130,1999,0,98006,47.5506,-122.101,3850,11170
6126500060,20141124T000000,329950.0,3,1.75,2080,5969,1.0,0,2,3,7,1080.0,1000,1971,0,98108,47.5474,-122.295,2090,5500
4051100390,20150508T000000,240000.0,3,1.0,1310,7125,1.0,0,0,4,7,1310.0,0,1978,0,98042,47.3739,-122.148,1650,7290
7694800180,20150205T000000,666000.0,3,2.5,2140,2868,2.0,0,0,3,8,1770.0,370,2007,0,98052,47.6668,-122.132,2140,2527
9238900390,20140905T000000,460000.0,3,1.0,1860,6360,1.0,0,0,3,8,1470.0,390,1954,0,98136,47.5327,-122.392,1770,6175
1279300085,20150318T000000,654500.0,4,1.0,1780,5000,1.5,0,0,3,8,1780.0,0,1947,0,98115,47.6761,-122.297,2030,5000
8081030090,20140815T000000,1288000.0,4,3.5,3700,13175,2.0,0,0,4,11,3700.0,0,1989,0,98006,47.5471,-122.133,3880,15508
6117502455,20140513T000000,375000.0,3,1.0,1190,9486,1.0,0,0,4,7,1190.0,0,1953,0,98166,47.4319,-122.339,2100,10400
4014400237,20140523T000000,132500.0,3,1.0,1080,10500,1.0,0,0,3,7,1080.0,0,1967,0,98001,47.32,-122.278,1200,9607
7802900504,20140625T000000,454000.0,3,1.0,1970,22144,1.0,0,0,4,7,1970.0,0,1970,0,98065,47.5234,-121.841,1970,13500
722059020,20150318T000000,550000.0,6,4.5,4520,40164,2.0,0,0,3,9,3580.0,940,1953,2008,98031,47.407,-122.216,2870,13068
7856700920,20140628T000000,699900.0,4,2.5,2190,11500,1.0,0,0,4,8,1430.0,760,1972,0,98006,47.5668,-122.147,2580,9700
8665050490,20140924T000000,480680.0,3,2.5,1730,4924,2.0,0,0,3,8,1730.0,0,1996,0,98029,47.5672,-122.005,1610,4313
2988800011,20150414T000000,244000.0,3,1.0,2000,15900,1.0,0,0,3,6,1000.0,1000,1948,0,98178,47.4816,-122.233,1760,10500
3163600015,20150128T000000,156000.0,2,1.0,600,4000,1.0,0,0,3,5,600.0,0,1933,0,98146,47.5065,-122.339,1290,6973
5244801550,20140916T000000,1112000.0,4,3.0,2770,2650,2.0,0,0,3,9,2180.0,590,2014,0,98109,47.6435,-122.354,1820,2960
1337800805,20140703T000000,1755000.0,3,2.0,2360,4800,2.0,0,0,3,9,2360.0,0,1909,2014,98112,47.6317,-122.312,2260,4800
2162000160,20150303T000000,992000.0,3,2.25,2950,15207,1.0,0,0,4,10,2070.0,880,1966,0,98040,47.5571,-122.216,2950,22000
8018600980,20141203T000000,187250.0,2,1.0,710,14700,1.0,0,0,5,6,710.0,0,1926,0,98168,47.4939,-122.318,1320,14700
7843500090,20140822T000000,299500.0,4,2.5,2010,12085,2.0,0,0,3,8,2010.0,0,1986,0,98042,47.3406,-122.057,1910,12133
1591600527,20150423T000000,333500.0,3,1.5,2230,9120,1.0,0,0,3,7,1390.0,840,1959,0,98146,47.5008,-122.358,1420,8450
7852190290,20150303T000000,564000.0,4,2.5,2870,6658,2.0,0,0,3,8,2870.0,0,2004,0,98065,47.5394,-121.878,2770,6658
1828000230,20140714T000000,498000.0,3,2.0,1620,8400,1.0,0,0,3,7,1180.0,440,1968,0,98052,47.6574,-122.128,2120,8424
9149000180,20140819T000000,374950.0,3,2.5,2120,9653,2.0,0,0,3,8,2120.0,0,1992,0,98030,47.3843,-122.213,1780,9801
2141500040,20140912T000000,440000.0,4,2.5,2400,8038,2.0,0,0,3,8,2400.0,0,2002,0,98059,47.4881,-122.143,2040,7756
7657000225,20140719T000000,205000.0,3,1.0,860,7467,1.0,0,0,3,6,860.0,0,1944,0,98178,47.4947,-122.237,1280,7467
1085623630,20141003T000000,436952.0,4,2.5,2708,4772,2.0,0,0,3,9,2708.0,0,2014,0,98092,47.3413,-122.178,2502,4900
3131201105,20140709T000000,580000.0,3,1.75,1850,5100,1.0,0,0,3,7,1020.0,830,1909,0,98105,47.6605,-122.326,1850,5100
6072650290,20150406T000000,560000.0,3,1.75,2340,12443,1.5,0,0,4,8,2340.0,0,1965,0,98006,47.5432,-122.177,1970,9600
4047200580,20150302T000000,265000.0,2,1.5,1440,22081,2.0,0,0,3,7,1440.0,0,1990,0,98019,47.7698,-121.896,1440,19544
5457800740,20150407T000000,1000000.0,3,1.75,2610,6360,2.0,0,2,3,8,2130.0,480,1924,0,98109,47.6287,-122.351,3010,6000
7199350600,20140602T000000,568500.0,3,2.75,2180,7519,1.0,0,0,4,7,1310.0,870,1981,0,98052,47.6959,-122.125,1510,7107
3797000295,20150312T000000,492000.0,2,1.0,880,2970,1.0,0,0,3,7,880.0,0,1927,0,98103,47.6868,-122.349,1370,3060
7349650330,20140609T000000,270000.0,4,2.75,1990,7252,1.0,0,0,3,7,1270.0,720,1999,0,98002,47.2839,-122.202,2100,7535
1788800610,20140902T000000,105000.0,3,1.0,840,8400,1.0,0,0,3,6,840.0,0,1959,0,98023,47.3277,-122.343,840,9450
2120069003,20141124T000000,220000.0,3,1.0,1000,223462,1.0,0,2,4,6,1000.0,0,1933,0,98022,47.2099,-122.043,1710,105850
1036700220,20141110T000000,470000.0,4,2.0,2410,4680,2.0,0,0,3,9,2410.0,0,1974,0,98008,47.6234,-122.113,1910,4611
9320350020,20140630T000000,490000.0,4,3.0,2330,3497,2.0,0,0,3,9,1920.0,410,2003,0,98108,47.554,-122.308,2330,5242
1829300520,20150412T000000,746500.0,4,2.5,3460,9699,2.0,0,0,3,10,3460.0,0,1987,0,98074,47.637,-122.04,3140,10631
3580900160,20141010T000000,311000.0,3,1.0,1310,8370,1.5,0,0,3,7,1310.0,0,1962,0,98034,47.7284,-122.241,1310,8370
5561401110,20140627T000000,460000.0,4,2.5,2110,35091,1.0,0,0,4,8,1290.0,820,1985,0,98027,47.467,-122.014,2740,36427
2311400056,20141201T000000,1987500.0,5,3.5,5230,8960,2.0,0,0,3,11,4450.0,780,2014,0,98004,47.5964,-122.201,2310,9603
114101500,20150417T000000,325000.0,4,1.75,1370,9993,1.0,0,0,3,6,1370.0,0,1918,0,98028,47.7572,-122.228,1650,11592
3751600635,20141110T000000,264500.0,3,1.5,1580,14040,1.0,0,0,3,7,1050.0,530,1980,0,98001,47.2932,-122.267,2240,12000
520069032,20140716T000000,267300.0,3,1.75,1890,93218,1.0,0,0,4,7,1890.0,0,1964,0,98092,47.2568,-122.07,1690,172062
3625500130,20140530T000000,1256500.0,4,2.5,3150,13700,2.0,0,0,4,9,3150.0,0,1966,0,98040,47.5309,-122.224,3200,11900
2111010080,20140617T000000,330000.0,3,2.5,3040,7232,2.0,0,0,3,7,3040.0,0,2003,0,98092,47.3355,-122.168,2760,6926
2558640340,20140527T000000,375000.0,3,1.75,1440,8775,1.0,0,0,3,7,1440.0,0,1973,0,98034,47.7231,-122.17,1790,7865
1775801260,20150311T000000,425000.0,4,2.5,1930,14196,1.0,0,0,4,7,1330.0,600,1977,0,98072,47.7407,-122.097,1470,12852
2061100435,20140724T000000,499950.0,3,1.0,1440,5580,1.5,0,0,3,7,1440.0,0,1908,0,98115,47.6898,-122.326,2010,5580
3092000030,20140808T000000,270000.0,3,2.25,1470,16728,1.0,0,0,4,7,1350.0,120,1959,0,98168,47.4968,-122.302,1540,9000
3905081350,20150109T000000,560000.0,4,2.75,1950,6192,2.0,0,0,3,8,1950.0,0,1992,0,98029,47.5698,-121.999,2040,5441
2768000295,20150417T000000,625000.0,3,1.75,2100,3264,1.5,0,0,5,7,1350.0,750,1912,0,98107,47.6702,-122.364,1720,3750
9362000040,20140623T000000,3400000.0,3,4.5,5230,17826,2.0,1,4,3,10,3740.0,1490,2005,0,98040,47.5348,-122.243,3670,17826
7548300731,20140808T000000,559950.0,3,2.5,1660,1458,3.0,0,0,3,9,1660.0,0,2014,0,98144,47.5876,-122.309,1660,1784
255520150,20140902T000000,539000.0,3,2.5,2830,9972,2.0,0,0,3,9,2830.0,0,2006,0,98019,47.7382,-121.975,3557,9159
952001765,20140707T000000,558000.0,2,2.0,1580,5750,1.0,0,0,5,6,790.0,790,1910,0,98116,47.5668,-122.384,1580,5750
9335400005,20141010T000000,292000.0,4,1.75,2130,11097,1.0,0,0,3,7,1370.0,760,1952,0,98166,47.4629,-122.356,1850,11097
3578700017,20150123T000000,695000.0,4,2.5,3010,11393,2.0,0,0,3,8,3010.0,0,2005,0,98028,47.7389,-122.221,2810,11282
1225039052,20141112T000000,465000.0,3,3.25,1510,1850,2.0,0,2,3,8,1230.0,280,2001,0,98107,47.6683,-122.362,1540,1840
3262300920,20150408T000000,1200000.0,4,3.0,2150,8119,2.0,0,0,3,8,2150.0,0,1953,2004,98039,47.6335,-122.236,1590,8119
9530100921,20141027T000000,483000.0,4,1.5,1220,3780,1.5,0,0,3,7,1220.0,0,1927,0,98107,47.6667,-122.36,1400,3185
3362401815,20140930T000000,764000.0,3,2.0,1420,4080,1.5,0,0,5,8,1420.0,0,1904,0,98103,47.6801,-122.348,1220,3060
8099900490,20140515T000000,420000.0,3,2.0,1640,9972,1.0,0,0,4,7,1640.0,0,1977,0,98075,47.5812,-122.002,1680,10165
3342101795,20141111T000000,430000.0,4,2.75,1820,5400,1.0,0,0,4,7,1220.0,600,1988,0,98056,47.5204,-122.205,1630,5400
5652600069,20140917T000000,440000.0,3,1.5,1690,6010,1.0,0,0,3,7,1230.0,460,1946,0,98115,47.6955,-122.291,1690,5418
3629970190,20150126T000000,769000.0,4,3.5,3010,6202,2.0,0,0,3,9,3010.0,0,2005,0,98029,47.5533,-121.993,2520,5001
1026049036,20140910T000000,275000.0,2,1.0,1140,10404,1.0,0,0,3,5,1140.0,0,1935,0,98155,47.7497,-122.286,2200,11550
1339300025,20140602T000000,809000.0,4,1.5,1840,4337,2.0,0,0,4,8,1840.0,0,1917,0,98112,47.6312,-122.307,2250,4337
1424069044,20140910T000000,450000.0,3,1.0,1290,47044,1.0,0,0,3,7,1150.0,140,1968,0,98029,47.5655,-121.998,1960,49658
109200390,20141020T000000,250000.0,3,1.75,1480,3900,1.0,0,0,4,7,1480.0,0,1980,0,98023,47.2977,-122.367,1830,6956
2303900035,20140611T000000,2888000.0,5,6.25,8670,64033,2.0,0,4,3,13,6120.0,2550,1965,2003,98177,47.7295,-122.372,4140,81021
426059055,20141003T000000,620000.0,3,1.75,2410,35236,1.0,0,0,3,8,2410.0,0,1980,2001,98072,47.7651,-122.166,2110,16980
3935900232,20140929T000000,207000.0,3,1.0,920,5546,1.0,0,0,2,6,920.0,0,1928,0,98125,47.7114,-122.284,1300,5546
715010110,20140804T000000,1240420.0,5,3.25,5790,13726,2.0,0,3,3,10,4430.0,1360,2014,0,98006,47.5388,-122.114,5790,13726
4137070440,20140930T000000,329000.0,5,2.75,2570,7260,2.0,0,0,3,8,2570.0,0,1996,0,98092,47.2622,-122.212,2200,7421
952002765,20141114T000000,460000.0,4,1.75,1720,3050,1.5,0,0,5,7,1040.0,680,1929,0,98116,47.5654,-122.384,1570,6100
8815400105,20140603T000000,500000.0,3,1.75,1620,4200,1.0,0,0,5,7,830.0,790,1945,0,98115,47.6743,-122.285,1580,5000
3024059078,20140605T000000,610000.0,4,1.75,1830,29110,2.0,0,0,3,8,1230.0,600,1990,0,98040,47.5449,-122.215,3630,16488
6413100122,20140711T000000,369950.0,3,1.75,1640,4860,1.0,0,0,3,8,1200.0,440,1965,0,98125,47.7125,-122.32,1480,7200
9187200228,20150313T000000,448175.0,2,2.0,1370,1339,2.0,0,0,4,8,1150.0,220,2006,0,98122,47.6021,-122.295,1370,1339
9517200480,20140702T000000,535000.0,3,1.75,2330,12141,1.0,0,0,3,7,1390.0,940,1983,0,98072,47.7607,-122.146,1850,12141
6672900220,20150112T000000,984000.0,4,2.25,2390,12292,1.0,0,0,5,9,2390.0,0,1962,0,98040,47.5528,-122.221,2870,12337
1156000100,20141224T000000,246700.0,3,2.0,1610,13309,1.0,0,0,4,7,1610.0,0,1967,0,98042,47.3398,-122.133,1610,15725
4222310220,20140825T000000,235500.0,3,1.5,1380,7600,1.0,0,0,4,7,790.0,590,1971,0,98003,47.3489,-122.306,1570,7904
1471610060,20140708T000000,370000.0,3,1.75,1570,16817,2.0,0,0,3,7,1570.0,0,1982,0,98045,47.4716,-121.756,1600,16817
126049167,20140619T000000,380000.0,4,2.25,2150,20181,1.0,0,0,3,7,1090.0,1060,1963,0,98028,47.7627,-122.245,2150,10480
422069067,20150512T000000,276500.0,4,2.25,2380,128937,1.0,0,0,4,7,2380.0,0,1960,0,98038,47.4253,-122.043,1030,114998
822039146,20150219T000000,485000.0,3,2.0,2410,50654,1.5,0,0,3,7,2410.0,0,1995,0,98070,47.4154,-122.458,1900,36300
5541300135,20140708T000000,674600.0,4,2.5,2610,5140,2.0,0,0,3,8,2610.0,0,2006,0,98103,47.6951,-122.346,1190,5101
3422059085,20150324T000000,157340.0,2,1.0,900,23000,1.0,0,0,2,7,900.0,0,1953,0,98042,47.3576,-122.156,1460,8265
2025701060,20141117T000000,264500.0,3,2.25,1370,7087,2.0,0,0,3,7,1370.0,0,1993,0,98038,47.3504,-122.035,1400,6600
7974200948,20140520T000000,953007.0,4,3.5,3120,5086,2.0,0,0,3,9,2480.0,640,2008,0,98115,47.6762,-122.288,1880,5092
2061100265,20150317T000000,370000.0,2,1.0,1250,4960,1.0,0,0,3,7,940.0,310,1938,0,98115,47.6893,-122.325,2030,7440
6189200125,20150325T000000,849950.0,3,3.0,2990,9773,2.0,0,0,4,8,2990.0,0,1973,0,98005,47.6344,-122.174,2230,11553
8682301050,20141202T000000,705000.0,2,2.5,2300,6400,1.0,0,0,3,8,2300.0,0,2007,0,98053,47.7196,-122.02,2300,6400
7338000150,20150129T000000,160000.0,2,1.0,1070,4200,1.0,0,0,4,6,1070.0,0,1983,0,98002,47.3336,-122.215,1150,4200
1775800740,20150206T000000,414250.0,4,1.75,1640,13566,1.0,0,0,4,7,1120.0,520,1977,0,98072,47.7423,-122.099,1470,13530
4435000705,20150309T000000,255500.0,3,1.0,1350,8700,1.5,0,0,3,6,1350.0,0,1942,0,98188,47.4497,-122.289,1300,8700
4406000390,20140521T000000,255000.0,3,1.5,1060,9039,1.0,0,0,3,7,1060.0,0,1973,2013,98058,47.4293,-122.151,1410,9515
7461420210,20150223T000000,275000.0,3,1.75,1290,9760,1.0,0,0,3,7,1290.0,0,1979,0,98058,47.4265,-122.148,1410,8034
622049114,20150218T000000,2125000.0,3,2.5,5403,24069,2.0,1,4,4,12,5403.0,0,1976,0,98166,47.4169,-122.348,3980,104374
8645500270,20141028T000000,246000.0,4,1.75,1720,7455,1.0,0,0,4,7,1020.0,700,1963,0,98058,47.4669,-122.182,1720,7700
2767603250,20150309T000000,622000.0,3,2.25,1550,1919,3.0,0,0,3,8,1550.0,0,2003,0,98107,47.6729,-122.379,1550,2918
3630110220,20141012T000000,785000.0,4,2.5,2960,4750,2.0,0,0,3,9,2960.0,0,2005,0,98029,47.5544,-121.993,2960,4750
7520000440,20150209T000000,214000.0,3,2.0,1580,5080,1.0,0,0,4,6,800.0,780,1942,0,98146,47.4963,-122.35,1580,7114
1176001195,20140621T000000,375000.0,2,1.0,1230,1820,2.0,0,0,4,7,830.0,400,1948,0,98107,47.6684,-122.401,1660,3056
5141000571,20140825T000000,267000.0,1,1.0,800,2480,1.0,0,0,4,6,800.0,0,1919,0,98108,47.5581,-122.316,1490,4650
5628300015,20141106T000000,375000.0,3,2.0,1640,9750,1.0,0,0,3,7,1640.0,0,1959,0,98028,47.7425,-122.241,1340,9750
8649400790,20150113T000000,160000.0,3,1.0,1340,18552,1.5,0,0,4,5,1340.0,0,1935,0,98014,47.7129,-121.325,960,15141
2004100075,20150326T000000,332000.0,2,1.0,1150,8138,1.0,0,0,3,7,1150.0,0,1954,0,98155,47.737,-122.325,1300,8139
438000015,20140916T000000,555000.0,4,1.75,2350,5946,1.0,0,2,3,8,1350.0,1000,1957,0,98115,47.6879,-122.298,2060,6000
5245400030,20150223T000000,255000.0,4,1.0,1250,9102,1.0,0,0,3,7,1250.0,0,1955,0,98148,47.4258,-122.327,1260,9180
809002765,20141022T000000,610000.0,3,1.0,1180,3400,1.5,0,0,3,8,1180.0,0,1907,0,98109,47.6376,-122.353,1440,3400
7853360720,20140908T000000,485000.0,3,2.5,2430,5867,2.0,0,0,3,7,2430.0,0,2011,0,98065,47.5162,-121.872,2620,5866
7437100340,20141222T000000,360000.0,4,2.5,1900,5889,2.0,0,0,3,7,1900.0,0,1992,0,98038,47.349,-122.031,1870,6405
3057000400,20140708T000000,249000.0,2,1.5,1090,2686,2.0,0,0,3,7,1090.0,0,1982,0,98034,47.717,-122.19,1160,2158
8682290660,20141126T000000,699950.0,2,2.5,2390,7489,1.0,0,0,3,8,2390.0,0,2007,0,98053,47.7243,-122.032,2170,7489
7309100270,20140626T000000,580000.0,4,1.75,1720,6975,1.0,0,0,3,8,1420.0,300,1975,0,98052,47.6506,-122.121,2210,7875
3886902505,20150311T000000,616300.0,3,2.0,1700,8400,2.0,0,2,3,7,1700.0,0,1927,0,98033,47.6825,-122.19,1820,9000
3299710110,20140528T000000,782000.0,4,3.5,3910,8095,2.0,0,0,3,9,3130.0,780,2007,0,98029,47.5588,-122.036,3770,7021
2595650170,20140609T000000,367300.0,4,2.75,2190,14937,2.0,0,0,3,8,2190.0,0,1993,0,98001,47.3535,-122.273,1920,11360
9828200762,20140628T000000,650000.0,2,1.0,1050,2542,1.0,0,0,3,7,880.0,170,1904,0,98122,47.6172,-122.298,1620,1809
3123800125,20141121T000000,315000.0,2,1.0,900,8556,1.0,0,0,3,6,760.0,140,1941,0,98136,47.5148,-122.386,1500,8556
6791900260,20140708T000000,760005.0,4,2.75,3090,5859,2.0,0,0,3,9,3090.0,0,2010,0,98074,47.6057,-122.047,2960,5250
7787110510,20140620T000000,397000.0,4,2.5,2320,11717,2.0,0,0,3,8,2320.0,0,1997,0,98045,47.484,-121.78,2320,9714
3751602249,20150305T000000,205000.0,4,1.0,1340,7920,1.0,0,0,4,7,1340.0,0,1970,0,98001,47.2845,-122.267,1090,9600
4046500510,20140905T000000,307000.0,3,1.75,1410,16105,1.0,0,0,3,7,1410.0,0,1982,0,98014,47.6927,-121.913,1550,18615
1023059429,20150122T000000,380000.0,4,2.5,2100,5857,2.0,0,0,3,8,2100.0,0,2002,0,98059,47.4956,-122.163,2090,7779
9513900050,20140812T000000,237000.0,3,2.0,1210,6634,1.0,0,0,4,7,1210.0,0,1985,0,98031,47.4097,-122.193,1560,7200
203101330,20140701T000000,485000.0,3,2.25,2440,47916,2.0,0,0,3,8,2090.0,350,1991,0,98053,47.6347,-121.958,2150,24000
8150600065,20140924T000000,382000.0,3,2.0,1360,4840,1.5,0,0,3,8,1360.0,0,1936,0,98126,47.5487,-122.376,1450,4840
2660500365,20150106T000000,392000.0,3,1.0,1230,9600,1.0,0,0,3,7,1230.0,0,1952,0,98118,47.5553,-122.288,1510,6600
9346920070,20140822T000000,583000.0,3,1.75,1930,10183,1.0,0,0,4,8,1480.0,450,1975,0,98006,47.5624,-122.135,2320,10000
2025049064,20140915T000000,796000.0,3,1.0,1980,3243,1.5,0,0,3,8,1980.0,0,1912,0,98102,47.6429,-122.327,1380,1249
8651710190,20141024T000000,502000.0,4,2.25,2140,10943,1.0,0,0,3,7,1550.0,590,1977,0,98034,47.7271,-122.215,2350,9000
1441800010,20141208T000000,459900.0,3,2.25,2250,8000,1.0,0,0,3,8,1460.0,790,1976,0,98034,47.7229,-122.202,1930,9000
8665050080,20141010T000000,445000.0,3,2.5,1730,4408,2.0,0,0,3,8,1730.0,0,1996,0,98029,47.5683,-122.005,1730,4408
2802200100,20140811T000000,543000.0,4,2.25,2060,8767,2.0,0,0,3,8,2060.0,0,1983,0,98052,47.7228,-122.103,1610,8062
669000350,20140926T000000,1245000.0,3,3.0,4610,8400,2.0,0,2,3,8,2790.0,1820,1947,1999,98144,47.5854,-122.292,2160,5000
1250202145,20140828T000000,1072000.0,2,2.25,3900,14864,1.0,0,3,3,8,1950.0,1950,1947,0,98144,47.5884,-122.291,2580,5184
4222200280,20141021T000000,225000.0,3,2.0,1460,7740,1.0,0,0,3,7,1460.0,0,1968,0,98003,47.3467,-122.306,1540,7644
5611500140,20140822T000000,686000.0,4,2.5,2760,6440,2.0,0,0,3,10,2760.0,0,1999,0,98075,47.5836,-122.026,3070,8127
7383450250,20150311T000000,374950.0,4,2.5,2090,3777,2.0,0,0,3,8,2090.0,0,2012,0,98038,47.3595,-122.042,2160,3993
3052700432,20141112T000000,490000.0,3,2.25,1500,1290,2.0,0,0,3,8,1220.0,280,2006,0,98117,47.6785,-122.375,1460,1375
6383000825,20150325T000000,560000.0,2,1.0,1790,15783,1.0,0,0,4,8,1360.0,430,1959,0,98117,47.691,-122.387,1790,7494
8691310840,20140509T000000,833000.0,4,2.75,3780,10308,2.0,0,0,3,10,3780.0,0,1999,0,98075,47.589,-121.983,3500,10740
7942600006,20141126T000000,345000.0,3,1.0,1390,2640,1.5,0,0,3,7,1230.0,160,1903,0,98122,47.6078,-122.307,1780,3920
8682292020,20140915T000000,450000.0,2,2.0,1510,4908,1.0,0,0,3,8,1510.0,0,2006,0,98053,47.7196,-122.024,1440,3921
1797500985,20140902T000000,883000.0,4,2.25,2410,4000,2.0,0,0,5,8,1650.0,760,1910,0,98115,47.6727,-122.316,1820,4000
7212660640,20150326T000000,333000.0,4,2.5,2400,7270,2.0,0,0,3,8,2400.0,0,1993,0,98003,47.2697,-122.312,2150,6584
9264950410,20150504T000000,369000.0,4,2.5,2550,7349,2.0,0,0,3,9,2550.0,0,1989,0,98023,47.3059,-122.349,2400,8508
5409800140,20150217T000000,410500.0,4,2.5,3362,8601,2.0,0,0,3,8,3362.0,0,2004,0,98003,47.2592,-122.304,2770,8601
7203140110,20150324T000000,392137.0,3,2.0,1460,3696,2.0,0,0,3,7,1460.0,0,2010,0,98053,47.6861,-122.013,1720,3631
6821101732,20150219T000000,550000.0,3,2.25,1230,875,3.0,0,0,3,8,1230.0,0,2013,0,98199,47.6521,-122.4,1760,5664
7327902612,20150513T000000,269500.0,2,1.0,930,4000,1.0,0,0,3,6,730.0,200,1943,0,98108,47.5321,-122.323,1100,5000
8682291390,20150403T000000,705000.0,2,2.5,2305,5580,1.0,0,0,3,8,2305.0,0,2007,0,98077,47.7203,-122.024,1440,5748
3735900770,20141017T000000,775000.0,4,4.0,3180,7650,2.0,0,0,3,8,2530.0,650,1920,0,98115,47.6887,-122.319,2000,4080
1827200135,20140523T000000,554820.0,4,2.0,3510,12905,1.0,0,2,3,8,2210.0,1300,1965,1982,98166,47.4466,-122.36,2530,16143
3905090130,20140717T000000,658100.0,4,2.5,2430,8509,2.0,0,0,3,9,2430.0,0,1992,0,98029,47.5714,-121.991,2760,8509
222029026,20140917T000000,340000.0,2,0.75,1060,48292,1.0,1,2,5,6,560.0,500,1947,0,98070,47.4285,-122.511,750,80201
3623500408,20150330T000000,2600000.0,3,3.0,3410,16015,2.0,1,4,4,10,2220.0,1190,1973,0,98040,47.5721,-122.239,3760,16572
4029400080,20150406T000000,383000.0,4,2.5,1850,8310,1.0,0,0,3,7,1200.0,650,1962,0,98155,47.7717,-122.29,1840,10080
3644100101,20140707T000000,374000.0,2,1.5,1260,1575,2.0,0,0,3,7,1260.0,0,2001,0,98144,47.5914,-122.295,1220,1740
6141100395,20150204T000000,240000.0,2,1.0,870,6552,1.0,0,0,3,6,870.0,0,1947,0,98133,47.7188,-122.353,1500,6678
9212900180,20140625T000000,760000.0,4,2.5,2760,6000,2.0,0,0,5,7,2230.0,530,1942,0,98115,47.6877,-122.295,1600,6000
7923600250,20150515T000000,450000.0,5,2.0,1870,7344,1.5,0,0,3,7,1870.0,0,1960,0,98007,47.5951,-122.144,1870,7650
5101407250,20141217T000000,630000.0,4,2.25,2900,9680,2.0,0,0,3,7,1990.0,910,1947,0,98125,47.7037,-122.308,1850,7540
1330900050,20150421T000000,550000.0,3,2.25,1850,37264,2.0,0,0,3,8,1850.0,0,1981,0,98053,47.6486,-122.035,2390,36036
7237301010,20150218T000000,290000.0,3,2.5,2200,4240,2.0,0,0,3,7,2200.0,0,2003,0,98042,47.3715,-122.127,2200,4311
324059076,20150311T000000,430000.0,4,1.5,1560,6534,1.0,0,0,4,7,1560.0,0,1962,0,98007,47.6012,-122.152,1560,6969
274100090,20150108T000000,329500.0,5,1.75,3290,8000,1.0,0,0,3,7,1790.0,1500,1968,0,98030,47.3733,-122.214,2380,7000
6445800015,20150430T000000,490000.0,3,2.75,1990,31200,1.0,0,0,3,8,1990.0,0,1986,0,98029,47.5544,-122.035,3120,29625
4031000260,20140606T000000,200000.0,2,1.0,1730,9610,1.0,0,0,3,7,1380.0,350,1962,0,98001,47.2956,-122.285,1310,9812
723069128,20140514T000000,543000.0,2,2.0,2370,217800,1.5,0,0,3,7,1600.0,770,1992,0,98027,47.5007,-122.088,2370,157687
7503800210,20150326T000000,295000.0,4,2.5,1677,7209,2.0,0,0,3,7,1677.0,0,2011,0,98023,47.2957,-122.357,2236,7209
8608900205,20150403T000000,565500.0,3,1.75,1780,5850,1.0,0,0,5,7,980.0,800,1944,0,98116,47.5589,-122.392,1550,5850
3260570290,20150424T000000,549900.0,4,3.5,3420,4751,2.0,0,0,3,10,3420.0,0,2003,0,98055,47.4734,-122.193,3490,5700
9900000190,20141030T000000,268950.0,3,1.0,1320,8100,1.0,0,0,3,6,880.0,440,1943,0,98166,47.4697,-122.351,1000,8100
2473420070,20150430T000000,291600.0,3,1.75,1630,7480,1.0,0,0,3,7,1330.0,300,1979,0,98058,47.4514,-122.159,1940,7480
9822700295,20140512T000000,885000.0,4,2.5,2830,5000,2.0,0,0,3,9,2830.0,0,1995,0,98105,47.6597,-122.29,1950,5000
1829700050,20140724T000000,335000.0,2,1.0,1440,8842,1.0,0,0,3,7,840.0,600,1950,0,98155,47.7443,-122.325,1650,8461
8822900122,20150512T000000,325000.0,3,2.25,1330,969,3.0,0,0,3,7,1330.0,0,2007,0,98125,47.7177,-122.292,1310,1941
7708200180,20140710T000000,535000.0,5,3.25,2850,4551,2.0,0,0,3,8,2370.0,480,2006,0,98059,47.4916,-122.144,2850,4849
2767604580,20150223T000000,635000.0,3,1.75,1340,3900,2.0,0,0,5,7,1340.0,0,1900,0,98107,47.6711,-122.379,1470,1611
2817210420,20141114T000000,545000.0,4,3.0,3160,10948,1.0,0,3,3,8,1930.0,1230,1991,0,98070,47.3733,-122.422,2380,13623
2310110230,20140520T000000,329900.0,3,2.5,2170,4905,2.0,0,0,3,8,2170.0,0,2004,0,98038,47.3503,-122.039,2300,4935
5608010050,20141229T000000,920000.0,4,2.5,3550,10233,2.0,0,0,3,9,3550.0,0,1996,0,98027,47.5499,-122.1,3310,9157
4310702775,20150203T000000,280000.0,2,1.5,800,1196,2.0,0,0,3,8,800.0,0,2003,0,98103,47.6972,-122.341,1020,1087
5100402310,20141212T000000,425000.0,2,1.0,1280,5026,1.0,0,2,4,8,1020.0,260,1951,0,98115,47.6938,-122.312,1540,6380
1329300300,20141001T000000,335000.0,4,2.5,2154,6050,2.0,0,0,3,8,2154.0,0,2012,0,98030,47.3513,-122.174,2305,5769
3327020400,20150423T000000,289999.0,5,2.5,2180,8240,1.0,0,0,4,8,1220.0,960,1977,0,98092,47.3122,-122.191,2050,7590
2025079037,20141001T000000,510000.0,3,2.25,2750,219542,2.0,0,0,3,7,1870.0,880,1981,0,98014,47.6367,-121.948,2430,219542
7885100005,20140820T000000,299000.0,4,2.0,2320,12000,1.0,0,0,3,7,1720.0,600,1943,2014,98108,47.5246,-122.325,1390,6000
993001976,20140818T000000,344000.0,3,2.25,1250,871,3.0,0,0,3,8,1250.0,0,2007,0,98103,47.6907,-122.343,1250,1158
9136102057,20140905T000000,650000.0,4,2.5,2160,3139,1.0,0,0,3,7,1080.0,1080,1940,0,98103,47.6662,-122.338,1650,3740
4078300050,20150504T000000,780000.0,3,2.75,2910,3094,2.0,0,2,5,7,2010.0,900,1939,0,98125,47.7071,-122.276,2400,7530
9477201370,20150226T000000,440000.0,3,1.75,1760,8025,1.0,0,0,4,7,1230.0,530,1976,0,98034,47.7287,-122.192,1590,7543
291310120,20141209T000000,355000.0,3,2.25,1410,1332,2.0,0,0,3,7,1290.0,120,2004,0,98027,47.5345,-122.069,1445,1290
87000006,20150413T000000,275000.0,4,1.75,1680,19405,1.0,0,0,4,7,1560.0,120,1959,0,98055,47.4552,-122.202,2000,12900
4441300325,20140905T000000,695000.0,3,3.25,3080,12100,2.0,0,0,3,8,2080.0,1000,1984,0,98117,47.695,-122.399,2100,6581
9169600135,20141027T000000,525000.0,3,1.5,1350,6000,1.0,0,2,3,7,900.0,450,1950,0,98136,47.5275,-122.391,1730,6012
2206500300,20140820T000000,565000.0,5,1.75,1910,9720,1.0,0,0,4,7,1390.0,520,1955,0,98006,47.5772,-122.159,1750,9720
6150200435,20140513T000000,230000.0,2,0.75,650,5360,1.0,0,0,4,5,650.0,0,1931,0,98133,47.7281,-122.335,1110,6700
8731982050,20150423T000000,367999.0,4,2.75,3430,8000,1.5,0,0,4,8,3430.0,0,1972,0,98023,47.3183,-122.382,2090,8000
326049111,20140626T000000,285000.0,2,1.0,1010,7200,1.0,0,0,3,7,1010.0,0,1975,0,98155,47.7651,-122.291,1890,9248
5468750040,20150126T000000,415000.0,4,4.0,2740,8250,2.0,0,0,4,9,2740.0,0,1990,0,98042,47.3735,-122.156,2290,8250
3320000222,20140827T000000,388500.0,3,2.25,1350,944,2.0,0,0,3,8,1050.0,300,2007,0,98144,47.5997,-122.312,1350,1245
1773100926,20140603T000000,320000.0,3,3.25,1530,1602,2.0,0,0,3,8,1140.0,390,2013,0,98106,47.5555,-122.362,1450,1198
1079600270,20150306T000000,325000.0,3,1.75,1840,17286,1.0,0,0,4,7,1440.0,400,1978,0,98030,47.371,-122.173,1840,14541
3972900195,20140916T000000,315000.0,3,1.0,1390,8333,1.0,0,0,3,7,1390.0,0,1982,0,98155,47.7652,-122.31,1320,7090
2525049086,20141003T000000,2720000.0,4,3.25,3990,18115,2.0,0,0,4,11,3990.0,0,1989,0,98039,47.6177,-122.229,3450,16087
5583200345,20150511T000000,422000.0,2,1.0,750,4000,1.0,0,0,4,6,750.0,0,1926,0,98118,47.5547,-122.272,1120,5038
7625703637,20140828T000000,286000.0,2,1.0,610,4000,1.0,0,0,4,6,610.0,0,1918,0,98136,47.5469,-122.391,870,5160
9407110700,20150113T000000,175000.0,3,1.0,1250,9775,1.0,0,0,3,7,1250.0,0,1971,0,98045,47.4474,-121.771,1390,9650
3580900090,20140902T000000,300000.0,3,2.0,1310,9855,1.0,0,0,3,7,1310.0,0,1962,0,98034,47.7296,-122.241,1310,8370
3288200360,20150326T000000,453000.0,3,1.0,2160,11484,1.5,0,0,4,7,2160.0,0,1968,0,98034,47.7277,-122.185,2270,10080
3760100200,20141006T000000,395000.0,5,1.75,2100,9599,1.0,0,0,3,7,1060.0,1040,1961,0,98034,47.7097,-122.216,1680,10712
3083001095,20140824T000000,410000.0,3,1.75,1760,3520,1.0,0,0,3,7,1160.0,600,1966,0,98144,47.5773,-122.303,1840,5000
7657000540,20150304T000000,260000.0,4,1.0,1220,7980,1.5,0,0,3,6,1220.0,0,1944,0,98178,47.4924,-122.237,1210,7920
686450080,20140711T000000,800000.0,4,2.25,3220,8436,2.0,0,0,3,8,3220.0,0,1968,0,98008,47.6381,-122.116,2500,7632
7437101030,20140822T000000,265000.0,3,2.5,1640,7668,2.0,0,0,3,7,1640.0,0,1991,0,98038,47.3505,-122.027,1850,7200
1795900210,20140518T000000,575550.0,4,2.5,2060,7475,1.0,0,0,3,8,1440.0,620,1985,0,98052,47.7272,-122.105,2280,8396
2767604724,20141015T000000,505000.0,2,2.5,1430,1201,3.0,0,0,3,8,1430.0,0,2009,0,98107,47.6707,-122.381,1430,1249
3332000615,20141020T000000,310000.0,3,1.0,1330,3740,1.5,0,0,3,6,1330.0,0,1903,0,98118,47.5502,-122.274,1330,5053
8617000020,20141231T000000,485000.0,4,2.5,2100,8886,2.0,0,0,4,7,2100.0,0,1964,0,98007,47.5947,-122.134,1840,9058
2618300190,20141224T000000,255000.0,3,1.5,1110,10296,1.0,0,0,5,7,1110.0,0,1964,0,98042,47.422,-122.153,1330,10296
2267000485,20141201T000000,635000.0,3,1.5,2240,5300,1.0,0,0,5,7,1120.0,1120,1955,0,98117,47.6927,-122.395,1740,7110
1900000060,20141117T000000,313000.0,3,1.5,1550,7260,1.5,0,0,2,6,1550.0,0,1925,0,98166,47.4693,-122.349,1190,7620
226109056,20150326T000000,170000.0,1,0.75,850,5600,1.0,0,2,3,6,850.0,0,1903,1994,98019,47.7654,-121.48,900,12250
7701930010,20140530T000000,489000.0,3,2.5,2260,19821,2.0,0,0,3,9,2260.0,0,1994,0,98058,47.448,-122.088,2750,22718
8899000190,20141212T000000,301000.0,3,1.75,1840,7200,1.0,0,0,4,7,1220.0,620,1968,0,98055,47.456,-122.209,1770,8075
2781280310,20141222T000000,274000.0,3,2.5,1830,2517,2.0,0,0,3,8,1830.0,0,2005,0,98055,47.4496,-122.189,1610,2762
5729200030,20140707T000000,747500.0,4,2.25,2350,18600,2.0,0,0,4,9,2350.0,0,1977,0,98028,47.7473,-122.257,2880,14400
7526800200,20141010T000000,615000.0,4,2.25,2500,10062,1.0,0,0,3,8,1600.0,900,1975,0,98052,47.639,-122.1,2500,9750
7519000665,20150408T000000,565000.0,5,1.5,1940,3430,1.5,0,0,4,6,1220.0,720,1926,0,98117,47.6853,-122.362,1830,4120
7738500185,20140923T000000,382500.0,3,2.0,1150,6249,1.0,0,0,3,7,1150.0,0,1952,2006,98155,47.7489,-122.284,2470,7751
284000095,20140922T000000,1200000.0,2,2.25,2160,17861,2.0,1,4,4,9,2160.0,0,1956,0,98146,47.502,-122.385,2660,18530
2954400400,20141112T000000,1150000.0,4,3.25,4740,49091,2.0,0,0,3,11,4740.0,0,1990,0,98053,47.6624,-122.071,4800,42387
2968801366,20150224T000000,350000.0,3,2.75,1650,5700,2.0,0,0,4,7,1650.0,0,1988,0,98166,47.4563,-122.348,1320,7620
7137950460,20140926T000000,272000.0,4,2.5,2070,6175,2.0,0,0,3,8,2070.0,0,1993,0,98092,47.3262,-122.174,1940,6175
2919700540,20150318T000000,555000.0,4,1.75,2320,4800,1.5,0,0,3,7,2170.0,150,1918,0,98117,47.6893,-122.365,1390,4800
4047200065,20140623T000000,400000.0,4,1.75,1700,20283,1.5,0,0,3,7,1340.0,360,1965,0,98019,47.7694,-121.903,1680,21369
5589300205,20140805T000000,274000.0,5,1.0,1680,9383,1.0,0,0,3,7,1400.0,280,1929,0,98155,47.7523,-122.311,1680,9458
2658000215,20140812T000000,207000.0,2,1.0,820,4860,1.0,0,0,5,6,820.0,0,1955,0,98118,47.5298,-122.271,1240,6000
2795000080,20140919T000000,535100.0,3,2.25,2070,7207,1.0,0,0,3,8,1720.0,350,1973,0,98177,47.7735,-122.371,2350,7980
425200205,20141003T000000,165000.0,3,1.5,1020,10152,1.0,0,0,5,6,1020.0,0,1959,0,98056,47.4971,-122.168,1320,8892
1498300775,20140624T000000,355000.0,2,2.25,930,747,2.0,0,0,3,8,630.0,300,2007,0,98144,47.5844,-122.316,940,6000
8149600065,20150401T000000,844000.0,4,3.5,3350,6350,2.0,0,2,3,8,2610.0,740,2009,0,98116,47.5602,-122.39,1820,6350
1231000640,20140911T000000,290000.0,2,1.0,960,4000,1.0,0,0,3,6,960.0,0,1918,0,98118,47.5554,-122.267,1210,4000
3449900090,20150410T000000,454200.0,4,2.5,2630,5379,2.0,0,0,3,8,2630.0,0,2004,0,98059,47.4977,-122.163,2630,5379
8122600245,20140925T000000,359000.0,4,1.75,1580,6396,1.0,0,0,4,6,790.0,790,1945,0,98126,47.5378,-122.369,1180,6396
259600330,20150209T000000,465000.0,4,2.0,1470,10291,1.0,0,0,4,7,1470.0,0,1963,0,98008,47.6316,-122.121,1460,9601
1176000390,20140612T000000,448000.0,2,1.5,1630,3780,1.0,0,0,4,7,890.0,740,1940,0,98107,47.6711,-122.403,1770,6400
5104512180,20140626T000000,555000.0,5,3.0,3640,6930,2.0,0,0,3,8,3640.0,0,2004,0,98038,47.3521,-122.012,3740,7182
7977201707,20140523T000000,526000.0,3,1.75,1680,3420,1.0,0,0,3,7,960.0,720,1992,0,98115,47.6854,-122.291,1680,4080
3902300350,20140806T000000,606000.0,4,2.25,2390,8858,1.0,0,0,4,8,1740.0,650,1979,0,98033,47.6925,-122.184,2240,8858
1377300020,20150219T000000,650000.0,3,1.5,2120,8448,1.0,0,0,3,7,1060.0,1060,1940,0,98199,47.6438,-122.403,1620,7920
3095000095,20140714T000000,580000.0,3,2.0,2040,4800,1.0,0,0,4,7,1020.0,1020,1925,0,98126,47.5561,-122.377,1640,4800
2473371780,20140924T000000,359950.0,5,2.25,2450,9432,2.0,0,0,3,8,2450.0,0,1973,0,98058,47.4519,-122.13,2310,9100
7454000585,20150427T000000,289000.0,2,1.0,710,6300,1.0,0,0,3,6,710.0,0,1942,0,98126,47.5155,-122.374,740,6300
7147600225,20141113T000000,320000.0,6,2.75,2410,10763,1.0,0,0,5,7,1310.0,1100,1957,0,98188,47.4429,-122.282,1310,10746
9527310180,20150403T000000,480000.0,3,2.5,2200,4692,2.0,0,0,3,8,2200.0,0,2005,0,98011,47.7761,-122.169,2440,3833
2698200010,20150513T000000,165000.0,3,1.0,1380,7334,1.0,0,0,3,7,980.0,400,1981,0,98055,47.4339,-122.192,1910,7859
8078360080,20140623T000000,650000.0,4,2.5,2400,7351,2.0,0,0,3,9,2400.0,0,1990,0,98029,47.5707,-122.022,2330,7756
3377900195,20140929T000000,2525000.0,4,5.5,6930,45100,1.0,0,0,4,11,4310.0,2620,1950,1991,98006,47.5547,-122.144,2560,37766
7899800450,20140828T000000,107000.0,2,1.0,670,4720,1.0,0,0,4,6,670.0,0,1948,0,98106,47.5243,-122.358,1480,4720
9275700016,20140706T000000,1280000.0,4,2.5,3160,4620,1.5,0,4,3,9,2020.0,1140,1917,2005,98116,47.5875,-122.382,2790,5308
5273200080,20140929T000000,619950.0,2,1.0,1520,5400,1.0,0,0,3,7,920.0,600,1951,0,98115,47.6796,-122.279,1600,5400
7230300610,20150403T000000,352500.0,3,1.5,1470,17577,1.0,0,0,5,7,1470.0,0,1967,0,98059,47.4695,-122.116,2300,13832
200510060,20141231T000000,605000.0,3,2.5,2570,9487,2.0,0,3,3,9,2570.0,0,1989,0,98011,47.7408,-122.216,2490,9898
8960200280,20150218T000000,249500.0,3,1.0,1180,7200,1.0,0,0,4,7,1180.0,0,1968,0,98058,47.4249,-122.178,1180,7200
1837010010,20150313T000000,465000.0,3,1.75,1730,8073,1.0,0,0,3,8,1350.0,380,1971,0,98177,47.7694,-122.367,2500,8073
8965500320,20150326T000000,780000.0,4,2.25,2260,16188,1.0,0,0,3,10,2260.0,0,1984,0,98006,47.5637,-122.112,2840,10158
6430500086,20150116T000000,341000.0,3,1.0,940,4200,1.0,0,0,3,7,940.0,0,1955,0,98103,47.6878,-122.35,1380,4080
4038700680,20140725T000000,750000.0,5,3.0,2230,8560,1.0,0,0,3,8,1150.0,1080,1960,2014,98008,47.6154,-122.115,2040,8560
2204500480,20150107T000000,551100.0,3,1.0,1430,8640,1.0,0,0,5,7,1430.0,0,1954,0,98006,47.572,-122.147,1430,9840
4402700125,20140716T000000,382000.0,3,1.75,1790,7679,1.0,0,0,4,7,1790.0,0,1953,0,98133,47.7442,-122.338,1560,7680
2013801086,20150513T000000,245000.0,3,1.5,1340,7391,1.0,0,0,4,7,1340.0,0,1966,0,98198,47.3837,-122.317,1300,7391
3213200245,20150115T000000,435500.0,1,1.75,1020,4512,1.0,0,0,3,7,770.0,250,1937,0,98115,47.6724,-122.266,1230,5029
8645501091,20150311T000000,259950.0,4,1.75,1400,7920,1.0,0,0,3,7,1400.0,0,1963,0,98058,47.4658,-122.184,1910,7700
3339900640,20140620T000000,200000.0,3,2.25,1230,7420,1.5,0,0,5,7,1230.0,0,1913,0,98002,47.3184,-122.22,1260,7556
1517900100,20141021T000000,499000.0,4,2.5,2680,10590,2.0,0,0,3,8,2680.0,0,2004,0,98019,47.7377,-121.97,2330,5566
7129302095,20150213T000000,265000.0,3,1.0,1122,6554,1.5,0,0,3,5,1122.0,0,1900,0,98118,47.5135,-122.257,1610,5650
1853080130,20141105T000000,924000.0,5,2.75,3210,8001,2.0,0,0,3,9,3210.0,0,2014,0,98074,47.5935,-122.061,3190,6624
4083306620,20140728T000000,565000.0,3,1.75,1720,2218,1.5,0,0,3,7,1270.0,450,1931,2003,98103,47.649,-122.335,1130,1600
3981200660,20140715T000000,432000.0,3,2.0,2190,13673,1.0,0,0,4,9,2190.0,0,1994,0,98042,47.3542,-122.098,2770,13804
7864500140,20141107T000000,275000.0,4,1.5,1610,6923,1.0,0,0,3,6,1010.0,600,1969,0,98198,47.3747,-122.306,1320,7684
2767704756,20141020T000000,470000.0,3,3.5,1280,1257,2.0,0,0,3,8,1040.0,240,2000,0,98107,47.6721,-122.374,1280,1249
8024200820,20150213T000000,575700.0,3,1.75,1730,6130,1.0,0,0,3,7,1480.0,250,1941,0,98115,47.6978,-122.316,1730,6131
5029451010,20140711T000000,160000.0,3,1.5,1480,7000,1.0,0,0,3,7,1000.0,480,1980,0,98023,47.2866,-122.368,1470,7022
7214770020,20150409T000000,549950.0,5,2.5,2650,54380,2.0,0,0,3,9,2650.0,0,1984,0,98077,47.7726,-122.081,2560,49044
1438000190,20140911T000000,549995.0,4,3.5,2660,5690,2.0,0,0,3,8,1920.0,740,2014,0,98059,47.4775,-122.122,2970,5690
8079010190,20140626T000000,440000.0,4,2.5,2250,7526,2.0,0,0,3,8,2250.0,0,1989,0,98059,47.5123,-122.15,1980,7526
724069065,20140703T000000,1140000.0,3,2.5,2780,33503,1.5,0,1,4,8,2110.0,670,1969,0,98075,47.5844,-122.081,3150,15542
5126300510,20150108T000000,419000.0,3,2.5,2170,4517,2.0,0,0,3,8,2170.0,0,2002,0,98059,47.4819,-122.14,2610,4770
5662100110,20150218T000000,440000.0,3,2.5,1830,6807,2.5,0,0,5,7,1830.0,0,1954,0,98155,47.7613,-122.322,1340,6807
4345000490,20141202T000000,270000.0,3,2.5,1770,7336,2.0,0,0,3,7,1770.0,0,1996,0,98030,47.3639,-122.185,1770,7349
937000280,20150220T000000,199000.0,4,1.0,1280,10521,1.5,0,0,3,7,1280.0,0,1960,0,98198,47.4215,-122.289,1540,9384
3585900080,20150326T000000,1070000.0,6,3.25,3560,21400,2.0,0,4,4,9,3560.0,0,1952,0,98177,47.7602,-122.372,3560,24338
2781280290,20150427T000000,305000.0,3,2.5,1610,3516,2.0,0,0,3,8,1610.0,0,2006,0,98055,47.4491,-122.188,1610,3056
148000035,20140602T000000,544000.0,3,1.5,1790,8203,1.5,0,1,3,7,1790.0,0,1910,0,98116,47.5768,-122.403,1960,6047
751000080,20141117T000000,426000.0,2,1.0,1630,7680,1.0,0,0,3,7,830.0,800,1947,0,98125,47.7092,-122.291,1250,7740
7212660960,20140814T000000,297000.0,3,2.5,1840,8234,2.0,0,0,3,8,1840.0,0,1994,0,98003,47.267,-122.312,1940,7601
2558600130,20141023T000000,379000.0,3,2.5,1500,7420,1.0,0,0,3,7,1000.0,500,1972,0,98034,47.7236,-122.174,1840,7272
8964800445,20150209T000000,2260000.0,3,3.5,3110,14872,1.0,0,0,3,10,3110.0,0,2003,0,98004,47.6178,-122.209,3110,12433
685000160,20150212T000000,770000.0,4,1.75,2520,8442,1.0,0,0,4,7,1640.0,880,1953,0,98004,47.6317,-122.205,2110,8442
381000110,20141107T000000,599950.0,4,1.75,2720,7810,1.0,0,0,3,8,1510.0,1210,1952,0,98115,47.6788,-122.283,2120,7315
273900030,20141020T000000,267500.0,3,1.5,1600,9072,1.0,0,0,4,7,1600.0,0,1963,0,98030,47.3737,-122.216,1710,8000
9542840060,20150305T000000,340000.0,4,2.5,2320,4142,2.0,0,0,3,7,2320.0,0,2010,0,98038,47.3662,-122.019,2150,4140
9412200330,20150410T000000,427500.0,3,1.75,1430,16200,1.0,0,0,4,7,1430.0,0,1967,0,98027,47.5223,-122.043,1690,13125
6917700665,20150218T000000,580000.0,2,1.0,1650,9780,1.0,0,0,3,7,950.0,700,1943,0,98199,47.6549,-122.394,1650,5458
3163600130,20150317T000000,234900.0,3,1.0,1250,8000,1.0,0,0,3,7,1250.0,0,1956,0,98146,47.5065,-122.337,1040,6973
9358400080,20140627T000000,550000.0,4,3.5,4150,16197,2.0,0,0,3,10,4150.0,0,2006,0,98003,47.3423,-122.183,3618,15210
1786200010,20150514T000000,456500.0,4,2.5,2580,11780,2.0,0,0,3,9,2580.0,0,2003,0,98038,47.3658,-122.04,2410,8403
6056111063,20140731T000000,230000.0,3,1.75,1140,1165,2.0,0,0,3,8,1140.0,0,2014,0,98108,47.5638,-122.295,1150,1552
952006680,20150129T000000,550000.0,2,1.5,900,5750,1.0,0,2,3,7,900.0,0,1940,0,98116,47.5623,-122.384,1300,1413
4141000490,20141021T000000,1200000.0,4,2.5,3180,13118,2.0,0,0,4,11,3180.0,0,1986,0,98040,47.5382,-122.23,3070,12861
6072100490,20141204T000000,527500.0,4,2.25,2270,8480,1.0,0,0,5,8,1310.0,960,1973,0,98006,47.5448,-122.174,1910,9050
2891100820,20140825T000000,213500.0,3,1.0,1220,6000,1.0,0,0,4,7,1220.0,0,1968,0,98002,47.3245,-122.209,1420,6000
8129700565,20141008T000000,601450.0,2,3.25,1840,1500,3.0,0,0,3,8,1840.0,0,2001,0,98103,47.6595,-122.354,1910,2500
326069164,20150429T000000,840000.0,4,2.5,3450,43216,2.0,0,0,3,9,3450.0,0,2000,0,98072,47.7625,-122.025,3030,50481
7202290620,20150219T000000,461000.0,3,2.5,1690,3026,2.0,0,0,3,7,1690.0,0,2002,0,98053,47.6885,-122.043,1650,3161
8651400730,20150428T000000,191000.0,3,1.0,840,5525,1.0,0,0,5,6,840.0,0,1969,0,98042,47.3607,-122.085,920,5330
1925059200,20150407T000000,1557600.0,4,2.5,2700,17853,2.0,0,0,4,9,2700.0,0,1960,0,98004,47.6463,-122.219,3790,16672
2021200530,20150225T000000,1110000.0,4,2.75,3090,6600,1.0,0,2,3,9,1800.0,1290,1956,0,98199,47.6339,-122.396,2380,5000
4443800785,20141121T000000,481000.0,2,1.0,1620,3880,1.0,0,0,4,7,920.0,700,1924,0,98117,47.6855,-122.391,1330,3880
2291401425,20140910T000000,485000.0,5,2.0,1910,5508,1.0,0,0,3,7,1020.0,890,1968,0,98133,47.7074,-122.349,1030,7440
2397101200,20141221T000000,1045000.0,4,3.0,2790,3600,2.0,0,0,3,8,1880.0,910,1905,2013,98119,47.6362,-122.363,1360,3600
6181700250,20150226T000000,350000.0,2,1.0,720,5820,1.0,0,1,5,6,720.0,0,1950,0,98028,47.7598,-122.255,952,5820
3331001165,20140926T000000,305000.0,3,1.0,820,5150,1.0,0,0,5,6,820.0,0,1918,0,98118,47.5514,-122.284,1100,5150
9541600295,20150424T000000,1110000.0,4,2.5,2990,8640,1.0,0,0,5,8,2100.0,890,1959,0,98005,47.5932,-122.172,2270,8800
3630110340,20150107T000000,728725.0,4,2.5,3010,3120,2.5,0,2,3,8,3010.0,0,2006,0,98029,47.5539,-121.996,2140,3840
4037800140,20140814T000000,548000.0,4,2.0,2100,8880,1.0,0,0,4,7,2100.0,0,1958,0,98008,47.6115,-122.124,1280,9102
7468900245,20150420T000000,188200.0,3,1.0,1260,7265,1.0,0,0,4,7,1260.0,0,1954,0,98002,47.2979,-122.224,940,7200
522039106,20140606T000000,160000.0,3,1.0,1210,103237,1.0,0,0,2,6,1210.0,0,1918,1960,98070,47.4208,-122.445,1880,40510
2755200040,20140712T000000,492000.0,2,1.0,1290,6272,1.0,0,0,4,6,890.0,400,1922,0,98115,47.6777,-122.305,1260,5376
2460500020,20150330T000000,305000.0,4,1.75,2370,10140,1.0,0,0,3,7,1460.0,910,1968,0,98001,47.3352,-122.278,1450,7800
1373800295,20141013T000000,1450000.0,3,3.0,4380,6320,2.0,0,3,5,10,3580.0,800,1952,0,98199,47.6452,-122.411,3080,7680
8944600060,20150420T000000,541900.0,3,2.5,1880,3054,2.0,0,0,3,8,1880.0,0,1988,0,98007,47.6091,-122.147,1840,3815
9818700215,20150330T000000,464000.0,5,2.0,2000,3000,1.5,0,0,3,6,1200.0,800,1931,0,98122,47.6028,-122.298,1330,4000
2571900380,20150122T000000,225000.0,3,2.0,1610,8400,1.0,0,0,3,8,1610.0,0,1990,0,98022,47.1958,-122.009,1930,8459
8731981940,20140908T000000,415000.0,4,2.25,2520,8000,1.0,0,2,3,8,1680.0,840,1970,0,98023,47.3202,-122.383,2300,8000
125069038,20141125T000000,2140000.0,4,3.75,5150,453895,2.0,0,3,3,11,4360.0,790,1997,0,98053,47.6795,-121.991,2500,215186
8663370020,20140806T000000,435000.0,3,2.0,1610,6911,1.0,0,0,3,7,1260.0,350,1988,0,98034,47.7188,-122.177,1630,6911
8651600110,20150421T000000,939000.0,4,2.25,2240,9684,2.0,0,0,4,9,2240.0,0,1970,0,98040,47.5489,-122.225,2440,9618
2895800590,20141020T000000,359800.0,5,2.5,2170,2752,2.0,0,0,3,8,2170.0,0,2014,0,98106,47.5167,-122.347,1800,2752
1508210230,20150428T000000,567000.0,3,2.25,1800,6875,1.0,0,0,4,8,1230.0,570,1974,0,98052,47.6773,-122.11,1800,8749
7202350010,20140725T000000,468000.0,3,2.25,1630,2490,2.0,0,0,3,7,1630.0,0,2004,0,98053,47.6807,-122.031,1630,2680
3500100025,20140628T000000,300000.0,4,1.0,1370,8499,1.0,0,0,3,7,1370.0,0,1949,0,98155,47.736,-122.301,1370,8187
3971702325,20141103T000000,244000.0,3,2.5,1470,9337,2.0,0,0,3,7,1470.0,0,1991,0,98155,47.7651,-122.323,1360,8684
3304300080,20150330T000000,588000.0,4,2.5,3060,7710,2.0,0,0,3,9,3060.0,0,2009,0,98059,47.4828,-122.136,3040,7840
2927600415,20140821T000000,805000.0,3,2.25,2860,11250,1.0,0,1,5,8,2290.0,570,1956,0,98166,47.4534,-122.372,2030,11250
9828702902,20141021T000000,495000.0,2,2.25,1160,1010,2.0,0,0,3,8,1000.0,160,2006,0,98112,47.6207,-122.301,1200,1170
3286800370,20150206T000000,590000.0,5,3.25,4020,40341,1.0,0,0,5,8,2170.0,1850,1970,0,98027,47.4952,-122.068,2650,53437
3864000120,20150408T000000,1175000.0,4,3.25,3780,10099,1.0,0,1,3,11,2240.0,1540,2006,0,98006,47.5508,-122.192,3120,10669
8965400390,20140905T000000,749999.0,5,2.25,3060,13630,2.0,0,0,3,10,3060.0,0,1989,0,98006,47.5585,-122.117,3430,10700
3375300150,20141218T000000,258500.0,3,2.5,1800,9000,2.0,0,0,3,7,1800.0,0,1983,0,98003,47.3186,-122.331,1670,8486
5153200651,20150316T000000,223000.0,3,1.0,1220,71191,1.0,0,0,3,6,1220.0,0,1952,0,98023,47.3261,-122.353,1960,15378
1099600250,20141202T000000,260000.0,3,1.75,1710,6400,1.0,0,0,4,7,1240.0,470,1976,0,98023,47.3036,-122.377,1600,6400
2355010090,20141207T000000,843500.0,3,2.5,3560,11448,2.0,0,0,3,11,3560.0,0,1997,0,98052,47.7126,-122.104,3290,11506
5500200010,20141014T000000,389950.0,3,1.75,1580,9049,1.0,0,0,3,8,1580.0,0,1966,0,98177,47.7776,-122.375,2100,8446
7212652180,20140701T000000,314500.0,3,2.0,2050,13303,1.0,0,0,3,8,2050.0,0,1993,0,98003,47.2681,-122.31,2180,11590
7982600030,20140812T000000,219000.0,3,1.5,1200,12000,1.0,0,0,3,7,1200.0,0,1986,0,98001,47.268,-122.245,1200,9405
1682000280,20150319T000000,240000.0,3,1.75,1100,7373,1.0,0,0,4,7,1100.0,0,1968,0,98092,47.3124,-122.183,1430,8415
3342103228,20140804T000000,525000.0,4,2.5,2310,5573,2.0,0,0,4,9,2310.0,0,2003,0,98056,47.5197,-122.2,2310,6189
1123059125,20141208T000000,551500.0,4,2.5,2950,10003,2.0,0,0,3,9,2950.0,0,2006,0,98059,47.489,-122.14,2790,9323
291300280,20150218T000000,310000.0,2,2.5,1090,923,2.0,0,0,3,7,1090.0,0,2004,0,98027,47.5347,-122.071,1410,1326
8887001600,20150412T000000,280000.0,2,1.0,990,45528,1.0,0,0,4,7,990.0,0,1992,0,98070,47.5013,-122.463,1730,45528
2008000550,20140815T000000,300000.0,4,2.0,1580,9600,1.0,0,0,5,7,1050.0,530,1965,0,98198,47.4091,-122.313,1710,9600
1972202505,20140729T000000,543000.0,3,2.5,1540,1256,3.0,0,0,3,8,1540.0,0,2004,0,98103,47.6498,-122.346,1500,1350
6788203060,20141010T000000,690000.0,3,2.75,2480,3240,1.5,0,0,3,9,1890.0,590,1929,0,98112,47.6399,-122.311,2160,3240
2770606890,20140807T000000,450000.0,4,1.75,1520,5250,1.0,0,0,3,6,1520.0,0,1949,0,98199,47.6581,-122.39,1530,5250
7203100850,20150427T000000,840000.0,4,3.25,3500,5960,2.0,0,0,3,9,3500.0,0,2010,0,98053,47.6944,-122.022,3390,6856
126059225,20140806T000000,525000.0,3,1.75,2300,43560,1.0,0,0,4,7,1350.0,950,1979,0,98077,47.7716,-122.101,2320,57000
4302200415,20141104T000000,339888.0,4,1.75,1440,6144,1.0,0,0,5,6,720.0,720,1947,0,98106,47.5257,-122.357,960,5160
9103000393,20140910T000000,1225000.0,5,4.5,3732,4426,2.5,0,0,3,10,2932.0,800,2001,0,98112,47.6189,-122.288,2950,4000
8682280260,20150326T000000,412250.0,2,2.0,1300,2983,1.0,0,0,3,8,1300.0,0,2006,0,98053,47.703,-122.015,1510,3876
1922059278,20141014T000000,145000.0,3,1.0,1010,11880,1.0,0,0,3,7,1010.0,0,1960,0,98030,47.3762,-122.219,1150,9435
2008000420,20141027T000000,280500.0,3,1.75,2440,10179,1.0,0,0,4,7,1220.0,1220,1962,0,98198,47.4118,-122.314,1650,9711
4024101545,20140922T000000,364000.0,4,2.25,1750,10270,1.5,0,0,4,8,1750.0,0,1968,0,98155,47.7612,-122.31,1750,10127
7732410390,20140605T000000,749000.0,3,2.5,2670,10338,2.0,0,0,3,9,2670.0,0,1987,0,98007,47.6599,-122.146,2670,8866
2268000470,20141231T000000,241500.0,3,1.0,1400,10425,1.0,0,0,4,7,1400.0,0,1968,0,98003,47.2738,-122.301,1440,10425
952000055,20150206T000000,530000.0,3,1.0,1500,5750,1.5,0,0,4,7,1050.0,450,1927,0,98126,47.5677,-122.376,1500,5060
9138100261,20141029T000000,645000.0,4,1.5,2550,4000,1.5,0,0,4,7,1760.0,790,1926,0,98115,47.6811,-122.318,1840,4000
6821102346,20140522T000000,505000.0,3,2.25,1670,1596,2.0,0,0,3,8,1220.0,450,2002,0,98199,47.6474,-122.396,1670,1596
1562100220,20150501T000000,605000.0,6,2.0,2610,9132,1.0,0,0,4,8,1320.0,1290,1965,0,98007,47.622,-122.14,2170,8000
3205200240,20150430T000000,420000.0,4,1.75,1340,8400,1.0,0,0,5,7,1340.0,0,1967,0,98056,47.5382,-122.173,1980,8400
5561300980,20150320T000000,500000.0,4,2.25,2420,36680,2.0,0,0,4,8,2420.0,0,1977,0,98027,47.4663,-122.006,2410,36680
6140100022,20140826T000000,345000.0,3,3.25,1600,1882,2.0,0,0,3,8,1360.0,240,2000,0,98133,47.7151,-122.355,1390,1379
7852011070,20150109T000000,1140000.0,6,3.75,5960,20197,2.0,0,4,3,10,3900.0,2060,2005,0,98065,47.5398,-121.869,3860,12800
7852090390,20150413T000000,715000.0,4,2.5,3020,7035,2.0,0,4,3,9,3020.0,0,2001,0,98065,47.5344,-121.874,3020,6771
2767604212,20141029T000000,452000.0,2,2.5,1260,1131,3.0,0,0,3,8,1260.0,0,2006,0,98107,47.6715,-122.384,1490,2500
9268851020,20150410T000000,735000.0,4,3.5,2340,2810,2.0,0,2,3,8,1730.0,610,2011,0,98027,47.5403,-122.028,2600,2843
3902300450,20140702T000000,630000.0,4,2.5,2190,9880,1.0,0,0,4,8,1410.0,780,1979,0,98033,47.6926,-122.186,2190,9198
8807300570,20141229T000000,399950.0,3,1.0,1040,9600,1.0,0,0,3,7,1040.0,0,1978,0,98053,47.6738,-122.063,1370,10889
8820902540,20141114T000000,425000.0,2,1.0,1670,6212,1.0,0,0,4,7,1670.0,0,1947,0,98125,47.7152,-122.282,1670,7272
8682250090,20140504T000000,775000.0,2,2.5,2680,7392,1.0,0,0,3,9,2680.0,0,2004,0,98053,47.717,-122.026,2315,7045
7846700850,20140701T000000,307000.0,3,1.0,1150,6000,1.5,0,0,3,7,1150.0,0,1927,0,98045,47.4963,-121.787,1210,7700
4140940130,20141121T000000,450000.0,3,2.75,2240,3360,2.0,0,0,3,8,2100.0,140,2014,0,98178,47.4999,-122.232,1790,5873
2648500030,20140725T000000,112000.0,1,1.0,1080,3230,1.0,0,0,3,6,1080.0,0,1963,0,98002,47.3075,-122.217,1210,5760
2114700615,20140708T000000,148000.0,2,1.0,630,4200,1.0,0,0,3,6,630.0,0,1930,0,98106,47.5329,-122.348,970,4200
2886200070,20140602T000000,550000.0,3,2.0,1810,4064,1.5,0,0,3,7,1810.0,0,1925,0,98103,47.6859,-122.339,1518,2945
7852110690,20140522T000000,622500.0,4,2.5,2980,8107,2.0,0,0,3,9,2980.0,0,2000,0,98065,47.5389,-121.876,2750,7760
7443000480,20150507T000000,865000.0,4,2.0,2750,5527,2.0,0,0,3,8,2130.0,620,1901,1987,98119,47.6513,-122.368,1290,1764
7549801395,20141113T000000,349950.0,4,1.5,1420,6720,1.5,0,0,3,7,1420.0,0,1925,0,98108,47.5518,-122.311,1560,5600
723069089,20140715T000000,575000.0,4,2.5,2550,56628,2.0,0,0,3,9,2550.0,0,2001,0,98027,47.4913,-122.081,1870,56628
4083306705,20141121T000000,725000.0,4,2.5,2130,3420,1.5,0,0,4,7,1730.0,400,1916,0,98103,47.649,-122.336,1520,3420
9510900140,20150406T000000,305000.0,4,2.5,1900,7000,1.0,0,0,2,7,1420.0,480,1968,0,98023,47.3092,-122.376,1600,7600
7011201004,20140529T000000,645000.0,3,3.25,1730,1229,2.0,0,2,3,9,1320.0,410,2008,0,98119,47.6374,-122.369,1710,1686
2597490410,20150402T000000,740000.0,3,2.5,2350,3798,2.0,0,0,3,8,2350.0,0,2013,0,98029,47.543,-122.01,2020,3532
7153400010,20140812T000000,190500.0,3,2.0,1390,10155,1.0,0,0,3,7,1130.0,260,1980,0,98003,47.2575,-122.305,1790,10155
1622059088,20140626T000000,385000.0,4,2.5,3200,22651,1.0,0,0,5,8,1610.0,1590,1970,0,98031,47.3931,-122.183,2030,5500
6127010320,20140609T000000,536000.0,3,2.5,1900,6224,2.0,0,0,3,7,1900.0,0,2005,0,98075,47.5941,-122.004,2260,5450
2895600420,20150421T000000,384500.0,2,1.0,1130,5236,1.0,0,0,4,6,1130.0,0,1942,0,98146,47.5103,-122.386,1010,5320
5560000070,20140707T000000,199990.0,3,1.0,1100,8560,1.0,0,0,3,6,1100.0,0,1961,0,98023,47.329,-122.338,1120,8470
809002680,20141014T000000,1440000.0,4,1.75,2410,6000,1.5,0,0,3,8,2410.0,0,1911,0,98109,47.6369,-122.355,1280,4000
9510860750,20150108T000000,918000.0,5,3.5,3920,5150,2.0,0,0,3,9,2820.0,1100,2004,0,98052,47.6638,-122.084,3170,5530
8567300270,20140818T000000,446000.0,4,2.0,2280,43692,1.0,0,0,3,7,1140.0,1140,1957,1984,98038,47.4067,-122.03,2580,37938
1994200031,20140620T000000,450000.0,3,2.0,1430,3480,1.0,0,0,3,7,980.0,450,1947,0,98103,47.6874,-122.336,1450,4650
5649000150,20140610T000000,385000.0,4,1.75,1720,8750,1.0,0,0,3,7,860.0,860,1971,0,98034,47.726,-122.21,1790,8750
2011000120,20140529T000000,210000.0,3,1.75,1590,7617,2.0,0,0,3,7,1590.0,0,1986,0,98198,47.3819,-122.312,1490,7450
3424069215,20150217T000000,396480.0,3,1.0,1000,10800,1.0,0,0,3,7,1000.0,0,1959,0,98027,47.52,-122.03,1140,16846
7788000100,20150206T000000,393000.0,4,1.75,1790,11801,1.0,0,0,4,8,1790.0,0,1974,0,98056,47.5172,-122.17,2000,12988
7849201061,20150408T000000,319950.0,4,2.5,2020,7200,1.5,0,0,4,6,2020.0,0,1954,0,98065,47.5223,-121.818,1440,7200
8651510420,20141211T000000,490000.0,3,2.0,2070,10023,1.0,0,0,3,8,1220.0,850,1981,0,98074,47.6492,-122.062,2130,9694
6414100026,20150108T000000,320000.0,2,1.0,1802,11225,1.0,0,0,3,7,1802.0,0,1961,0,98125,47.7205,-122.323,1810,7332
5125400385,20140805T000000,220000.0,4,1.75,1530,18400,1.5,0,0,4,6,1530.0,0,1938,0,98002,47.329,-122.219,1620,13535
5482700115,20141020T000000,1280600.0,4,2.5,3560,15450,1.0,0,1,5,8,2060.0,1500,1977,0,98040,47.5657,-122.23,3680,17314
3630070280,20140710T000000,418000.0,2,2.5,1500,3608,2.0,0,0,3,8,1500.0,0,2005,0,98029,47.5472,-121.994,2080,2686
290200230,20140819T000000,676000.0,4,2.5,2800,5368,2.0,0,0,3,8,2800.0,0,2003,0,98074,47.6076,-122.053,2790,5368
50300090,20140811T000000,398950.0,4,3.0,3000,10297,2.0,0,0,3,8,3000.0,0,2003,0,98042,47.3684,-122.073,2520,8366
7588700007,20141124T000000,457000.0,3,1.0,1170,3348,1.5,0,0,4,7,1170.0,0,1924,0,98117,47.687,-122.378,1590,4219
5637500094,20140522T000000,431500.0,3,3.5,1900,1612,2.0,0,0,3,8,1430.0,470,2008,0,98136,47.544,-122.385,1780,1525
7511200350,20140919T000000,580000.0,3,1.75,2040,81021,1.0,0,0,3,8,2040.0,0,1980,0,98053,47.6536,-122.045,2260,39280
662440030,20150326T000000,435000.0,4,2.5,3100,4699,2.0,0,0,3,9,3100.0,0,2010,0,98038,47.3785,-122.023,2450,5130
1149600120,20140820T000000,695000.0,4,2.5,2650,9990,2.0,0,0,3,10,2650.0,0,1990,0,98029,47.5605,-122.016,2710,8012
3295730050,20141001T000000,569000.0,3,2.5,2150,8060,2.0,0,0,3,8,2150.0,0,1995,0,98033,47.6952,-122.188,2150,7172
5500100120,20140916T000000,380000.0,4,1.75,1790,10186,1.0,0,0,4,8,1790.0,0,1965,0,98177,47.7769,-122.376,1790,9142
4006000183,20140909T000000,450000.0,7,4.0,3150,7800,2.0,0,0,3,8,3150.0,0,2013,0,98118,47.5259,-122.279,1880,6000
4017050020,20140814T000000,450000.0,3,2.5,2450,19744,2.0,0,0,3,10,2450.0,0,1990,0,98038,47.3746,-122.026,2650,19597
6388910280,20150429T000000,670000.0,4,2.5,2850,25993,2.0,0,0,4,9,2850.0,0,1989,0,98056,47.5318,-122.17,2480,12672
859000022,20140819T000000,330000.0,3,2.5,1740,1844,2.0,0,0,3,8,1320.0,420,2008,0,98106,47.5248,-122.365,1740,1789
9472200060,20141105T000000,1295000.0,3,2.75,3340,12690,1.0,0,0,3,10,2550.0,790,1956,1988,98105,47.6665,-122.27,3340,9480
7936500109,20140725T000000,2230000.0,3,3.0,3620,28064,2.0,1,4,5,10,2370.0,1250,1977,0,98136,47.5516,-122.398,2550,34713
1454600266,20141027T000000,925000.0,4,3.75,4420,9492,2.0,0,1,3,9,3420.0,1000,1962,2005,98125,47.7211,-122.283,2880,9900
7524950900,20150210T000000,620000.0,3,2.25,2010,7495,1.0,0,0,4,8,1570.0,440,1979,0,98027,47.5613,-122.083,2050,8402
6802200100,20150115T000000,271900.0,3,2.0,1450,8771,2.0,0,0,4,7,1450.0,0,1991,0,98022,47.1947,-121.989,1450,8653
2296500131,20141216T000000,739000.0,5,4.0,4660,9900,2.0,0,2,4,9,2600.0,2060,1979,0,98056,47.5135,-122.2,3380,9900
5451200110,20141204T000000,1075000.0,4,2.5,3000,10920,1.0,0,0,4,8,1550.0,1450,1969,0,98040,47.5347,-122.227,2380,10920
7129300500,20140812T000000,315000.0,4,2.5,2080,5650,1.0,0,0,3,7,1680.0,400,1950,0,98178,47.5107,-122.257,1270,5650
1338300555,20150320T000000,1225000.0,6,2.25,2930,4320,2.0,0,0,3,9,2130.0,800,1913,0,98112,47.6295,-122.306,2860,4320
1139000135,20141009T000000,440000.0,4,1.0,1480,7560,1.5,0,0,3,7,1480.0,0,1940,0,98177,47.7079,-122.358,1480,7560
9834200305,20150210T000000,615000.0,3,1.0,1790,3876,1.5,0,0,5,7,1090.0,700,1904,0,98144,47.575,-122.288,1360,4080
9542100135,20141112T000000,620000.0,4,1.75,2350,18800,1.0,0,2,3,8,2350.0,0,1959,0,98005,47.5904,-122.177,3050,14640
4219400555,20141124T000000,1325000.0,3,2.5,2280,5000,2.0,0,3,4,9,2280.0,0,1926,0,98105,47.6574,-122.278,2200,5000
722079015,20141017T000000,610000.0,3,2.5,2080,167270,1.0,0,0,3,7,2080.0,0,2000,0,98038,47.4032,-121.963,2080,55321
7202330410,20150320T000000,491150.0,3,2.5,1470,3971,2.0,0,0,3,7,1470.0,0,2003,0,98053,47.6816,-122.035,1650,3148
2473410740,20141027T000000,315000.0,3,1.75,1460,7884,1.0,0,0,3,8,1460.0,0,1975,0,98058,47.4457,-122.128,2050,7210
1105000296,20141229T000000,230000.0,2,1.0,720,5913,1.0,0,0,3,6,720.0,0,1920,0,98118,47.5447,-122.27,1560,6600
3013300017,20150408T000000,535000.0,3,1.0,1290,6859,1.0,0,0,4,7,1290.0,0,1941,0,98136,47.5317,-122.387,1560,6369
6031400092,20150213T000000,334950.0,5,3.0,2230,8642,1.0,0,0,3,7,1330.0,900,2014,0,98168,47.487,-122.32,2100,11056
507100020,20150309T000000,270000.0,3,1.0,1480,7374,1.0,0,0,3,6,760.0,720,1954,0,98133,47.7775,-122.336,1480,8934
1472800220,20140909T000000,463000.0,3,2.5,2190,17108,2.0,0,0,3,8,2190.0,0,1991,0,98019,47.7321,-121.964,2400,14040
8030500010,20140528T000000,490000.0,4,2.5,2360,4367,2.0,0,0,3,8,2360.0,0,2003,0,98011,47.7731,-122.167,2360,4868
9238430140,20140725T000000,595000.0,3,3.25,3130,28001,1.0,0,0,3,9,2210.0,920,1985,0,98072,47.7741,-122.122,2710,34999
5592050080,20150429T000000,449999.0,4,2.5,1950,4947,2.0,0,0,3,8,1950.0,0,2000,0,98056,47.5042,-122.193,1760,5611
2781250100,20150415T000000,394000.0,3,2.5,2550,5349,2.0,0,0,3,7,2550.0,0,2004,0,98038,47.3504,-122.026,2640,5400
2742100016,20150416T000000,260000.0,3,1.0,940,5650,1.0,0,0,3,6,940.0,0,1949,0,98118,47.5551,-122.292,1180,5276
3223059123,20140630T000000,550000.0,4,1.5,2750,128502,1.0,0,0,2,7,1500.0,1250,1958,0,98055,47.4345,-122.198,1470,11514
1432700420,20140728T000000,250000.0,3,1.0,1460,10914,1.0,0,0,4,7,1460.0,0,1959,0,98058,47.4511,-122.173,1490,8314
1622049154,20141215T000000,289900.0,3,1.75,1899,11325,2.0,0,0,3,7,1899.0,0,1943,2005,98198,47.3987,-122.3,2000,10454
6708200320,20140929T000000,599000.0,4,4.75,3700,11000,1.0,0,0,4,7,1840.0,1860,1962,0,98028,47.768,-122.251,1720,11564
6127010800,20140609T000000,550000.0,3,2.5,2260,4165,2.0,0,0,3,7,2260.0,0,2005,0,98075,47.5922,-122.008,2770,4566
2781270090,20150225T000000,195000.0,2,2.0,1180,2553,2.0,0,0,3,6,1180.0,0,2005,0,98038,47.3501,-122.02,1310,2687
7278100690,20140918T000000,580000.0,3,1.5,1860,7190,2.0,0,1,5,7,1860.0,0,1952,0,98177,47.7716,-122.392,1670,5525
3959400400,20140709T000000,569000.0,3,3.25,2220,8227,1.5,0,0,5,8,1770.0,450,1929,0,98108,47.5665,-122.316,1750,4800
4040800090,20140506T000000,390000.0,3,1.75,1260,6500,1.0,0,0,4,7,1260.0,0,1966,0,98008,47.6224,-122.116,1500,7700
98000980,20150427T000000,1098000.0,4,3.5,4570,16219,2.0,0,0,3,11,4570.0,0,2002,0,98075,47.5859,-121.968,4700,16500
9432900180,20140714T000000,307999.0,4,2.75,2420,8438,2.0,0,0,3,8,2420.0,0,1996,0,98022,47.2091,-122.009,2420,8580
1829300270,20140821T000000,715000.0,4,2.5,2780,13521,2.0,0,0,3,10,2780.0,0,1987,0,98074,47.6374,-122.042,2980,11454
1251200045,20140620T000000,1462500.0,5,3.25,3840,4800,3.0,0,3,3,10,2750.0,1090,2008,0,98144,47.5929,-122.29,2060,4800
7852160080,20150121T000000,760000.0,4,3.5,3720,13591,2.0,0,3,3,10,3720.0,0,2004,0,98065,47.536,-121.858,4210,14282
324069112,20140617T000000,1325000.0,4,4.0,4420,16526,2.0,0,0,3,11,4420.0,0,2013,0,98075,47.5914,-122.027,3510,50447
2545700020,20141016T000000,458500.0,2,1.75,1160,6828,1.0,0,0,3,7,860.0,300,1941,0,98115,47.6937,-122.298,1250,6828
3288200710,20140527T000000,465000.0,3,2.0,1560,8640,1.0,0,0,5,7,1560.0,0,1967,0,98034,47.7294,-122.186,1970,8625
2724200705,20141212T000000,95000.0,2,1.0,800,8550,1.0,0,0,3,7,800.0,0,1947,0,98198,47.4075,-122.294,1490,8550
1775930140,20150505T000000,365000.0,3,1.75,1830,17349,1.0,0,0,3,8,1230.0,600,1977,0,98072,47.7427,-122.109,1840,11694
7352200450,20150115T000000,2050000.0,4,3.25,3580,19989,1.5,1,4,4,7,3480.0,100,1915,1965,98125,47.7087,-122.276,2410,6389
6865200444,20140505T000000,531000.0,2,3.0,1270,1175,2.0,0,0,3,8,1110.0,160,2000,0,98103,47.6634,-122.34,1290,1800
8128700005,20141119T000000,249000.0,4,1.0,1200,7552,1.0,0,0,3,6,1060.0,140,1919,0,98126,47.5317,-122.37,1580,7680
6647200060,20150209T000000,405000.0,3,1.75,1670,6720,1.0,0,0,3,7,1140.0,530,1980,0,98034,47.7198,-122.193,1670,7320
2490200220,20150302T000000,515000.0,3,1.5,1660,5100,1.0,0,0,4,7,1210.0,450,1954,0,98136,47.5345,-122.383,1440,5100
8163000020,20150126T000000,805000.0,5,3.0,2240,18265,2.0,0,0,4,8,2240.0,0,1963,0,98027,47.5171,-122.029,1990,18265
4154302075,20150116T000000,200000.0,2,1.0,830,7200,1.0,0,0,2,6,830.0,0,1920,0,98118,47.5604,-122.275,1150,6600
4317700085,20150122T000000,535000.0,4,1.0,1660,10656,1.5,0,0,4,7,1180.0,480,1920,0,98136,47.5391,-122.385,1120,8816
8024201503,20140716T000000,475000.0,2,1.75,1710,8645,1.0,0,0,4,7,1510.0,200,1923,0,98115,47.7005,-122.313,1280,5366
4058801680,20140523T000000,300000.0,2,1.0,1340,7788,1.0,0,2,3,7,1340.0,0,1947,0,98178,47.5094,-122.244,2550,7788
221049191,20150428T000000,329500.0,3,2.5,2120,22482,1.0,0,0,5,7,1360.0,760,1979,0,98001,47.341,-122.265,2330,16016
1795900360,20140602T000000,615000.0,4,2.5,2150,9070,2.0,0,0,4,8,2150.0,0,1985,0,98052,47.7279,-122.107,2230,8995
7527200030,20141229T000000,700000.0,5,2.5,2830,25958,1.0,0,1,5,8,1610.0,1220,1979,0,98075,47.5896,-122.083,2670,21567
2919201095,20150327T000000,540000.0,3,1.0,1270,3840,1.5,0,0,3,7,1270.0,0,1926,0,98103,47.6896,-122.357,1270,4175
2138800060,20150304T000000,490000.0,3,1.75,1770,7508,1.0,0,0,3,7,1270.0,500,1962,0,98133,47.7354,-122.343,1690,8880
3904910610,20150506T000000,700000.0,4,2.5,2490,7694,2.0,0,0,3,8,2490.0,0,1987,0,98029,47.567,-122.016,2140,8126
2310000380,20141219T000000,269950.0,3,1.75,1400,7735,1.0,0,0,4,7,1400.0,0,1989,0,98038,47.357,-122.04,1530,7754
6413100270,20150331T000000,490000.0,3,1.75,1540,9000,1.0,0,0,3,8,1540.0,0,1971,0,98125,47.7152,-122.322,1710,7488
4016800120,20140820T000000,374000.0,3,2.5,1850,17808,1.0,0,0,4,8,1210.0,640,1982,0,98032,47.3631,-122.271,2260,16754
4139900050,20140519T000000,1468000.0,4,3.25,5010,34460,2.0,0,0,3,12,5010.0,0,1988,0,98006,47.5469,-122.127,4760,34460
225039082,20140514T000000,620000.0,5,2.5,2540,3832,2.0,0,0,5,8,1760.0,780,1929,0,98117,47.6848,-122.398,2000,5289
6352600490,20150114T000000,820000.0,4,3.5,2770,8049,2.0,0,0,3,9,2770.0,0,2002,0,98074,47.6469,-122.081,3410,7447
3205200480,20150415T000000,421000.0,3,1.75,1100,8662,1.0,0,0,5,7,1100.0,0,1964,0,98056,47.5368,-122.173,1100,9240
3235100080,20140701T000000,260000.0,2,1.0,770,7906,1.0,0,0,4,6,770.0,0,1948,0,98155,47.766,-122.32,990,7906
3616600231,20140603T000000,960000.0,4,3.0,4590,9150,2.0,0,0,3,10,3490.0,1100,1981,0,98177,47.7234,-122.372,2910,12348
9828701739,20140617T000000,465000.0,2,2.75,1430,1425,2.0,0,0,3,7,995.0,435,2006,0,98112,47.621,-122.298,1500,1749
8651441750,20140515T000000,174950.0,3,1.0,1060,5200,1.0,0,0,5,6,1060.0,0,1970,0,98042,47.3636,-122.093,1380,5200
7856410430,20140530T000000,1385000.0,6,2.75,5700,20000,1.0,0,4,4,10,2850.0,2850,1977,0,98006,47.5601,-122.16,3690,15700
8137500400,20141007T000000,545000.0,3,2.5,2140,40173,2.0,0,0,4,8,2140.0,0,1990,0,98027,47.4786,-122.066,2380,43016
2464400280,20150504T000000,710000.0,4,3.5,2850,2910,2.0,0,2,3,8,1970.0,880,1905,1996,98115,47.6855,-122.321,1460,3880
8567300150,20141031T000000,370000.0,4,2.75,2420,39704,1.0,0,0,3,9,2420.0,0,1985,0,98038,47.4053,-122.03,2760,36303
1189001180,20140603T000000,425000.0,3,2.25,1660,6000,1.0,0,0,3,7,1110.0,550,1979,0,98122,47.6113,-122.297,1440,4080
5635100080,20141031T000000,359950.0,4,2.5,2542,6120,2.0,0,0,3,8,2542.0,0,2014,0,98030,47.3751,-122.188,2419,8984
3123039082,20141006T000000,467500.0,3,1.75,2040,273556,1.0,0,0,3,7,2040.0,0,1997,0,98070,47.4361,-122.469,1790,273556
8016250060,20140605T000000,255000.0,3,2.5,1610,6176,2.0,0,0,3,7,1610.0,0,1994,0,98030,47.3657,-122.173,1680,7414
7893203450,20150323T000000,280000.0,3,1.0,1400,13975,1.0,0,0,4,6,1400.0,0,1956,0,98198,47.4195,-122.33,1260,7500
7768800290,20150304T000000,855000.0,4,3.5,2890,5911,2.0,0,0,3,9,2370.0,520,2014,0,98075,47.5754,-122.071,3490,6093
6608500260,20140716T000000,357500.0,3,1.0,1070,10125,1.0,0,0,3,7,1070.0,0,1961,0,98033,47.7012,-122.167,1540,10200
1352300580,20141114T000000,247000.0,1,1.0,460,4120,1.0,0,0,3,4,460.0,0,1937,0,98055,47.4868,-122.199,990,4120
6163900501,20141021T000000,418000.0,3,1.75,1530,7238,1.0,0,0,3,7,1530.0,0,1959,0,98155,47.7629,-122.315,1580,7238
6150700169,20140609T000000,304700.0,2,1.0,740,5995,1.0,0,0,4,7,740.0,0,1949,0,98133,47.7291,-122.337,1140,5995
6070800050,20150213T000000,710000.0,3,2.5,2330,9160,2.0,0,0,3,9,2330.0,0,1997,0,98006,47.5467,-122.181,2460,9160
1622069127,20141118T000000,525000.0,5,3.25,3960,321908,2.0,0,0,4,9,2690.0,1270,1989,0,98038,47.3984,-122.055,2360,96703
7771300035,20140925T000000,328000.0,4,1.0,1360,8136,1.0,0,0,3,7,1360.0,0,1948,0,98133,47.7366,-122.333,1570,8132
5071400104,20140626T000000,690000.0,5,3.5,2720,7598,2.0,0,0,3,8,1860.0,860,1993,0,98115,47.6931,-122.283,2430,7728
6056100160,20140728T000000,182568.0,4,1.5,1500,2106,2.0,0,0,3,7,1500.0,0,2014,0,98108,47.5669,-122.297,1490,2175
8665900070,20150123T000000,460000.0,4,2.25,2860,15054,1.0,0,0,3,8,1460.0,1400,1957,0,98155,47.7655,-122.3,1730,18525
2768301715,20150311T000000,565000.0,4,3.0,2020,4300,1.5,0,0,3,6,2020.0,0,1900,0,98107,47.6653,-122.372,1290,3440
2076400050,20141022T000000,294950.0,4,2.25,1740,9600,1.0,0,2,3,7,1160.0,580,1957,0,98188,47.432,-122.276,1630,9600
7852000340,20140625T000000,482000.0,3,2.5,2420,7307,2.0,0,0,3,7,2420.0,0,1998,0,98065,47.5361,-121.871,2420,5577
1498303855,20150224T000000,718000.0,4,2.75,2930,4408,1.0,0,0,5,8,1660.0,1270,1939,0,98144,47.5841,-122.295,2200,4000
3924500040,20150413T000000,700000.0,4,3.25,3580,43093,1.0,0,0,4,8,3580.0,0,1990,0,98024,47.5595,-121.901,2070,43093
3797310150,20150218T000000,285000.0,4,2.5,1800,9229,2.0,0,0,3,7,1800.0,0,1994,0,98022,47.1927,-122.015,1970,9231
1860600290,20140627T000000,1020000.0,3,2.25,1670,4800,1.5,0,3,3,8,1670.0,0,1903,0,98119,47.6356,-122.367,2300,4800
2591830020,20140916T000000,348000.0,4,2.5,2720,7697,1.0,0,0,4,8,2120.0,600,1987,0,98058,47.4391,-122.161,2340,7700
1139000215,20140718T000000,416000.0,2,1.75,1270,7560,1.5,0,0,4,7,1270.0,0,1932,0,98133,47.7083,-122.357,1480,7560
3424089119,20150501T000000,654000.0,3,2.5,3240,60840,2.0,0,0,3,7,3240.0,0,1997,0,98045,47.5192,-121.764,2570,204732
7694800270,20150420T000000,636000.0,3,2.5,2140,2770,2.0,0,0,3,8,1770.0,370,2007,0,98052,47.6664,-122.131,2510,2708
4055700167,20140814T000000,760000.0,4,3.0,2840,13554,1.0,0,2,4,9,1990.0,850,1974,0,98034,47.7153,-122.257,2840,16940
2937300540,20141016T000000,989990.0,4,3.5,3830,7150,2.0,0,0,3,9,3830.0,0,2014,0,98052,47.7049,-122.126,3640,6055
8099600160,20150429T000000,488500.0,3,2.0,1710,10959,1.0,0,0,4,7,1030.0,680,1981,0,98033,47.697,-122.199,1710,10498
8651480550,20140623T000000,600000.0,3,2.5,2260,10153,2.0,0,0,3,10,2260.0,0,1987,0,98074,47.641,-122.068,2740,10153
930000305,20141110T000000,379400.0,4,1.75,2120,7680,1.0,0,0,4,7,1060.0,1060,1950,0,98177,47.7172,-122.361,1530,7680
1383800015,20150108T000000,524000.0,3,2.25,1370,1007,3.0,0,0,3,8,1330.0,40,2009,0,98107,47.6682,-122.361,1570,1635
9541600015,20150211T000000,660000.0,4,2.25,2010,15375,1.0,0,0,4,8,2010.0,0,1957,0,98005,47.5956,-122.174,1930,15375
2125049133,20141104T000000,715000.0,5,1.75,1920,6500,1.0,0,0,3,7,1260.0,660,1951,0,98112,47.6394,-122.308,1970,5500
7613700660,20150326T000000,758800.0,5,2.25,1750,5000,1.0,0,0,3,8,960.0,790,1940,0,98105,47.6589,-122.276,2580,5000
9523102447,20141117T000000,688500.0,3,1.75,1760,4125,1.5,0,3,4,7,1760.0,0,1927,0,98103,47.6748,-122.352,1760,4000
9362000080,20150316T000000,1600000.0,5,3.5,4050,20925,2.0,0,3,3,10,3020.0,1030,1973,2005,98040,47.5348,-122.241,3880,18321
2738640040,20150409T000000,644000.0,4,2.5,3310,4839,2.0,0,0,3,9,3310.0,0,2007,0,98072,47.773,-122.161,3240,5280
9828702519,20140512T000000,490000.0,2,2.5,1230,1391,2.0,0,0,3,8,870.0,360,2004,0,98112,47.6192,-122.301,1240,1350
9275702405,20150114T000000,1015000.0,3,1.75,3610,8502,1.5,0,2,3,10,2610.0,1000,1930,0,98126,47.583,-122.379,2900,5016
9544200277,20141015T000000,1660000.0,4,3.25,4240,11189,2.0,0,2,3,10,4240.0,0,2006,0,98033,47.6526,-122.191,3390,12540
7922800400,20140827T000000,951000.0,5,3.25,3250,14342,2.0,0,4,4,8,3250.0,0,1968,0,98008,47.588,-122.116,2960,11044
7972603385,20140516T000000,245000.0,2,1.0,870,6150,1.0,0,0,3,6,870.0,0,1941,0,98106,47.5256,-122.347,1120,6150
2767603890,20150304T000000,705000.0,5,3.0,2380,5000,2.0,0,0,5,7,2380.0,0,1909,0,98107,47.6722,-122.389,1800,4650
1024039049,20140512T000000,1015000.0,3,2.5,2920,34527,1.0,0,4,4,9,1800.0,1120,1954,1983,98116,47.5799,-122.4,2480,7933
1003600080,20141107T000000,245000.0,3,1.0,1010,9678,1.0,0,0,5,7,1010.0,0,1955,0,98188,47.4396,-122.285,1010,9375
2624059036,20141003T000000,1599950.0,5,4.5,5130,43123,2.0,0,0,3,11,5130.0,0,1996,0,98006,47.544,-122.126,4670,43560
8815400020,20140724T000000,601000.0,4,1.75,1950,4200,1.0,0,0,5,7,1040.0,910,1951,0,98115,47.6755,-122.285,1450,5000
200520120,20140701T000000,570000.0,4,2.5,2590,8483,2.0,0,0,3,9,2590.0,0,1991,0,98011,47.738,-122.221,2660,8717
8682262190,20150319T000000,480000.0,2,2.0,1350,4220,1.0,0,0,3,8,1350.0,0,2004,0,98053,47.718,-122.034,1350,4409
5423500240,20140624T000000,194000.0,3,1.0,1050,7577,1.0,0,0,3,7,1050.0,0,1983,0,98023,47.2891,-122.357,1430,7245
5592900230,20141224T000000,320000.0,3,1.0,1270,7400,1.0,0,2,4,7,1270.0,0,1956,0,98056,47.4831,-122.191,1800,7400
1438000430,20141006T000000,459995.0,4,2.5,2350,3760,2.0,0,0,3,8,2350.0,0,2014,0,98059,47.4786,-122.123,2590,4136
2472920140,20150403T000000,405000.0,4,2.5,2620,9359,2.0,0,0,3,9,2620.0,0,1987,0,98058,47.438,-122.152,2580,7433
6338000014,20141013T000000,625000.0,4,2.0,1760,5307,1.5,0,0,4,7,1170.0,590,1948,0,98105,47.6714,-122.28,1850,6600
2483200010,20141007T000000,690000.0,3,1.75,2070,6000,1.0,0,3,3,8,1340.0,730,1955,0,98136,47.5226,-122.382,2200,6000
7853220210,20140922T000000,563500.0,4,2.5,2780,7838,2.0,0,3,3,9,2780.0,0,2004,0,98065,47.5312,-121.861,3160,7848
869700060,20140729T000000,315000.0,3,2.5,1260,2767,2.0,0,0,3,8,1260.0,0,1999,0,98059,47.4914,-122.155,1310,2767
3856901435,20141027T000000,720000.0,4,2.0,1760,4500,1.5,0,0,5,7,1760.0,0,1906,0,98103,47.6711,-122.331,1740,4220
1775900140,20140709T000000,400000.0,3,2.0,1760,6875,1.0,0,0,4,8,1760.0,0,1967,0,98072,47.74,-122.093,1670,13650
7518505040,20150330T000000,415000.0,1,1.0,700,2550,1.0,0,0,3,6,700.0,0,1954,0,98117,47.6783,-122.383,1330,4110
4068300160,20150122T000000,263500.0,3,1.75,1610,14000,1.0,0,0,4,7,1050.0,560,1977,0,98010,47.3429,-122.036,1550,10080
9407001830,20140717T000000,338000.0,5,2.0,1860,9000,2.0,0,0,3,7,1860.0,0,1980,0,98045,47.4484,-121.772,1390,9752
3629990110,20140611T000000,475000.0,3,2.25,1630,2520,2.0,0,0,3,7,1630.0,0,2005,0,98029,47.5493,-121.998,1630,3131
5379801920,20150415T000000,500000.0,4,2.5,3630,7482,2.0,0,0,3,10,3630.0,0,2008,0,98188,47.4565,-122.287,1600,15716
3022800260,20141007T000000,439000.0,3,2.5,1680,2801,2.0,0,0,3,7,1680.0,0,2011,0,98011,47.745,-122.181,1920,2723
59500050,20141216T000000,324900.0,4,2.25,2010,7280,2.0,0,0,4,8,2010.0,0,1988,0,98032,47.3585,-122.286,1660,7579
1951820070,20140822T000000,491500.0,3,2.25,2230,13100,1.0,0,0,4,8,1510.0,720,1974,0,98006,47.5413,-122.174,2010,10650
3905080310,20140806T000000,509950.0,3,2.5,1880,4668,2.0,0,0,3,8,1880.0,0,1993,0,98029,47.5666,-121.999,2060,4668
2201500680,20150305T000000,501000.0,3,1.75,1480,8667,1.0,0,0,5,7,740.0,740,1954,0,98006,47.5718,-122.136,1600,10644
3363900155,20141209T000000,470000.0,2,1.0,1220,4000,1.5,0,0,4,6,1220.0,0,1908,0,98103,47.6801,-122.354,1580,4000
5015000180,20141110T000000,713500.0,3,2.0,1720,4200,2.0,0,0,3,8,1720.0,0,1908,1992,98112,47.6285,-122.301,1720,4200
8854100130,20140911T000000,600000.0,5,3.5,3150,10542,1.0,0,0,5,9,1620.0,1530,1974,0,98011,47.7469,-122.217,3150,11807
2887700805,20141022T000000,458950.0,2,1.0,1530,4370,1.0,0,0,3,7,1130.0,400,1946,0,98115,47.6888,-122.308,1580,4275
3327000070,20150420T000000,185000.0,3,1.75,1500,7800,1.0,0,0,3,7,1500.0,0,1968,0,98092,47.3141,-122.192,1490,7800
1508210100,20140827T000000,442200.0,4,1.75,1620,8132,1.0,0,0,3,8,1620.0,0,1974,0,98052,47.6788,-122.11,1920,8400
3216000090,20140729T000000,785000.0,4,2.5,3230,21781,2.0,0,0,3,9,3230.0,0,1993,0,98053,47.6318,-122.01,3230,21780
8113100150,20140714T000000,210000.0,3,1.0,920,6612,1.0,0,0,3,6,920.0,0,1948,0,98118,47.548,-122.284,1860,8424
2558630350,20150321T000000,462000.0,4,2.5,2060,6958,1.0,0,0,3,7,1220.0,840,1974,0,98034,47.7251,-122.168,1760,7350
5145000130,20140925T000000,450000.0,3,2.25,1660,10247,1.0,0,0,5,7,1130.0,530,1968,0,98034,47.7262,-122.222,1680,7637
3459410230,20141111T000000,590000.0,3,2.25,2490,8800,2.0,0,0,4,8,2490.0,0,1975,0,98006,47.5666,-122.132,2690,10000
6713100031,20150211T000000,476000.0,3,2.25,1570,7187,1.0,0,0,4,8,1170.0,400,1980,0,98133,47.7604,-122.356,1660,8775
520700125,20140805T000000,437000.0,3,2.25,1980,8775,1.0,0,0,3,7,1290.0,690,1959,0,98177,47.7753,-122.359,1550,9240
1423900580,20140625T000000,280000.0,3,1.75,1230,8250,1.0,0,0,3,7,1230.0,0,1966,0,98058,47.4526,-122.176,1250,8250
5416510830,20140806T000000,300000.0,4,2.5,1910,4862,2.0,0,0,3,7,1910.0,0,2005,0,98038,47.3607,-122.034,2010,5091
6147650170,20140514T000000,253000.0,4,2.5,2230,4541,2.0,0,0,3,7,2230.0,0,2006,0,98042,47.3848,-122.1,2800,4860
1454100440,20140605T000000,456000.0,4,1.75,1670,9886,1.0,0,0,5,7,1670.0,0,1947,0,98125,47.7249,-122.287,2590,9997
524059322,20150226T000000,999999.0,3,2.5,2100,4097,2.0,0,0,3,9,2100.0,0,2008,0,98004,47.5983,-122.2,1780,4764
7227802030,20140623T000000,350000.0,7,3.0,2800,9569,1.0,0,2,3,7,1400.0,1400,1963,0,98056,47.5102,-122.183,2150,7333
7852070060,20140731T000000,1145000.0,4,3.5,4370,18361,2.0,0,0,3,11,4370.0,0,2001,0,98065,47.544,-121.872,4190,13641
3390600010,20140502T000000,365000.0,3,1.0,1090,6435,1.0,0,0,4,7,1090.0,0,1955,0,98106,47.5334,-122.365,1340,6435
4137010540,20150401T000000,220000.0,3,2.5,1980,11900,2.0,0,0,3,8,1980.0,0,1990,0,98092,47.2656,-122.217,2130,9933
1121059105,20140708T000000,378500.0,3,2.5,2860,43821,2.0,0,0,4,9,2860.0,0,1990,0,98092,47.3163,-122.142,2370,65340
5437820310,20140523T000000,218000.0,3,1.0,960,9633,1.0,0,0,5,6,960.0,0,1982,0,98022,47.1951,-122.001,1080,8610
6386700300,20140722T000000,255000.0,4,2.75,1760,9222,1.0,0,0,3,7,1140.0,620,1971,0,98023,47.3099,-122.362,1800,9222
1250202324,20150122T000000,610000.0,4,2.75,2640,8400,1.0,0,2,3,8,1440.0,1200,1947,0,98144,47.5882,-122.29,2610,6000
4046600320,20140826T000000,420000.0,3,2.25,2020,21010,2.0,0,0,3,7,2020.0,0,1995,0,98014,47.6988,-121.915,1850,18151
823069044,20150325T000000,833450.0,5,4.0,4460,269345,2.0,0,4,3,9,3330.0,1130,1996,0,98027,47.4992,-122.06,2670,115434
3622910190,20140521T000000,895000.0,5,3.0,2876,13927,1.0,0,2,4,9,1970.0,906,1973,0,98040,47.5528,-122.229,3500,14454
4027701326,20140709T000000,470000.0,4,2.25,2380,17199,2.0,0,0,3,8,1530.0,850,1979,0,98028,47.7668,-122.27,2280,11529
4055700778,20141114T000000,523000.0,4,2.5,3180,20870,2.0,0,0,3,8,2120.0,1060,1967,0,98034,47.7176,-122.241,2700,14190
255370570,20141120T000000,359950.0,4,3.5,2690,5564,2.0,0,0,3,7,2690.0,0,2007,0,98038,47.3537,-122.018,2210,4046
5550300205,20150413T000000,338000.0,2,1.0,690,6400,1.0,0,0,3,6,690.0,0,1943,0,98126,47.5287,-122.367,1000,6400
764000180,20150109T000000,295000.0,3,1.5,1670,10800,1.0,0,0,4,8,1670.0,0,1956,0,98022,47.2004,-122.003,1670,9169
1925069066,20140623T000000,1700000.0,3,2.75,2810,18731,2.0,1,4,4,10,2810.0,0,1974,0,98052,47.6361,-122.093,3120,14810
5014000085,20140623T000000,425000.0,2,1.0,880,6413,1.0,0,0,3,7,880.0,0,1950,0,98116,47.573,-122.395,1360,6413
2122049096,20140808T000000,182500.0,2,1.0,1040,13920,1.0,0,0,3,6,1040.0,0,1973,0,98198,47.3756,-122.306,1100,7575
7853361120,20140729T000000,530000.0,3,2.5,1970,6295,2.0,0,0,3,7,1970.0,0,2011,0,98065,47.5158,-121.874,2710,6009
2200500350,20140812T000000,500000.0,2,1.0,1640,14100,1.0,0,0,4,7,1140.0,500,1954,0,98006,47.5712,-122.143,1520,13527
1085623640,20140924T000000,428900.0,4,2.5,2598,5553,2.0,0,0,3,9,2598.0,0,2014,0,98092,47.3412,-122.178,2502,4900
2473000680,20150429T000000,390000.0,3,1.75,1435,8960,1.0,0,0,4,8,1435.0,0,1969,0,98058,47.4525,-122.149,2030,9450
3746700120,20141104T000000,857326.0,3,3.5,3940,11632,2.0,0,0,3,10,3940.0,0,2014,0,98166,47.438,-122.344,2015,11632
2425049063,20140911T000000,3640900.0,4,3.25,4830,22257,2.0,1,4,4,11,4830.0,0,1990,0,98039,47.6409,-122.241,3820,25582
6403510090,20141111T000000,437500.0,4,2.5,2680,7513,2.0,0,0,3,8,2680.0,0,1998,0,98059,47.4956,-122.161,2640,7243
1246700251,20140527T000000,857000.0,4,3.0,3720,29043,2.0,0,0,3,9,3720.0,0,1991,0,98033,47.6907,-122.161,1610,23000
3333002302,20150213T000000,428000.0,4,2.5,1950,5602,1.0,0,0,5,7,1120.0,830,1966,0,98118,47.5437,-122.291,2000,6050
9809000020,20150313T000000,1940000.0,5,2.25,3120,16672,2.0,0,0,4,9,3120.0,0,1969,0,98004,47.6458,-122.219,3740,17853
2591820080,20141103T000000,435000.0,4,2.5,2130,10375,2.0,0,0,4,8,2130.0,0,1986,0,98058,47.4381,-122.16,2220,8508
8856950240,20140618T000000,322500.0,4,2.5,1820,6753,2.0,0,0,3,7,1820.0,0,1994,0,98038,47.3845,-122.032,1820,7107
3905040170,20150320T000000,602000.0,4,2.5,2000,7376,2.0,0,0,3,8,2000.0,0,1990,0,98029,47.5719,-121.999,1950,5218
8078100260,20140912T000000,340000.0,4,2.5,2360,7475,2.0,0,0,3,8,2360.0,0,1992,0,98031,47.4052,-122.17,2280,7570
7857003953,20141020T000000,420000.0,4,2.5,1940,5414,2.0,0,0,3,8,1940.0,0,1997,0,98108,47.5461,-122.299,2050,6307
6791400100,20140910T000000,353000.0,4,2.5,2210,13721,2.0,0,0,3,8,2210.0,0,2009,0,98042,47.3122,-122.039,1850,12951
87000283,20141118T000000,359950.0,3,2.5,1980,7800,2.0,0,0,3,8,1980.0,0,1999,0,98055,47.4492,-122.199,1700,20580
6802210210,20150303T000000,273000.0,3,2.25,1230,11601,1.0,0,0,4,7,910.0,320,1992,0,98022,47.1955,-121.991,1820,8465
7203101580,20140724T000000,410000.0,3,2.5,1740,4948,2.0,0,0,3,7,1740.0,0,2008,0,98053,47.6966,-122.025,1290,3383
1211000280,20150504T000000,295000.0,2,1.0,750,4500,1.0,0,0,3,6,750.0,0,1945,0,98122,47.607,-122.297,1540,4000
3818700185,20140925T000000,400000.0,4,1.5,2150,11026,1.0,0,0,4,7,2150.0,0,1952,0,98028,47.7635,-122.263,1760,10283
3845101100,20150121T000000,392440.0,4,2.5,2547,4800,2.0,0,0,3,9,2547.0,0,2014,0,98092,47.2592,-122.194,2598,4800
7347600490,20140814T000000,245000.0,3,2.0,2040,13125,1.0,0,0,3,6,810.0,1230,1910,0,98168,47.478,-122.278,1460,10582
3223039010,20140804T000000,260000.0,2,1.0,570,81893,1.0,0,1,3,6,570.0,0,1936,0,98070,47.4433,-122.444,2040,115434
3300790670,20140620T000000,280000.0,3,2.0,1470,8089,1.0,0,0,3,7,1470.0,0,1987,0,98198,47.3878,-122.316,1530,7721
6600410290,20140819T000000,207500.0,3,1.75,1320,12528,1.0,0,0,4,7,1320.0,0,1970,0,98042,47.3234,-122.142,1340,11039
2558660270,20141208T000000,370000.0,3,1.75,1580,7000,1.0,0,0,3,7,1180.0,400,1976,0,98034,47.7209,-122.168,1640,7500
3295750550,20141124T000000,290000.0,3,2.0,1760,6600,1.0,0,0,3,7,1760.0,0,1998,0,98030,47.3836,-122.184,2590,6600
6450302545,20150508T000000,443000.0,3,1.0,1280,5460,1.5,0,0,4,7,1280.0,0,1931,0,98133,47.7321,-122.334,1390,5500
8651200040,20140814T000000,950000.0,4,2.5,2790,15653,2.0,0,0,4,10,2790.0,0,1964,0,98040,47.5477,-122.215,3520,15653
5652600556,20141028T000000,397380.0,2,1.0,1030,5072,1.0,0,0,3,6,1030.0,0,1924,1958,98115,47.6962,-122.294,1220,6781
3797000830,20140530T000000,425000.0,3,1.75,1680,3000,1.0,0,2,4,6,840.0,840,1900,0,98103,47.686,-122.346,1540,3700
65000400,20141022T000000,570000.0,4,3.0,1490,6766,1.5,0,1,5,7,1490.0,0,1915,0,98136,47.5446,-122.382,1990,6526
2700200040,20150223T000000,399000.0,4,2.5,2480,4334,2.0,0,0,3,8,2480.0,0,2012,0,98038,47.3826,-122.036,2480,5632
475000080,20141111T000000,515000.0,2,1.5,1400,5000,1.0,0,0,4,7,1150.0,250,1904,0,98107,47.6681,-122.362,1530,4200
1036400100,20141021T000000,600000.0,4,2.5,2360,13500,1.0,0,0,4,8,1780.0,580,1973,0,98052,47.6315,-122.103,2780,12400
1005000240,20141219T000000,395000.0,2,1.0,1200,6014,1.0,0,0,4,6,600.0,600,1949,0,98118,47.5357,-122.28,1270,4652
458000065,20140923T000000,542000.0,4,2.5,2020,3440,1.5,0,0,4,7,1480.0,540,1928,0,98117,47.6885,-122.376,1520,5080
3364900040,20140828T000000,1095000.0,3,2.5,2550,5100,2.0,0,0,3,9,2550.0,0,2014,0,98115,47.6757,-122.326,1250,4080
2488200459,20140505T000000,405000.0,2,3.0,1410,1240,2.0,0,0,3,8,1140.0,270,2006,0,98136,47.5221,-122.39,1410,1273
421000285,20150423T000000,268000.0,4,1.5,1730,7020,1.5,0,0,4,5,1730.0,0,1953,0,98056,47.4939,-122.167,1110,7020
321059132,20150427T000000,365000.0,3,1.75,1450,61419,1.0,0,0,4,8,1450.0,0,1976,0,98092,47.3343,-122.16,2256,82328
7544800395,20150225T000000,450000.0,3,2.0,1010,2820,1.5,0,0,3,7,1010.0,0,1905,0,98122,47.6066,-122.304,1330,3000
1402900380,20140703T000000,280500.0,4,2.5,1890,6962,2.0,0,0,3,8,1890.0,0,1997,0,98092,47.3328,-122.187,2170,6803
7229800430,20140723T000000,379500.0,3,2.25,1830,25641,2.0,0,0,3,8,1830.0,0,1989,0,98059,47.4786,-122.112,1500,25641
7302000120,20140610T000000,695000.0,3,2.5,2550,45254,2.0,0,0,3,9,2550.0,0,2001,0,98053,47.6498,-121.964,2190,49222
3213200215,20150105T000000,600000.0,2,1.0,920,5029,1.0,0,0,4,7,920.0,0,1938,0,98115,47.6726,-122.265,1230,5029
5710610250,20140701T000000,500000.0,5,3.25,3130,12087,2.0,0,0,3,8,2180.0,950,1975,0,98027,47.5336,-122.052,2410,10350
8965000110,20141114T000000,455000.0,3,1.75,1300,9600,1.0,0,0,4,7,1300.0,0,1969,0,98052,47.6388,-122.103,2070,9775
8691370330,20141029T000000,695000.0,4,2.75,2660,7389,2.0,0,0,3,9,2660.0,0,2002,0,98075,47.5993,-121.977,2820,7388
1723049270,20150107T000000,340500.0,3,2.0,2270,28025,1.0,0,0,4,7,1920.0,350,1947,0,98168,47.4857,-122.318,1770,14833
8822901024,20150423T000000,310000.0,3,2.0,1290,886,3.0,0,0,3,7,1290.0,0,2004,0,98125,47.7161,-122.295,1270,1152
263000253,20150330T000000,380000.0,3,2.25,1550,1485,3.0,0,0,3,8,1550.0,0,2011,0,98103,47.6989,-122.346,1550,1480
2133020020,20150116T000000,372000.0,3,2.5,1920,15260,2.0,0,0,3,7,1920.0,0,1990,0,98019,47.7317,-121.964,2370,15235
7524350080,20150318T000000,349900.0,4,2.5,2290,8796,2.0,0,0,3,8,2290.0,0,1994,0,98198,47.3762,-122.318,2130,8796
7832800015,20150226T000000,250000.0,3,1.0,1480,6750,1.0,0,0,3,7,1480.0,0,1958,0,98146,47.505,-122.366,1480,7594
4139900120,20140605T000000,1415000.0,4,5.25,4670,43950,2.0,0,0,3,12,4670.0,0,1989,0,98006,47.5456,-122.126,4900,35000
7846200070,20141002T000000,595000.0,3,2.5,3370,14402,2.0,0,2,3,9,3370.0,0,2004,0,98045,47.5008,-121.776,3330,9691
9578500690,20150327T000000,430236.0,4,3.25,3444,5166,2.0,0,0,3,8,2714.0,730,2014,0,98023,47.2966,-122.348,2848,5182
6099400140,20140904T000000,230000.0,5,1.0,1920,19040,1.0,0,0,3,7,1160.0,760,1961,0,98168,47.4756,-122.294,1920,11520
2826049117,20140528T000000,438750.0,3,1.75,1610,6480,1.0,0,0,4,7,1610.0,0,1947,0,98125,47.7137,-122.307,1230,8040
2402100055,20140716T000000,670000.0,4,3.0,2500,5000,1.5,0,0,4,7,1460.0,1040,1926,0,98103,47.6895,-122.331,1720,4500
7889600285,20141218T000000,315000.0,3,2.5,1950,3000,2.0,0,0,3,7,1950.0,0,2001,0,98146,47.4938,-122.337,1620,6000
1250201550,20140925T000000,735000.0,3,2.0,1610,3600,2.0,0,2,5,8,1610.0,0,1925,0,98144,47.5969,-122.293,2540,6600
5104530680,20150116T000000,278226.0,4,2.5,2390,4639,2.0,0,0,3,8,2390.0,0,2006,0,98038,47.3527,-121.999,2390,4521
2896000510,20140821T000000,490000.0,4,2.5,2120,7820,1.0,0,0,3,8,1280.0,840,1975,0,98052,47.6743,-122.145,2350,8605
5451300105,20140720T000000,1050000.0,3,2.5,3470,12076,2.0,0,3,3,10,2560.0,910,1988,0,98040,47.5319,-122.238,3590,17677
7625701891,20140806T000000,435000.0,3,1.0,1400,4800,1.0,0,0,4,6,700.0,700,1917,0,98136,47.5499,-122.391,1470,6000
254000020,20140605T000000,453500.0,4,1.75,2000,6032,1.0,0,2,3,7,1300.0,700,1959,0,98146,47.5132,-122.389,1930,6032
1732800175,20140630T000000,850000.0,3,2.5,2650,2387,2.0,0,0,3,8,1830.0,820,1920,0,98119,47.6315,-122.362,1870,2216
3709600180,20140526T000000,346000.0,4,2.5,2100,3916,2.0,0,0,3,8,2100.0,0,2009,0,98058,47.4324,-122.185,2100,3916
1929300305,20140623T000000,1220000.0,4,3.75,3520,3944,1.5,0,0,5,8,2200.0,1320,1913,0,98109,47.6424,-122.348,2310,4725
7905200386,20140729T000000,410000.0,3,1.0,1020,6903,1.0,0,0,3,7,1020.0,0,1951,0,98116,47.571,-122.392,1440,6678
3626500045,20140626T000000,760000.0,3,2.5,1980,13964,1.0,0,0,5,7,1980.0,0,1959,0,98040,47.571,-122.227,2040,13964
2193310300,20150401T000000,510000.0,3,2.0,1430,9250,1.0,0,0,4,8,990.0,440,1983,0,98052,47.6952,-122.096,1830,8003
6138000095,20141118T000000,219000.0,3,1.0,1080,10639,1.5,0,0,3,7,1080.0,0,1953,0,98002,47.3171,-122.219,1470,10600
1422029117,20140711T000000,319000.0,3,1.75,1640,53400,1.0,0,0,4,7,1640.0,0,1966,0,98070,47.3944,-122.506,1850,380279
3740000010,20141009T000000,575000.0,3,1.75,1720,5956,2.0,0,0,3,8,1720.0,0,1981,0,98033,47.6875,-122.202,1620,9324
5569620410,20140909T000000,731781.0,3,3.0,2630,4972,2.0,0,0,3,9,2630.0,0,2006,0,98052,47.693,-122.133,2880,4972
7779200275,20140613T000000,760000.0,4,2.5,2420,10285,1.0,0,4,3,8,1700.0,720,1958,0,98146,47.4871,-122.36,2540,9900
3625059166,20150107T000000,553000.0,3,1.0,1310,18135,1.0,0,0,3,7,1310.0,0,1948,0,98008,47.6065,-122.113,2150,18135
4058802300,20140820T000000,300000.0,4,2.0,2360,7440,1.0,0,0,3,7,1180.0,1180,1955,0,98178,47.5044,-122.245,1680,7800
9542840630,20140602T000000,298000.0,3,2.5,1950,3600,2.0,0,0,3,7,1950.0,0,2010,0,98038,47.3658,-122.021,1870,4184
7215721350,20150422T000000,465000.0,3,2.5,1650,4636,2.0,0,0,3,8,1650.0,0,1999,0,98075,47.5997,-122.016,1650,4504
1048000160,20140627T000000,504200.0,2,1.5,1200,1687,3.0,0,0,3,8,1200.0,0,2008,0,98103,47.6491,-122.334,1240,1296
8089500180,20140730T000000,1150000.0,4,3.5,4540,19767,2.0,0,0,3,11,4200.0,340,1998,0,98006,47.5445,-122.137,3990,12881
7853230270,20140804T000000,435000.0,3,2.5,2370,6082,2.0,0,0,3,7,2370.0,0,2004,0,98065,47.5288,-121.846,2690,6152
1559900140,20141222T000000,350000.0,3,2.25,1760,9621,2.0,0,0,3,7,1760.0,0,1995,0,98019,47.7466,-121.979,1810,6589
4045500625,20140822T000000,935000.0,3,3.25,3710,38509,2.0,0,0,3,10,3710.0,0,1998,0,98014,47.693,-121.868,1680,25865
1862400215,20150120T000000,775000.0,3,2.5,2480,5007,2.0,0,0,3,8,1960.0,520,2014,0,98117,47.6974,-122.369,1650,7806
1509500380,20150128T000000,379000.0,4,2.5,2570,10155,2.0,0,0,3,9,2570.0,0,1994,0,98030,47.3842,-122.17,2770,10155
163000010,20140702T000000,330000.0,4,2.5,2105,6093,2.0,0,0,3,8,2105.0,0,2003,0,98042,47.3531,-122.147,1930,8022
1951100100,20141113T000000,180000.0,3,1.0,940,11055,1.5,0,0,4,7,940.0,0,1959,0,98032,47.3732,-122.295,1420,9100
345700150,20141106T000000,310000.0,2,1.5,1010,10005,2.0,0,0,3,7,1010.0,0,1981,0,98056,47.5118,-122.189,1210,7794
1705400055,20140719T000000,519000.0,4,1.0,1640,6305,1.5,0,0,5,6,1640.0,0,1907,0,98118,47.5563,-122.28,1590,4816
9808650060,20150225T000000,1300000.0,3,2.0,2350,15021,1.0,0,0,4,8,1770.0,580,1976,0,98004,47.6408,-122.219,3530,15715
7019000050,20140506T000000,367500.0,3,1.5,1410,9647,1.0,0,0,3,8,1410.0,0,1961,0,98177,47.7608,-122.361,2090,9272
1328320920,20150421T000000,386000.0,4,2.25,2810,8560,1.0,0,0,3,8,1610.0,1200,1979,0,98058,47.4437,-122.124,2400,7600
8562780490,20150223T000000,335000.0,3,2.5,1150,683,2.0,0,0,3,7,1150.0,0,2013,0,98027,47.5323,-122.071,1150,755
3751604653,20140826T000000,205000.0,3,1.0,1370,10708,1.0,0,0,3,7,1370.0,0,1969,0,98001,47.2769,-122.264,1770,14482
3223059303,20150116T000000,790000.0,4,3.0,3120,157875,2.0,0,0,4,8,3120.0,0,1977,0,98058,47.444,-122.187,1580,7050
1321740260,20141015T000000,349900.0,4,2.75,2530,13474,2.0,0,0,4,8,2530.0,0,1994,0,98023,47.289,-122.344,2490,13140
8084400010,20150316T000000,650000.0,3,1.0,920,6750,1.0,0,0,4,7,920.0,0,1951,0,98004,47.6322,-122.212,1460,8933
3996900160,20140708T000000,277000.0,2,1.0,770,8149,1.0,0,0,3,6,770.0,0,1948,0,98155,47.7458,-122.298,1160,8149
7214810350,20141017T000000,467000.0,5,2.25,2500,13500,1.0,0,0,3,7,1850.0,650,1979,0,98072,47.7564,-122.144,2300,9750
1509500080,20150317T000000,389950.0,3,2.5,2170,8140,2.0,0,0,3,9,2170.0,0,1994,0,98030,47.385,-122.169,2390,8100
8567300140,20140723T000000,545000.0,4,2.75,3410,35040,2.0,0,0,3,9,3410.0,0,1984,0,98038,47.4054,-122.03,2580,37263
3797710020,20150327T000000,325000.0,4,2.25,1770,7799,2.0,0,0,3,7,1770.0,0,1998,0,98031,47.4192,-122.202,1770,7778
8143000600,20140918T000000,310000.0,3,1.0,990,7050,1.0,0,0,3,7,990.0,0,1967,0,98034,47.7274,-122.202,1200,8125
203900610,20140724T000000,339000.0,3,1.75,1150,13278,1.0,0,0,5,7,1150.0,0,1966,0,98053,47.6384,-121.969,1560,12400
3362400092,20150312T000000,565000.0,3,2.25,1540,1005,3.0,0,0,3,8,1540.0,0,2008,0,98103,47.6828,-122.346,1510,1501
6431000015,20140530T000000,700000.0,4,2.5,2310,3570,1.5,0,0,3,7,1490.0,820,1927,2014,98103,47.6889,-122.347,1580,3060
868001435,20150127T000000,2225000.0,3,3.0,3450,16740,1.0,0,4,4,9,1960.0,1490,1949,1993,98177,47.7067,-122.38,3220,12528
2197600451,20141105T000000,631000.0,5,2.0,2270,2400,2.0,0,0,3,7,2270.0,0,1905,0,98122,47.6051,-122.319,1320,2400
5152100110,20150422T000000,530000.0,4,2.0,2150,14161,1.0,0,2,3,8,1330.0,820,1966,0,98003,47.3376,-122.323,2310,14034
9547204350,20140519T000000,690000.0,3,2.0,1610,5100,1.5,0,0,5,8,1610.0,0,1940,0,98115,47.6825,-122.307,1740,5100
7335400215,20150505T000000,95000.0,1,0.75,760,5746,1.0,0,0,4,5,760.0,0,1915,0,98002,47.3046,-122.215,970,6696
3686900025,20150408T000000,249000.0,3,1.75,1590,7535,1.5,0,0,5,6,1590.0,0,1909,0,98032,47.3769,-122.234,1110,6000
9222400605,20141115T000000,842500.0,5,4.0,2980,4500,1.5,0,0,3,7,2070.0,910,1921,0,98115,47.6736,-122.323,1560,4225
798000062,20140801T000000,286000.0,3,1.75,1770,9000,1.0,0,0,3,7,1090.0,680,1954,0,98168,47.4997,-122.326,1520,21141
3862710180,20150326T000000,408474.0,3,2.5,1800,2731,2.0,0,0,3,8,1800.0,0,2014,0,98065,47.5342,-121.841,1800,3265
7979900806,20150311T000000,294950.0,2,1.0,1060,7868,1.0,0,0,3,7,1060.0,0,1952,0,98155,47.7414,-122.295,1530,10728
5214510060,20150504T000000,575000.0,5,2.5,3070,7200,2.0,0,0,3,8,3070.0,0,2005,0,98059,47.4939,-122.137,2590,7200
5104540360,20141107T000000,616000.0,4,2.5,3440,6915,2.0,0,0,3,10,3440.0,0,2006,0,98038,47.3538,-122.004,3200,6915
6381500720,20141117T000000,395000.0,4,2.0,2240,7085,1.5,0,0,3,7,2240.0,0,1944,1992,98125,47.7309,-122.305,1440,7085
9297300500,20141023T000000,435000.0,2,1.0,870,4000,1.0,0,2,3,7,870.0,0,1950,0,98126,47.5682,-122.374,1690,4000
8638500170,20150422T000000,233000.0,3,1.0,1980,8505,1.0,0,0,3,7,1030.0,950,1965,0,98106,47.538,-122.353,1830,8505
3935900232,20150112T000000,237000.0,3,1.0,920,5546,1.0,0,0,2,6,920.0,0,1928,0,98125,47.7114,-122.284,1300,5546
4239400920,20140922T000000,149000.0,3,1.0,1090,2800,1.0,0,0,3,6,1090.0,0,1969,0,98092,47.3162,-122.183,1040,2960
5536500020,20140716T000000,540000.0,4,2.5,2290,4450,2.0,0,0,3,9,2290.0,0,2004,0,98072,47.7385,-122.169,2570,5096
1446400785,20150422T000000,228950.0,3,1.0,1120,6625,1.0,0,0,3,6,1120.0,0,1942,0,98168,47.4879,-122.332,1120,6794
1545800640,20140618T000000,242000.0,3,2.0,1260,8092,1.0,0,0,3,7,1260.0,0,1986,0,98038,47.3635,-122.054,1950,8092
5525400530,20150423T000000,706000.0,5,2.5,2890,15891,2.0,0,0,3,9,2890.0,0,1990,0,98059,47.5286,-122.16,2590,10556
2222059065,20141112T000000,297000.0,3,2.5,1940,14952,2.0,0,0,3,8,1940.0,0,1994,0,98042,47.3777,-122.165,2030,10450
114100758,20141022T000000,420000.0,2,1.0,960,112384,1.0,0,0,3,7,960.0,0,1955,0,98028,47.7642,-122.234,1210,24875
6928000620,20150218T000000,590000.0,5,3.0,3480,6625,2.0,0,0,3,8,3480.0,0,2012,0,98059,47.4815,-122.153,2800,9400
2525310310,20140916T000000,272500.0,3,1.75,1540,12600,1.0,0,0,4,7,1160.0,380,1980,0,98038,47.3624,-122.031,1540,11656
9517200610,20150303T000000,370000.0,3,1.75,1290,10117,1.0,0,0,3,7,1290.0,0,1984,0,98072,47.7598,-122.146,1770,11839
1274500420,20140909T000000,234000.0,3,1.0,1010,8906,1.0,0,0,5,7,1010.0,0,1968,0,98042,47.3627,-122.108,1150,10414
2725079018,20140509T000000,800000.0,4,3.25,3540,159430,2.0,0,0,3,9,3540.0,0,2007,0,98014,47.6285,-121.899,1940,392040
8078570410,20150326T000000,279000.0,3,2.5,1920,7779,2.0,0,0,3,7,1920.0,0,1989,0,98031,47.4024,-122.171,1960,7536
3336000050,20150501T000000,435000.0,6,3.0,3560,4290,1.0,0,0,4,7,1780.0,1780,1957,0,98118,47.5282,-122.269,3040,6000
9521100866,20140618T000000,482000.0,3,3.25,1380,1120,3.0,0,0,3,8,1380.0,0,2008,0,98103,47.6617,-122.349,1310,1405
8029510030,20150212T000000,363000.0,3,2.5,2740,11872,2.0,0,0,3,9,2740.0,0,1990,0,98023,47.3076,-122.395,2570,10377
1972201960,20140825T000000,513000.0,3,2.25,1500,1312,3.0,0,0,3,8,1500.0,0,2007,0,98103,47.6534,-122.346,1500,1282
3818400060,20141031T000000,495000.0,4,2.5,2460,4862,2.0,0,0,3,8,2460.0,0,2004,0,98028,47.7719,-122.235,2900,4895
2291400236,20140612T000000,363000.0,3,3.25,1651,1779,2.0,0,0,3,8,1341.0,310,2008,0,98133,47.7076,-122.346,1650,2908
2130200160,20140609T000000,325000.0,3,2.0,1350,11805,1.0,0,0,3,7,1350.0,0,1986,0,98019,47.7313,-121.971,1350,14200
7974200452,20140625T000000,975000.0,5,3.0,2620,5477,2.0,0,0,3,10,2620.0,0,2009,0,98115,47.6804,-122.288,1680,5217
2011400405,20140831T000000,380000.0,5,1.75,1320,38125,1.0,0,0,4,7,1120.0,200,1947,0,98198,47.3937,-122.323,2360,15070
2929600035,20140627T000000,410000.0,3,1.0,2710,19000,2.0,0,3,4,7,2710.0,0,1950,0,98166,47.4462,-122.359,2150,19000
2725069162,20140815T000000,772000.0,4,2.5,2990,9643,2.0,0,0,3,9,2990.0,0,2003,0,98074,47.6292,-122.024,2990,8666
3755000060,20140930T000000,315500.0,3,1.0,1160,10500,1.0,0,0,4,7,1160.0,0,1966,0,98034,47.7267,-122.227,1520,10500
7519001825,20150108T000000,455000.0,2,1.0,1070,5150,1.0,0,0,4,6,870.0,200,1908,0,98117,47.6853,-122.366,1520,3860
8682262240,20150330T000000,505000.0,2,2.5,1900,5065,2.0,0,0,3,8,1900.0,0,2005,0,98053,47.7175,-122.034,1350,4664
2332700060,20140806T000000,950000.0,4,2.25,2620,10920,1.0,0,0,3,9,2620.0,0,1965,0,98005,47.6117,-122.164,2370,11907
9435300051,20140611T000000,354000.0,3,1.0,940,10368,1.0,0,0,3,7,940.0,0,1965,0,98052,47.6608,-122.133,2090,9620
4154302045,20150316T000000,376000.0,2,1.0,880,2400,1.0,0,0,3,6,760.0,120,1918,0,98118,47.5643,-122.275,1180,6300
7230100120,20150209T000000,485000.0,4,2.75,2720,51396,2.0,0,0,4,8,2720.0,0,1977,0,98059,47.4777,-122.1,1960,51366
2212200100,20150422T000000,344900.0,4,2.5,2150,7670,1.0,0,0,5,7,1240.0,910,1976,0,98031,47.3942,-122.189,1610,7350
1231000310,20140812T000000,713000.0,1,1.0,1180,4000,1.5,0,2,4,8,840.0,340,1910,0,98118,47.5561,-122.266,1420,4000
3876312490,20150414T000000,435000.0,4,2.25,1910,8400,2.0,0,0,3,7,1910.0,0,1975,0,98072,47.7352,-122.175,1910,8400
4054500390,20141007T000000,1365000.0,4,4.75,5310,57346,2.0,0,0,4,11,5310.0,0,1989,0,98077,47.7285,-122.042,4180,47443
9264930770,20141029T000000,389500.0,5,3.5,2960,12527,2.0,0,0,3,9,1940.0,1020,1986,0,98023,47.3134,-122.35,2210,10952
6072760390,20150407T000000,547500.0,4,2.5,2610,7254,1.0,0,0,2,8,1610.0,1000,1975,0,98006,47.5618,-122.176,2250,7407
7370600045,20150402T000000,640000.0,3,1.75,1680,8100,1.0,0,2,3,8,1680.0,0,1950,0,98177,47.7212,-122.364,1880,7750
7230200340,20150225T000000,305000.0,3,1.0,1250,23680,1.0,0,0,5,7,1250.0,0,1967,0,98059,47.475,-122.11,1450,23680
9528102996,20141207T000000,549000.0,3,1.75,1540,1044,3.0,0,0,3,8,1540.0,0,2014,0,98115,47.6765,-122.32,1580,3090
8731980440,20141016T000000,355000.0,5,2.5,2344,8000,1.0,0,0,4,8,1560.0,784,1976,0,98023,47.3185,-122.377,2344,8000
6437400101,20141113T000000,284000.0,2,1.0,860,7204,1.0,0,0,3,7,860.0,0,1918,0,98106,47.5361,-122.351,1200,7500
904000045,20140623T000000,1289000.0,3,2.5,2190,11394,1.0,0,0,3,8,1550.0,640,1956,0,98199,47.6685,-122.409,2190,9540
1432600100,20140924T000000,218000.0,3,1.0,1140,7560,1.0,0,0,4,6,1140.0,0,1958,0,98058,47.4624,-122.185,1300,7560
5112800421,20140723T000000,225500.0,4,2.0,1440,7950,1.0,0,0,5,6,1440.0,0,1962,0,98058,47.4517,-122.082,1530,20037
9264910920,20140903T000000,298700.0,3,2.25,2110,7350,1.0,0,0,3,8,1530.0,580,1980,0,98023,47.3088,-122.341,2640,7777
7525050150,20140613T000000,475000.0,3,2.25,1580,12177,1.0,0,0,3,7,1200.0,380,1981,0,98074,47.6254,-122.045,1660,11374
3904910520,20140625T000000,505000.0,3,2.5,1860,8060,2.0,0,0,4,8,1860.0,0,1987,0,98029,47.5674,-122.017,1850,4661
686530110,20141215T000000,599000.0,5,2.25,2460,8710,1.0,0,0,4,8,1330.0,1130,1976,0,98052,47.6651,-122.15,2460,8870
40000228,20141015T000000,221900.0,2,1.0,780,6727,1.0,0,0,3,6,780.0,0,1939,0,98168,47.4733,-122.281,1860,10124
5700000120,20140722T000000,780000.0,4,1.0,3390,4500,1.5,0,0,3,8,2190.0,1200,1924,2014,98144,47.5824,-122.293,2030,4872
2310000280,20141211T000000,275000.0,3,2.25,1620,6415,2.0,0,0,4,7,1620.0,0,1989,0,98038,47.3577,-122.038,1640,7253
567000381,20150328T000000,378000.0,2,1.5,980,853,2.0,0,0,3,7,820.0,160,2009,0,98144,47.5925,-122.295,1130,1270
524069019,20141120T000000,1150000.0,4,3.25,4400,262666,2.0,0,0,3,11,4400.0,0,1988,0,98075,47.5927,-122.064,3240,9791
6814600150,20140905T000000,863000.0,4,1.75,2800,5400,1.0,0,0,3,9,1400.0,1400,1924,2006,98115,47.6803,-122.313,1490,5400
1231001090,20140724T000000,362362.0,2,1.0,710,4000,1.0,0,0,3,6,710.0,0,1909,0,98118,47.5535,-122.269,960,4000
1041500020,20140908T000000,657000.0,4,2.75,3060,35380,1.0,0,0,3,9,1810.0,1250,1982,0,98074,47.6198,-122.038,1980,10425
629800540,20140909T000000,1500000.0,4,4.25,5020,26319,2.0,0,0,3,12,5020.0,0,1998,0,98074,47.6008,-122.01,4930,26319
6873000120,20140512T000000,420000.0,2,2.5,1480,1369,3.0,0,0,3,7,1480.0,0,2009,0,98052,47.676,-122.121,1390,1337
643300040,20150313T000000,719521.0,4,1.75,1920,9500,1.0,0,0,4,7,1470.0,450,1966,0,98006,47.5683,-122.177,1820,10091
8099800590,20140620T000000,456000.0,3,1.5,1440,28516,1.0,0,0,4,7,1440.0,0,1975,0,98075,47.5829,-122.005,2080,27049
7853220390,20140502T000000,785000.0,5,3.25,3660,11995,2.0,0,2,3,10,3660.0,0,2006,0,98065,47.5337,-121.86,3320,11241
2205500335,20140807T000000,420000.0,4,1.75,1940,11500,1.0,0,0,4,7,1090.0,850,1955,0,98006,47.5774,-122.147,1700,8360
8078550320,20150326T000000,290000.0,3,2.0,1260,7346,1.0,0,0,3,7,1260.0,0,1987,0,98031,47.4034,-122.176,1460,7363
5151200290,20140512T000000,300000.0,2,1.75,1360,8100,1.0,0,0,3,7,860.0,500,1975,0,98177,47.7295,-122.359,1830,6766
643500060,20150424T000000,620000.0,4,2.0,1770,7700,1.5,0,0,4,7,1770.0,0,1962,0,98007,47.5916,-122.146,1710,7700
1972200556,20140703T000000,609000.0,3,1.75,1630,1526,3.0,0,0,3,8,1630.0,0,2014,0,98103,47.6536,-122.354,1570,1274
3448002180,20150116T000000,674000.0,3,3.25,2320,6744,2.0,0,0,3,9,1930.0,390,2014,0,98125,47.7132,-122.293,1700,6744
7010700660,20150428T000000,807000.0,3,2.5,1940,4000,2.0,0,0,4,9,1940.0,0,2000,0,98199,47.659,-122.398,1410,4000
1806900502,20141014T000000,649000.0,3,3.25,1720,936,2.0,0,0,3,8,1030.0,690,2004,0,98112,47.6201,-122.309,1720,1527
5153900080,20140714T000000,199000.0,3,1.0,1510,9100,1.0,0,0,3,7,1510.0,0,1966,0,98003,47.3331,-122.319,1180,7220
6137610540,20140827T000000,490000.0,3,2.25,2550,8588,1.0,0,4,3,9,2550.0,0,1989,0,98011,47.7711,-122.195,3050,8588
3342700610,20140728T000000,371000.0,4,1.75,1690,10854,1.0,0,0,3,7,1690.0,0,1977,0,98056,47.5241,-122.199,2390,7000
3908100020,20140803T000000,540000.0,4,1.0,1360,5766,1.5,0,0,5,7,1360.0,0,1951,0,98115,47.6827,-122.289,1500,5704
4100000140,20141013T000000,640000.0,4,1.75,2060,9828,1.0,0,0,4,8,2060.0,0,1960,0,98005,47.5867,-122.174,2260,9996
9310300185,20150325T000000,227000.0,2,1.0,1040,9100,1.0,0,0,4,7,1040.0,0,1937,0,98133,47.7407,-122.347,1950,13228
3629910370,20150410T000000,650000.0,3,2.5,2190,3600,2.0,0,0,3,9,2190.0,0,2003,0,98029,47.5506,-121.993,2300,3600
1823059205,20140604T000000,200000.0,3,1.5,2060,15837,1.5,0,0,3,6,2060.0,0,1903,0,98055,47.4819,-122.223,2190,8549
4239410220,20150402T000000,210000.0,2,1.0,1520,4700,2.0,0,0,4,7,1520.0,0,1978,0,98092,47.3187,-122.182,1140,3906
2608300103,20150126T000000,225000.0,3,2.5,1020,2040,2.0,0,0,3,7,720.0,300,2004,0,98106,47.5294,-122.361,1060,1478
2624089022,20150314T000000,399950.0,3,2.25,1560,11997,1.0,0,0,3,7,1260.0,300,1988,0,98065,47.5378,-121.742,1820,36590
8805400010,20150226T000000,275500.0,3,1.0,1060,7246,1.0,0,0,4,6,1060.0,0,1981,0,98056,47.4936,-122.165,1090,6694
4449800480,20150318T000000,677790.0,6,3.0,2800,4213,2.0,0,0,3,8,2800.0,0,1998,0,98117,47.6892,-122.389,1440,3960
808300310,20150313T000000,389000.0,4,2.25,2130,5337,2.0,0,0,3,7,2130.0,0,2001,0,98019,47.7237,-121.959,2300,6930
7986400265,20141029T000000,770000.0,5,3.0,2370,6000,1.5,0,2,3,8,1340.0,1030,1926,2003,98107,47.6645,-122.358,1350,4500
2935400100,20140522T000000,625000.0,3,1.75,2060,12558,1.0,0,0,4,7,1350.0,710,1984,0,98052,47.6659,-122.144,1850,8722
443000060,20141210T000000,595000.0,3,2.25,2400,16301,1.0,0,0,3,8,1400.0,1000,1962,0,98115,47.6901,-122.282,1720,9828
510002506,20140825T000000,459500.0,2,1.5,1170,1079,3.0,0,0,3,7,1170.0,0,2003,0,98103,47.6607,-122.333,1170,1116
1954440080,20150129T000000,532000.0,3,2.5,1830,8022,2.0,0,0,3,8,1830.0,0,1987,0,98074,47.6198,-122.044,2030,7736
1112000035,20150311T000000,420000.0,2,1.0,1000,5375,1.0,0,0,3,7,1000.0,0,1953,0,98118,47.5404,-122.268,1380,5000
1245500250,20150507T000000,555500.0,2,1.0,920,10000,1.0,0,0,4,7,920.0,0,1981,0,98033,47.6938,-122.21,1340,10000
8562970040,20140516T000000,655000.0,5,3.25,3690,12353,2.0,0,0,5,9,3690.0,0,1977,0,98155,47.7672,-122.292,2290,9082
3629960680,20140926T000000,395000.0,2,2.25,1620,1841,2.0,0,0,3,8,1540.0,80,2004,0,98029,47.5483,-122.004,1530,1831
1934800133,20140711T000000,397500.0,3,2.5,1470,1256,2.0,0,0,3,8,930.0,540,2006,0,98122,47.6033,-122.309,1510,1797
5569620050,20140721T000000,731688.0,4,3.0,2630,5772,2.0,0,0,3,9,2630.0,0,2006,0,98052,47.6952,-122.133,3460,6158
1771100440,20140610T000000,360000.0,4,2.0,1630,10375,1.0,0,0,5,7,1630.0,0,1968,0,98077,47.7566,-122.073,1360,10026
3331001115,20140728T000000,299000.0,3,2.5,1590,3121,2.0,0,0,3,7,1590.0,0,1994,0,98118,47.5515,-122.284,1090,4900
7680400140,20140626T000000,710000.0,3,3.25,3740,136915,2.5,0,0,3,11,3100.0,640,1990,0,98166,47.4549,-122.363,2400,16104
241900020,20140718T000000,378800.0,5,2.5,2740,5400,2.0,0,0,3,8,2740.0,0,2005,0,98031,47.4036,-122.205,2900,5476
9136101776,20140918T000000,709000.0,4,1.0,1680,4087,1.5,0,0,3,7,1680.0,0,1911,0,98103,47.6667,-122.337,1740,3745
8161020060,20140620T000000,443500.0,4,2.5,2040,21781,2.0,0,0,3,8,2040.0,0,1994,0,98014,47.6458,-121.904,2410,21781
3278605550,20140609T000000,365000.0,3,2.5,1800,2700,2.0,0,0,3,8,1800.0,0,2011,0,98126,47.5458,-122.369,1580,2036
3275310220,20141222T000000,244000.0,3,2.0,1360,9688,1.0,0,0,4,7,1360.0,0,1983,0,98003,47.2574,-122.31,1390,9685
6821600145,20141110T000000,824000.0,2,1.0,1210,8400,1.0,0,0,3,8,780.0,430,2000,0,98199,47.6503,-122.393,1860,6000
8562770720,20150423T000000,589999.0,3,2.5,2140,3628,2.0,0,0,3,8,1960.0,180,2006,0,98027,47.537,-122.074,2280,2812
2524049018,20141205T000000,1406890.0,5,2.25,3580,16789,2.0,0,0,5,9,3580.0,0,1966,0,98040,47.5364,-122.239,3390,17000
9828700235,20150401T000000,669000.0,3,1.0,1560,4500,1.5,0,0,5,7,1560.0,0,1915,0,98112,47.6204,-122.292,1530,4500
7574910780,20140514T000000,766950.0,3,2.5,3030,30007,1.5,0,0,4,10,3030.0,0,1992,0,98077,47.743,-122.036,3360,34983
3856903495,20140709T000000,759000.0,4,1.75,2100,4750,1.0,0,0,3,7,1340.0,760,1975,0,98103,47.6695,-122.333,1700,4125
5706201930,20150217T000000,405000.0,3,1.5,1330,12500,1.0,0,0,3,7,1330.0,0,1966,0,98027,47.5263,-122.051,2310,12500
7399800150,20140606T000000,535500.0,3,1.5,1730,40250,2.0,0,0,4,8,1730.0,0,1983,0,98072,47.7499,-122.111,1730,36250
6381500065,20140729T000000,376500.0,3,2.0,1630,7800,1.0,0,0,5,7,1630.0,0,1950,0,98125,47.7326,-122.307,1470,7800
3353400860,20140717T000000,249900.0,3,1.75,2080,12522,1.0,0,0,5,6,2080.0,0,1950,0,98001,47.267,-122.25,1690,11200
2193340140,20140814T000000,540000.0,4,2.5,1850,7850,2.0,0,0,3,8,1850.0,0,1985,0,98052,47.6914,-122.103,1830,8140
4136950140,20141215T000000,250000.0,3,2.5,1700,6000,2.0,0,0,3,8,1700.0,0,1997,0,98092,47.2615,-122.221,1940,6626
8835800450,20150504T000000,950000.0,3,2.5,2780,275033,1.0,0,0,3,10,2780.0,0,2006,0,98045,47.4496,-121.766,1680,16340
3395070640,20140902T000000,300000.0,3,2.5,1320,2614,2.0,0,0,3,7,1320.0,0,2005,0,98118,47.5355,-122.283,1320,2533
8857640710,20140820T000000,479000.0,4,2.5,2590,6139,2.0,0,0,3,8,2590.0,0,2001,0,98038,47.3883,-122.035,2410,6139
7227500740,20141107T000000,217000.0,2,1.0,720,4760,1.0,0,0,5,5,720.0,0,1942,0,98056,47.496,-122.186,840,4760
8562780180,20140612T000000,336750.0,2,2.25,1170,1011,2.0,0,0,3,7,1170.0,0,2009,0,98027,47.5321,-122.073,1240,750
4187000190,20141117T000000,417000.0,3,2.5,2000,4500,2.0,0,0,3,7,2000.0,0,2010,0,98059,47.4937,-122.149,2230,4501
1934800180,20150210T000000,526000.0,3,2.5,1626,1583,2.5,0,0,3,8,1419.0,207,2007,0,98122,47.6031,-122.309,1400,1583
3904100220,20141209T000000,276000.0,2,2.0,1480,6075,1.0,0,0,5,7,740.0,740,1919,0,98118,47.5317,-122.276,1230,6053
3885804305,20140911T000000,949000.0,4,1.75,2490,7834,1.0,0,3,4,8,1240.0,1250,1958,0,98033,47.6851,-122.209,3210,7834
301400320,20140725T000000,255900.0,3,2.5,1489,3266,2.0,0,0,3,7,1489.0,0,2014,0,98002,47.3452,-122.217,1537,3273
6147650430,20150407T000000,320000.0,4,2.5,3130,5200,2.0,0,0,3,7,3130.0,0,2005,0,98042,47.3828,-122.098,3020,5200
9558020380,20140820T000000,525000.0,4,2.5,2840,4750,2.0,0,0,3,9,2840.0,0,2002,0,98058,47.4511,-122.121,2460,4750
173000140,20140722T000000,487000.0,3,1.75,1770,10125,2.0,0,0,3,7,1770.0,0,1944,1978,98133,47.7289,-122.353,1680,9825
6388920460,20141226T000000,535000.0,3,2.5,2110,8164,2.0,0,0,3,9,2110.0,0,1990,0,98056,47.5269,-122.171,2390,7499
1038000040,20140605T000000,499950.0,3,2.5,2370,12753,2.0,0,0,3,7,2370.0,0,2001,0,98019,47.7359,-121.984,2280,16808
5506500170,20140912T000000,560000.0,3,2.5,2780,32880,1.0,0,0,3,9,2780.0,0,1993,0,98045,47.4798,-121.727,2780,40091
745500010,20141208T000000,730000.0,4,2.75,3800,9606,2.0,0,0,3,9,3800.0,0,2008,0,98011,47.7368,-122.208,3400,9677
1326069188,20150511T000000,350000.0,3,2.5,1640,10424,2.0,0,0,3,7,1640.0,0,1988,0,98019,47.7345,-121.977,1560,10101
5072100095,20141117T000000,554000.0,5,2.5,3440,12900,1.0,0,2,4,8,1720.0,1720,1958,0,98166,47.4426,-122.342,2100,10751
8165500830,20150327T000000,409900.0,3,2.5,1690,1200,2.0,0,0,3,8,1410.0,280,2013,0,98106,47.5389,-122.367,1690,1760
8902000267,20150402T000000,500000.0,4,2.75,2260,7209,1.0,0,3,3,7,1330.0,930,2002,0,98125,47.7088,-122.302,1790,10860
3754700050,20140618T000000,424000.0,3,2.0,1670,7700,1.0,0,0,3,7,1170.0,500,1972,0,98034,47.725,-122.2,1500,7875
3134100162,20140717T000000,785000.0,4,2.75,2900,17400,1.0,0,0,4,8,2410.0,490,1978,0,98052,47.6431,-122.108,2620,12240
1323089184,20140502T000000,452500.0,3,2.5,2430,88426,1.0,0,0,4,7,1570.0,860,1985,0,98045,47.4828,-121.718,1560,56827
7221400320,20141003T000000,213000.0,2,1.0,750,6089,1.0,0,2,3,6,750.0,0,1937,0,98055,47.475,-122.199,1430,6451
8129700728,20150414T000000,660000.0,3,2.5,1780,1729,2.0,0,0,3,8,1080.0,700,2008,0,98103,47.6594,-122.355,1780,1741
3585210200,20140602T000000,366000.0,3,1.75,1510,8301,1.0,0,0,3,7,1510.0,0,1967,0,98034,47.7243,-122.222,1460,7910
6752601110,20140512T000000,357000.0,4,2.5,2380,7066,2.0,0,0,4,7,2380.0,0,1997,0,98031,47.3982,-122.172,2310,8127
1023059246,20140514T000000,437000.0,3,2.75,2580,5200,2.0,0,0,3,8,2580.0,0,2008,0,98059,47.496,-122.151,2700,5602
629500170,20150326T000000,679950.0,4,2.5,2850,5664,2.0,0,0,3,9,2850.0,0,2001,0,98075,47.5835,-121.996,2850,5475
224069145,20150401T000000,650000.0,3,1.75,1970,54450,1.0,0,0,3,8,1570.0,400,1980,0,98075,47.5936,-122.012,2460,36677
3260000120,20150209T000000,599380.0,3,1.75,1270,7350,1.0,0,0,4,7,1270.0,0,1967,0,98005,47.6046,-122.168,1880,7350
4154305290,20141120T000000,805000.0,5,3.0,2350,6480,2.0,0,3,4,7,1650.0,700,1924,1962,98118,47.558,-122.266,1840,7200
1423069077,20140915T000000,570000.0,2,1.75,2870,102366,2.0,0,2,4,8,1770.0,1100,1994,0,98027,47.4847,-122.0,2960,108900
3723800409,20140507T000000,568000.0,3,2.0,2350,5080,1.5,0,0,3,8,1780.0,570,1929,0,98118,47.5516,-122.263,1700,5080
8078550250,20141229T000000,307000.0,4,2.75,2520,6964,1.0,0,0,4,7,1260.0,1260,1987,0,98031,47.4038,-122.175,1930,6949
2297400020,20140902T000000,392000.0,3,2.25,1790,7125,1.0,0,0,3,7,1220.0,570,1974,0,98034,47.7184,-122.226,2040,7950
5101406384,20141020T000000,574500.0,4,1.5,1430,6380,1.5,0,0,4,9,1430.0,0,1930,0,98125,47.7014,-122.313,1220,5112
9517200180,20141106T000000,375000.0,3,2.0,1410,10078,1.0,0,0,4,6,1410.0,0,1983,0,98072,47.7587,-122.144,2090,9202
7694200070,20140521T000000,334990.0,4,2.5,2220,4228,2.0,0,0,3,8,2220.0,0,2014,0,98146,47.5014,-122.341,2220,4157
4250200140,20150219T000000,298500.0,4,2.5,1890,5954,2.0,0,0,3,7,1890.0,0,2004,0,98092,47.3293,-122.194,2030,5880
1245002281,20140512T000000,1050000.0,4,3.75,3280,11000,2.0,0,0,3,10,2320.0,960,2008,0,98033,47.6855,-122.201,2400,8351
6703700025,20141105T000000,373000.0,3,1.75,1850,9655,1.0,0,0,3,7,1100.0,750,1959,0,98155,47.7358,-122.319,1480,8683
7950303270,20150302T000000,585000.0,2,1.0,1110,6000,1.0,0,0,3,7,1010.0,100,1951,0,98118,47.5632,-122.282,1410,3500
3831250130,20140825T000000,370000.0,3,2.5,2313,5700,2.0,0,0,3,9,2313.0,0,2011,0,98030,47.3572,-122.202,2323,5701
6632300567,20140730T000000,597000.0,4,2.5,2340,7877,2.0,0,0,3,9,2340.0,0,2004,0,98125,47.73,-122.315,1920,9116
3124089049,20141208T000000,529000.0,4,1.75,2800,90169,2.0,0,0,3,7,2800.0,0,1934,1985,98065,47.5204,-121.829,1600,27194
2560803248,20140709T000000,270000.0,4,2.5,1660,8063,1.0,0,0,4,7,1660.0,0,1978,0,98198,47.3761,-122.32,1060,8437
6332000050,20150121T000000,464000.0,3,2.0,1630,6550,1.0,0,0,5,7,850.0,780,1912,0,98126,47.5452,-122.379,1440,6550
1423089118,20150325T000000,494000.0,4,2.25,1790,42000,1.0,0,0,3,7,1170.0,620,1983,0,98045,47.4819,-121.744,2060,50094
9414610010,20140617T000000,430000.0,3,2.0,1730,9000,1.0,0,0,3,8,1370.0,360,1978,0,98027,47.5202,-122.047,2390,10000
6819100380,20140830T000000,642000.0,3,1.0,1040,4480,1.0,0,0,3,7,870.0,170,1924,0,98109,47.6461,-122.356,1730,4200
7399301050,20150127T000000,315000.0,3,1.75,1480,7500,1.0,0,0,4,7,1480.0,0,1968,0,98055,47.4629,-122.187,1480,7500
7504400750,20150105T000000,652427.0,4,2.25,2770,13129,2.0,0,0,4,8,2770.0,0,1979,0,98074,47.6268,-122.05,2400,13129
7925100271,20140520T000000,430000.0,3,1.75,1200,4500,1.0,0,0,5,7,1200.0,0,1906,0,98108,47.5553,-122.316,1340,4500
40000362,20140506T000000,78000.0,2,1.0,780,16344,1.0,0,0,1,5,780.0,0,1942,0,98168,47.4739,-122.28,1700,10387
7967600069,20141117T000000,185000.0,3,1.0,980,9135,1.0,0,0,3,7,980.0,0,1955,0,98001,47.3496,-122.289,1780,9135
2787320140,20150324T000000,255000.0,3,2.25,1890,7314,1.0,0,0,3,7,1100.0,790,1981,0,98031,47.4121,-122.172,1520,7676
291310170,20140804T000000,384500.0,3,2.5,1600,2610,2.0,0,0,3,8,1600.0,0,2005,0,98027,47.5344,-122.068,1445,1288
3396200300,20150331T000000,540000.0,3,1.75,2110,7129,1.0,0,0,3,8,1280.0,830,1982,0,98052,47.7219,-122.102,1810,8674
267010020,20140711T000000,570000.0,4,2.0,1790,7800,1.0,0,0,5,8,1790.0,0,1972,0,98008,47.6266,-122.103,2150,7838
2005950050,20140527T000000,260000.0,3,2.0,1630,8018,1.0,0,0,3,7,1630.0,0,2003,0,98001,47.2638,-122.243,1610,8397
8718500275,20140715T000000,390000.0,3,2.75,1950,12240,1.0,0,0,3,7,1250.0,700,1956,0,98028,47.7401,-122.258,1880,12000
6743700317,20150204T000000,582500.0,2,1.0,1140,23779,1.5,0,0,3,6,1140.0,0,1966,0,98033,47.6948,-122.172,2940,8417
3500100209,20140804T000000,285650.0,3,1.0,1040,8199,1.0,0,0,3,7,1040.0,0,1953,0,98155,47.7348,-122.302,1420,8200
123039336,20141208T000000,244900.0,1,1.0,620,8261,1.0,0,0,3,5,620.0,0,1939,0,98106,47.5138,-122.364,1180,8244
7660100238,20141111T000000,329950.0,3,2.5,1300,812,2.0,0,0,3,8,880.0,420,2008,0,98144,47.5893,-122.317,1300,824
326049058,20150217T000000,464500.0,5,1.5,2940,13425,1.0,0,0,3,8,1470.0,1470,1955,0,98155,47.7632,-122.29,1580,8200
127100005,20150401T000000,377000.0,4,1.75,1800,8385,1.0,0,0,5,6,900.0,900,1950,0,98133,47.7744,-122.338,1770,8385
3876810170,20150505T000000,329000.0,3,1.0,900,9600,1.0,0,0,4,7,900.0,0,1970,0,98072,47.7423,-122.173,1220,8240
7856400240,20140627T000000,1620000.0,4,3.0,3900,9750,1.0,0,4,5,10,2520.0,1380,1972,0,98006,47.5605,-122.158,3410,9450
293070310,20150213T000000,949990.0,4,4.0,3970,7314,2.0,0,0,3,9,3970.0,0,2014,0,98074,47.6173,-122.056,3560,5258
6073500160,20141210T000000,550000.0,3,1.0,1130,7500,1.0,0,0,3,7,880.0,250,1947,0,98117,47.6973,-122.389,2190,5250
5456000110,20150416T000000,865000.0,5,3.0,2830,8854,1.0,0,0,4,8,1500.0,1330,1979,0,98040,47.5743,-122.209,2260,8604
4322300140,20141103T000000,265000.0,3,2.25,1450,13439,1.0,0,0,4,7,1180.0,270,1963,0,98003,47.2811,-122.299,1520,12348
7851990230,20150316T000000,825000.0,4,3.5,3920,11086,2.0,0,0,3,10,3920.0,0,1999,0,98065,47.5416,-121.869,3740,10880
723000114,20140505T000000,1395000.0,5,3.5,4010,8510,2.0,0,1,5,9,2850.0,1160,1971,0,98105,47.6578,-122.286,2610,6128
8663370060,20141009T000000,349000.0,3,2.25,1640,7261,2.0,0,0,3,7,1640.0,0,1989,0,98034,47.7192,-122.176,1640,6789
3885805325,20140731T000000,710000.0,4,2.75,2090,8064,2.0,0,0,5,7,2090.0,0,1967,0,98033,47.6829,-122.195,1460,8400
1921069082,20140512T000000,560000.0,3,2.0,2560,216777,1.0,0,0,3,8,2560.0,0,1986,0,98092,47.295,-122.086,2360,108463
9136102680,20140923T000000,626500.0,3,1.75,1610,3210,1.0,0,0,5,7,910.0,700,1928,0,98103,47.6656,-122.335,1420,3210
7199360320,20150213T000000,411500.0,3,1.0,1110,7208,1.0,0,0,3,7,1110.0,0,1980,0,98052,47.6979,-122.124,1440,7210
1732800865,20141002T000000,1300000.0,4,2.5,3470,4160,2.0,0,0,3,9,2480.0,990,1927,0,98119,47.63,-122.363,2280,5440
1760650610,20150330T000000,324500.0,4,2.5,2110,3825,2.0,0,0,3,7,2110.0,0,2012,0,98042,47.3602,-122.082,2110,3825
3319500299,20140806T000000,304000.0,2,1.5,950,676,2.0,0,0,3,7,850.0,100,2003,0,98144,47.6005,-122.306,950,1280
3459100300,20140617T000000,405000.0,3,1.5,1880,7400,1.0,0,0,3,8,1480.0,400,1968,0,98155,47.7743,-122.27,1820,8660
1862400517,20140813T000000,350000.0,3,2.0,1320,1298,3.0,0,0,3,7,1320.0,0,1995,0,98117,47.6959,-122.376,1380,1503
2306400040,20150416T000000,604000.0,3,2.0,1560,2589,1.0,0,0,3,7,790.0,770,1923,2001,98103,47.6587,-122.344,1450,3893
5700000465,20140904T000000,666000.0,3,2.5,3000,5000,1.5,0,0,4,7,2110.0,890,1918,0,98144,47.5781,-122.293,1970,5000
1421039067,20141027T000000,218000.0,4,1.0,1620,17500,1.0,0,0,3,7,1620.0,0,1962,0,98023,47.3021,-122.388,2400,17394
6143000020,20141027T000000,175000.0,3,1.75,1910,17003,1.5,0,0,4,8,1910.0,0,1963,0,98001,47.3095,-122.283,1820,14806
8722101100,20150319T000000,739000.0,3,1.75,2050,5160,1.5,0,0,4,8,1300.0,750,1926,0,98112,47.6374,-122.304,2220,5960
9407101840,20140620T000000,378000.0,4,2.5,1890,12236,1.0,0,0,3,7,1230.0,660,1978,0,98045,47.4491,-121.78,1390,11360
3226200105,20140523T000000,325000.0,3,1.0,1920,6862,1.0,0,2,3,7,1120.0,800,1952,0,98118,47.5193,-122.274,2000,6900
1118001820,20140615T000000,1142000.0,4,3.25,2500,5801,1.5,0,0,3,8,1960.0,540,1926,0,98112,47.632,-122.29,3670,7350
7567600045,20140827T000000,825000.0,2,1.0,1150,12775,1.0,1,4,4,6,1150.0,0,1908,0,98178,47.502,-122.222,2440,11852
3629760110,20140821T000000,634000.0,3,2.5,2490,4904,2.0,0,0,3,9,2490.0,0,2003,0,98029,47.5451,-122.014,2370,4050
4305200070,20140922T000000,561000.0,3,2.25,1640,7200,2.0,0,0,4,8,1640.0,0,1985,0,98007,47.5948,-122.153,1830,8372
629410130,20140514T000000,707000.0,4,3.25,3200,7081,2.0,0,0,3,9,3200.0,0,2004,0,98075,47.5886,-121.989,3120,6094
3345100286,20150219T000000,560000.0,4,2.5,3270,24750,1.0,0,0,4,8,1690.0,1580,1979,0,98056,47.5221,-122.178,1520,13480
5113400431,20140508T000000,615000.0,2,1.0,1540,6872,1.0,0,0,4,7,820.0,720,1946,0,98119,47.6454,-122.373,1420,5538
7308600050,20140909T000000,738515.0,5,2.75,3360,9200,2.0,0,0,3,9,3360.0,0,2014,0,98011,47.7754,-122.173,3360,9713
2892600056,20150106T000000,216000.0,2,1.0,1130,12500,1.0,0,0,4,7,1130.0,0,1953,0,98055,47.4514,-122.187,1270,10798
291300010,20140521T000000,389999.0,3,2.25,1445,1471,2.0,0,0,3,7,1300.0,145,2003,0,98027,47.5342,-122.072,1410,1399
423059409,20140928T000000,440000.0,4,2.5,2230,5650,2.0,0,0,3,7,2230.0,0,2011,0,98056,47.5073,-122.168,1590,7241
324069058,20140530T000000,568000.0,4,2.0,2340,50233,1.0,0,0,4,7,1170.0,1170,1966,0,98075,47.5905,-122.022,2470,62290
5018200155,20150121T000000,340000.0,3,1.75,2230,10403,1.0,0,0,3,8,1630.0,600,1968,0,98198,47.4092,-122.295,1730,9450
7631200085,20140512T000000,947500.0,3,2.75,2980,27144,1.5,1,2,5,8,2180.0,800,1917,0,98166,47.4522,-122.378,1890,12514
2710600025,20141103T000000,697000.0,3,2.25,2420,5304,1.5,0,0,5,7,1640.0,780,1947,0,98115,47.6765,-122.285,1560,5304
1424069110,20140718T000000,675000.0,4,2.5,2620,6114,2.0,0,0,3,9,2620.0,0,2011,0,98029,47.5603,-122.013,2620,5808
8864000735,20140709T000000,275000.0,4,2.0,2030,8426,2.0,0,0,3,7,2030.0,0,1944,0,98168,47.4806,-122.287,1190,7007
323059103,20150403T000000,425000.0,3,2.5,1230,23522,1.0,0,0,4,7,1230.0,0,1978,0,98059,47.515,-122.162,2340,23522
8005100025,20140919T000000,195000.0,3,1.0,1510,4350,1.5,0,0,5,6,1510.0,0,1913,0,98022,47.2052,-121.987,1210,5500
414100280,20150414T000000,336000.0,2,1.0,1180,7200,1.0,0,0,4,6,1180.0,0,1949,0,98133,47.7475,-122.342,1180,7200
3083000940,20150412T000000,341000.0,2,1.0,1040,4000,1.0,0,0,3,6,1040.0,0,1914,0,98144,47.5753,-122.303,1740,4000
9527000180,20140711T000000,625000.0,4,3.0,2530,5625,1.0,0,0,3,8,1470.0,1060,1976,0,98034,47.7094,-122.233,1840,7070
1723049033,20140620T000000,245000.0,1,0.75,380,15000,1.0,0,0,3,5,380.0,0,1963,0,98168,47.481,-122.323,1170,15000
424069264,20140522T000000,749000.0,4,2.5,2930,18199,2.0,0,0,3,9,2930.0,0,1998,0,98075,47.5937,-122.047,2930,33976
7280300196,20150403T000000,550000.0,4,2.75,1800,7750,1.0,0,0,4,8,1400.0,400,1965,0,98177,47.7776,-122.384,1800,8275
3052700610,20141216T000000,850000.0,6,3.5,2820,5400,1.0,0,0,3,8,1620.0,1200,1958,0,98117,47.6791,-122.374,1560,2276
8943600870,20141113T000000,305000.0,4,2.25,1763,3717,2.0,0,0,3,8,1763.0,0,2012,0,98031,47.4213,-122.194,1763,3666
9269260420,20141110T000000,436000.0,4,2.5,2640,3899,2.0,0,0,3,7,2640.0,0,2000,0,98011,47.754,-122.217,2460,4057
5028600550,20141229T000000,262000.0,3,1.75,1320,6530,1.0,0,0,4,7,1320.0,0,1989,0,98023,47.2871,-122.354,1620,6817
3530200020,20150402T000000,790000.0,4,2.5,3020,36893,2.0,0,0,3,9,3020.0,0,1986,2007,98077,47.768,-122.092,3020,36444
8857100180,20150413T000000,350000.0,3,2.25,1410,1340,2.0,0,0,3,8,1370.0,40,1967,0,98008,47.6108,-122.113,1730,2748
2426059071,20141021T000000,675000.0,3,2.5,2320,98445,1.0,0,0,4,8,1380.0,940,1978,0,98072,47.7323,-122.116,2830,54014
3629860060,20150312T000000,827500.0,5,4.25,3920,5823,2.0,0,0,3,9,3000.0,920,2000,0,98029,47.5492,-122.008,3000,5297
3288200470,20150204T000000,485000.0,3,1.75,1950,10080,1.0,0,0,4,7,1950.0,0,1967,0,98034,47.7282,-122.186,2340,8800
205000120,20150310T000000,628990.0,4,2.5,2540,32647,2.0,0,0,3,9,2540.0,0,1996,0,98053,47.6324,-121.988,2740,32647
7504001340,20140829T000000,565000.0,3,3.0,1850,12556,2.0,0,0,3,9,1850.0,0,1976,0,98074,47.6286,-122.053,2390,12474
3023049143,20141020T000000,640000.0,4,2.5,3420,21344,2.0,0,0,3,9,3420.0,0,2002,0,98166,47.45,-122.334,2110,21344
5634500415,20140715T000000,431000.0,3,2.5,1710,12677,2.0,0,0,3,8,1710.0,0,1996,0,98028,47.75,-122.234,1610,12160
7941500170,20141202T000000,219000.0,3,1.0,970,7790,1.0,0,0,3,6,970.0,0,1967,0,98003,47.3165,-122.325,1150,8160
4123840470,20150224T000000,408000.0,3,2.5,2620,8403,2.0,0,0,3,8,2620.0,0,1991,0,98038,47.3675,-122.042,2190,7842
7855600080,20150330T000000,750000.0,3,1.75,2770,15232,1.0,0,0,3,8,1570.0,1200,1976,0,98006,47.5706,-122.16,2340,11400
7203220260,20140716T000000,1035480.0,5,3.25,4475,6642,2.0,0,0,3,9,4475.0,0,2014,0,98053,47.6849,-122.018,3720,6633
2538400060,20140612T000000,860000.0,4,3.25,3960,7012,2.0,0,0,3,10,3960.0,0,2005,0,98075,47.5854,-122.08,3680,8522
3355400242,20141028T000000,274900.0,3,2.0,1936,6612,2.0,0,0,3,7,1936.0,0,2014,0,98001,47.2602,-122.246,1620,21600
7922720250,20150506T000000,601002.0,4,2.5,2050,8094,1.0,0,0,3,8,1050.0,1000,1976,0,98052,47.6614,-122.138,1990,9020
1241500155,20140805T000000,575000.0,3,2.5,2070,3599,2.0,0,0,3,8,2070.0,0,1999,0,98033,47.6679,-122.165,2070,6844
1951500055,20140730T000000,268500.0,4,1.75,1820,13600,1.5,0,0,3,7,1120.0,700,1959,0,98032,47.3743,-122.295,1810,11970
5100403754,20140911T000000,420000.0,3,1.0,1440,5623,1.0,0,0,4,6,720.0,720,1922,0,98115,47.696,-122.319,1280,5623
7454000145,20150306T000000,122000.0,2,1.0,740,6840,1.0,0,0,3,6,740.0,0,1942,0,98126,47.5168,-122.373,740,6840
9830200380,20140917T000000,653000.0,3,3.0,3040,5067,3.0,0,2,3,10,3040.0,0,1993,0,98118,47.5409,-122.267,1820,5998
8121100395,20140624T000000,425000.0,4,1.5,1600,6180,1.5,0,0,3,6,1600.0,0,1946,0,98118,47.5681,-122.285,1410,6180
9475700220,20140626T000000,405000.0,4,2.5,2220,4652,2.0,0,0,3,7,2220.0,0,2001,0,98059,47.4902,-122.154,1840,4500
2481200140,20141015T000000,330000.0,3,1.75,1320,9675,1.5,0,0,4,7,1320.0,0,1970,0,98024,47.5695,-121.902,1160,9675
6705870080,20141121T000000,600000.0,4,2.5,2990,5122,2.0,0,0,3,8,2990.0,0,2004,0,98075,47.5773,-122.055,3140,7875
5379805460,20150121T000000,245000.0,3,1.5,1360,8910,2.0,0,0,5,7,1360.0,0,1949,0,98188,47.4488,-122.275,1220,8912
7132300550,20150224T000000,450000.0,3,1.0,1210,4000,1.5,0,0,3,7,1090.0,120,1928,0,98144,47.5934,-122.308,1210,4000
6713700250,20140604T000000,500000.0,5,3.0,2920,11440,2.0,0,0,3,8,2920.0,0,2003,0,98133,47.7607,-122.354,1720,9348
7818900060,20140708T000000,458400.0,4,2.5,1910,10300,1.0,0,0,3,8,1910.0,0,1921,1968,98177,47.7581,-122.359,1910,7750
5101402472,20150129T000000,340500.0,2,1.0,940,5413,1.0,0,0,3,7,940.0,0,1923,0,98115,47.6956,-122.304,1340,5296
3876312350,20141202T000000,466000.0,4,2.25,2170,8050,1.0,0,0,3,7,1220.0,950,1976,0,98072,47.7354,-122.174,1820,7700
1923099034,20150116T000000,775000.0,4,3.5,3970,210830,2.0,0,0,3,9,3970.0,0,2000,0,98045,47.4614,-121.713,1680,42665
3025059136,20140813T000000,800000.0,2,1.0,1050,8750,1.0,0,0,4,7,1050.0,0,1951,0,98004,47.6294,-122.215,3360,20115
9322800210,20140520T000000,879950.0,4,2.25,3500,13875,1.0,0,4,4,9,1830.0,1670,1938,0,98146,47.5083,-122.388,2960,15000
259500230,20141218T000000,465750.0,3,2.5,2670,4534,2.0,0,0,3,9,2670.0,0,2007,0,98056,47.51,-122.184,3040,5079
8700120270,20141210T000000,278000.0,4,2.5,1850,6037,2.0,0,0,3,7,1850.0,0,1991,0,98030,47.359,-122.191,1860,6037
6056110150,20150320T000000,500000.0,2,2.5,1950,2162,2.0,0,0,3,9,1500.0,450,2012,0,98118,47.5622,-122.292,1800,2457
3885807362,20140604T000000,791000.0,3,2.25,2430,5500,2.0,0,0,3,8,1810.0,620,1989,0,98033,47.6812,-122.196,2040,5500
3826000280,20150429T000000,272000.0,3,1.0,1130,8100,1.5,0,0,3,6,1130.0,0,1934,0,98168,47.4935,-122.306,1080,8100
1498303700,20140822T000000,780000.0,5,2.0,2880,12000,2.0,0,0,3,8,2880.0,0,1921,0,98144,47.5861,-122.295,1720,5000
7237550110,20150424T000000,1180000.0,4,3.25,3750,74052,2.0,0,0,3,10,3750.0,0,2013,0,98053,47.658,-122.006,4920,74052
7215420590,20150504T000000,530000.0,4,2.5,2940,35996,2.0,0,0,3,9,2940.0,0,1995,0,98042,47.3401,-122.067,2890,35089
3379100130,20140618T000000,507000.0,4,1.75,1770,9375,1.0,0,0,4,7,1170.0,600,1968,0,98052,47.6935,-122.112,1540,9375
4038500330,20150407T000000,432000.0,3,1.75,1550,8134,1.0,0,0,4,7,1550.0,0,1959,0,98008,47.6136,-122.121,1360,8000
9545200180,20141126T000000,575000.0,3,1.75,2270,10136,2.0,0,0,3,8,2270.0,0,1979,0,98027,47.535,-122.056,2260,9600
1250202990,20140611T000000,881000.0,5,3.0,2510,4125,1.5,0,3,5,8,1590.0,920,1925,0,98144,47.5968,-122.29,2190,5415
2770604365,20140623T000000,649950.0,3,2.5,1500,1375,2.0,0,0,3,9,1200.0,300,2014,0,98119,47.6451,-122.375,1680,1627
7788400065,20150315T000000,317000.0,3,1.0,1270,8925,1.0,0,0,5,7,1270.0,0,1955,0,98056,47.5124,-122.165,1270,8996
1653500070,20140512T000000,927000.0,4,2.75,3300,12090,2.0,0,0,3,8,3300.0,0,1953,0,98004,47.6294,-122.218,3180,12239
4139300135,20140709T000000,2321000.0,5,4.75,5780,17004,2.0,0,0,3,11,4260.0,1520,2006,0,98040,47.5802,-122.212,3460,10855
2523069146,20140623T000000,349900.0,3,2.0,2420,38781,1.0,0,0,5,7,1210.0,1210,1949,0,98027,47.4511,-121.976,2650,88426
422049178,20150212T000000,147200.0,3,1.0,1420,9600,1.0,0,0,4,6,1420.0,0,1954,0,98188,47.4232,-122.292,1400,8415
2024059111,20141023T000000,820000.0,3,3.0,3850,38830,2.0,0,1,3,10,3850.0,0,2000,0,98006,47.5535,-122.191,2970,14050
5430300171,20150129T000000,615500.0,3,1.5,1810,5080,1.0,0,0,3,7,1030.0,780,1958,0,98115,47.6819,-122.287,1780,7620
7633400110,20150224T000000,270500.0,3,1.5,1952,8613,1.0,0,0,4,7,1652.0,300,1960,0,98032,47.3715,-122.29,1400,8712
1926059155,20150130T000000,257000.0,3,1.75,1850,10920,1.5,0,0,3,6,1850.0,0,1915,0,98034,47.7244,-122.222,1510,7871
3303980470,20141201T000000,1185000.0,4,3.25,3960,12895,2.0,0,0,3,11,3960.0,0,2001,0,98059,47.5211,-122.151,3870,12040
2571910260,20141107T000000,324360.0,3,2.5,2000,9669,2.0,0,0,4,8,2000.0,0,1992,0,98022,47.1964,-122.009,1930,9202
3221069057,20141105T000000,280000.0,3,1.0,1310,22652,1.0,0,0,3,7,1310.0,0,1968,0,98092,47.2574,-122.072,1600,103672
2212200090,20150209T000000,215000.0,3,1.0,1610,7140,1.0,0,0,3,7,1080.0,530,1976,0,98031,47.3943,-122.189,1800,7600
686450210,20141104T000000,550000.0,4,2.25,1650,7200,1.0,0,0,3,8,1650.0,0,1967,0,98008,47.6384,-122.116,2180,7950
9828702055,20140508T000000,358000.0,2,1.5,960,1808,2.0,0,0,3,7,960.0,0,1993,0,98122,47.6183,-122.298,1290,1668
9558020600,20150407T000000,425000.0,4,2.5,2460,5440,2.0,0,0,3,9,2460.0,0,2003,0,98058,47.448,-122.121,2460,5124
2976800115,20141105T000000,349170.0,4,1.75,1670,8856,1.0,0,2,3,7,1070.0,600,1955,0,98178,47.5056,-122.251,1660,8088
2426049079,20150506T000000,330000.0,3,1.0,1060,20040,1.0,0,0,3,6,1060.0,0,1943,0,98034,47.7281,-122.235,1768,10800
9542800050,20141211T000000,287000.0,2,2.5,2410,7500,1.0,0,0,3,7,1550.0,860,1978,0,98023,47.3078,-122.374,1840,8800
7649400170,20141205T000000,675000.0,3,2.25,2070,2833,2.0,0,2,3,8,1490.0,580,1966,0,98136,47.5543,-122.398,1940,3794
7812801785,20150218T000000,221347.0,3,2.0,1580,6655,1.0,0,0,3,6,790.0,790,1944,0,98178,47.4927,-122.248,1090,6655
4457300630,20140716T000000,842000.0,4,1.75,2170,9525,1.0,0,0,3,8,2170.0,0,1960,0,98040,47.5685,-122.217,1910,9525
3861470110,20140623T000000,2075000.0,4,3.5,4230,20377,2.0,0,0,3,11,4230.0,0,1997,0,98004,47.5954,-122.206,3980,20489
2591760070,20140603T000000,503000.0,3,2.5,2190,4882,2.0,0,0,3,9,2190.0,0,1999,0,98155,47.7641,-122.306,2190,7055
4083306345,20150504T000000,1000000.0,4,1.5,2100,4560,1.5,0,0,4,8,2100.0,0,1912,0,98103,47.6497,-122.336,1930,4560
7701930180,20141110T000000,600000.0,4,3.5,4300,70407,2.0,0,0,3,10,2710.0,1590,1992,0,98058,47.4472,-122.092,3520,26727
2141310490,20150102T000000,625000.0,3,2.25,1920,8412,1.0,0,2,3,8,1460.0,460,1977,0,98006,47.5578,-122.132,2490,8700
6795100563,20140701T000000,595000.0,4,2.5,1820,20011,2.0,0,0,3,8,1820.0,0,1987,0,98075,47.5842,-122.045,2710,33915
1770000330,20141003T000000,500000.0,4,2.75,2630,15000,1.0,0,0,4,7,1690.0,940,1976,0,98072,47.7425,-122.089,1800,16500
8564700240,20141017T000000,575000.0,3,2.5,2610,7301,2.0,0,0,3,8,2610.0,0,2004,0,98072,47.7614,-122.139,2460,7181
8682290360,20150330T000000,457000.0,2,2.0,1440,9985,1.0,0,0,3,8,1440.0,0,2006,0,98053,47.7217,-122.03,1510,4560
7772400160,20141024T000000,279950.0,3,1.75,1510,11234,1.0,0,0,3,7,1210.0,300,1965,0,98155,47.7571,-122.328,2080,9076
3905060070,20140829T000000,545000.0,4,2.5,2080,8504,2.0,0,0,3,8,2080.0,0,1991,0,98029,47.5703,-121.998,2000,6773
5104520720,20140930T000000,353500.0,4,2.5,1770,9239,2.0,0,0,3,7,1770.0,0,2004,0,98038,47.3512,-122.006,2150,5450
2785000480,20150108T000000,768500.0,4,1.75,3620,10400,1.0,0,0,4,8,1820.0,1800,1965,0,98005,47.6069,-122.167,2410,10400
2220069003,20150223T000000,425000.0,3,2.75,1360,542322,1.0,0,2,4,7,1140.0,220,1955,0,98022,47.2069,-122.024,1700,60548
6817750340,20140919T000000,305000.0,4,2.5,1914,3150,2.0,0,0,3,8,1914.0,0,2009,0,98055,47.43,-122.188,1714,3164
6806300980,20141223T000000,490000.0,4,2.5,3630,8387,2.0,0,0,3,10,3630.0,0,1997,0,98042,47.3623,-122.127,3370,8869
2112700600,20150513T000000,415000.0,3,2.25,1640,5880,1.0,0,0,3,7,1240.0,400,1977,0,98106,47.5323,-122.351,1200,4760
4123800330,20150501T000000,335000.0,3,2.25,1870,5876,2.0,0,0,3,7,1870.0,0,1986,0,98038,47.3779,-122.045,1670,6203
8091400200,20140516T000000,252700.0,2,1.5,1070,9643,1.0,0,0,3,7,1070.0,0,1985,0,98030,47.3533,-122.166,1220,8386
3845100160,20140620T000000,339990.0,3,2.5,2570,4600,2.0,0,0,3,8,2570.0,0,2014,0,98092,47.2582,-122.196,2570,5000
9274200735,20150507T000000,567500.0,4,1.75,2190,5060,1.0,0,0,3,7,1190.0,1000,1950,0,98116,47.5846,-122.387,1510,4600
8092000330,20140528T000000,168500.0,3,1.0,1100,10125,1.0,0,0,3,7,1100.0,0,1969,0,98042,47.367,-122.107,1570,10650
9537200037,20150428T000000,320000.0,4,1.5,1310,137214,1.5,0,0,4,7,1310.0,0,1926,0,98198,47.362,-122.316,1310,9450
109200730,20140506T000000,218000.0,3,1.75,1850,7684,1.0,0,0,3,8,1320.0,530,1979,0,98023,47.2975,-122.37,1940,7630
5452301800,20140722T000000,1250000.0,4,3.75,4520,9240,1.5,0,2,3,10,3270.0,1250,1992,0,98040,47.5897,-122.229,3380,9240
823059145,20141013T000000,321000.0,4,1.0,1300,18836,1.0,0,0,4,7,1300.0,0,1941,0,98056,47.5029,-122.188,1540,8498
1079350020,20140821T000000,305000.0,3,2.0,1490,7697,1.0,0,0,3,7,1490.0,0,1994,0,98059,47.4852,-122.164,1540,7529
1315300095,20140812T000000,790000.0,4,3.5,2720,3000,2.0,0,0,3,9,2250.0,470,2014,0,98136,47.5371,-122.388,1600,4600
2767603215,20140516T000000,490000.0,3,2.0,1450,2400,1.5,0,0,3,8,1450.0,0,1900,2003,98107,47.6726,-122.381,1450,4275
4310702837,20141201T000000,375000.0,3,3.25,1370,1227,3.0,0,0,3,8,1370.0,0,2007,0,98103,47.6964,-122.341,1370,1236
7856600900,20140616T000000,825000.0,4,2.5,2810,9800,1.0,0,0,4,8,1710.0,1100,1973,0,98006,47.5657,-122.149,2800,9800
3022800010,20140714T000000,447000.0,3,2.5,1740,3043,2.0,0,0,3,7,1740.0,0,2012,0,98011,47.744,-122.181,1920,2869
1898900100,20140722T000000,305000.0,4,2.5,2100,14773,2.0,0,0,3,8,2100.0,0,1998,0,98023,47.3045,-122.391,2370,15440
114100314,20150318T000000,285000.0,3,1.5,1480,7117,1.0,0,0,3,7,1170.0,310,1960,0,98028,47.7766,-122.248,2230,14775
537000075,20140811T000000,420000.0,3,2.75,2300,8000,1.0,0,0,3,7,1430.0,870,1965,0,98003,47.3293,-122.306,2070,10200
3629920300,20141103T000000,425000.0,3,2.25,1260,3000,2.0,0,0,3,7,1260.0,0,2003,0,98029,47.5454,-121.997,1630,3042
3864000090,20150219T000000,858000.0,5,3.0,3620,12778,1.0,0,2,5,8,1900.0,1720,1964,0,98006,47.5512,-122.191,2930,10669
8669160460,20150305T000000,289950.0,3,2.5,2099,4275,2.0,0,0,3,7,2099.0,0,2010,0,98002,47.3521,-122.211,2099,4275
1924059248,20140602T000000,870000.0,4,3.0,4500,21780,2.0,0,2,3,9,3040.0,1460,1980,0,98040,47.5581,-122.213,3540,20473
7234600786,20140511T000000,842500.0,4,2.5,2160,5298,2.5,0,0,4,9,2160.0,0,1902,0,98122,47.6106,-122.31,1720,2283
9485300190,20141009T000000,300000.0,4,2.5,1910,8058,2.0,0,0,3,8,1910.0,0,1992,0,98031,47.3891,-122.172,1910,6500
7967950040,20150416T000000,485000.0,4,2.5,3710,15935,1.0,0,0,3,10,2130.0,1580,2005,0,98001,47.3528,-122.267,3674,17913
7170200110,20150121T000000,455000.0,3,1.75,890,3800,1.5,0,0,3,7,750.0,140,1926,0,98115,47.6803,-122.291,1280,3800
5216200090,20140616T000000,385000.0,2,1.0,830,26329,1.0,1,3,4,6,830.0,0,1928,0,98070,47.4012,-122.425,2030,27338
7224000315,20140723T000000,256000.0,3,1.0,880,5375,1.0,0,0,4,5,880.0,0,1924,0,98055,47.4858,-122.202,980,4838
1200019,20140508T000000,647500.0,4,1.75,2060,26036,1.0,0,0,4,8,1160.0,900,1947,0,98166,47.4444,-122.351,2590,21891
8121100600,20150324T000000,525000.0,3,1.0,1640,6180,1.0,0,0,4,7,1640.0,0,1946,0,98118,47.5682,-122.284,1540,6180
5412300130,20141119T000000,250000.0,3,2.0,1430,7280,1.0,0,0,3,7,990.0,440,1980,0,98030,47.3742,-122.18,1430,7280
9290850810,20140613T000000,950000.0,4,2.5,3770,35081,2.0,0,0,3,10,3770.0,0,1989,0,98053,47.6908,-122.051,4000,35492
7221400285,20150209T000000,265000.0,2,1.0,820,8423,1.0,0,2,3,6,820.0,0,1957,0,98055,47.4741,-122.2,1960,9140
2424059127,20140820T000000,952000.0,2,1.75,3490,88909,1.0,0,3,3,10,2320.0,1170,1980,0,98006,47.5462,-122.112,3490,40185
8701600030,20141113T000000,518000.0,5,1.0,1590,5000,1.5,0,0,3,7,1190.0,400,1929,0,98116,47.5752,-122.381,1590,5000
3798000165,20150218T000000,444950.0,3,1.0,1760,6927,1.0,0,0,3,7,1050.0,710,1962,0,98011,47.7623,-122.2,2060,9120
871000435,20150509T000000,812000.0,4,2.0,2380,6122,1.0,0,2,4,8,1310.0,1070,1949,0,98199,47.6506,-122.405,1810,5202
2525059172,20141125T000000,664000.0,6,2.5,3190,12196,2.0,0,0,4,8,3190.0,0,1979,0,98052,47.6309,-122.103,2790,13068
1025079086,20140820T000000,365000.0,2,1.0,960,223898,1.0,0,0,3,6,960.0,0,1985,0,98014,47.6668,-121.892,1830,230868
8091410930,20150323T000000,287000.0,3,2.5,1710,10341,2.0,0,2,3,7,1710.0,0,1986,0,98030,47.3494,-122.171,1830,9358
2044500213,20150126T000000,449000.0,4,2.0,1870,6000,1.5,0,0,3,7,1870.0,0,1956,0,98125,47.7155,-122.315,1520,7169
7272000980,20150226T000000,279000.0,3,1.75,1750,9623,1.0,0,0,3,7,1150.0,600,1962,0,98198,47.3997,-122.313,1820,9623
9324800110,20140728T000000,420000.0,3,1.75,1720,8102,1.0,0,0,5,6,860.0,860,1940,0,98125,47.7336,-122.29,1440,8106
2794700120,20140912T000000,496000.0,3,3.5,3090,27598,2.0,0,2,4,9,2020.0,1070,1995,0,98070,47.3541,-122.453,2180,17085
1722069145,20141223T000000,760000.0,4,2.5,3580,97574,2.0,0,0,3,9,3580.0,0,2004,0,98038,47.3901,-122.071,2510,27068
3298200320,20140624T000000,445000.0,4,1.75,1250,7400,1.0,0,0,5,6,1250.0,0,1959,0,98008,47.62,-122.12,990,7600
2025049192,20141021T000000,527500.0,3,2.5,1380,1389,3.0,0,0,3,8,1380.0,0,2008,0,98102,47.6427,-122.327,1380,1249
5249802520,20140805T000000,402000.0,5,2.75,2160,7200,1.5,0,0,3,7,1220.0,940,1955,0,98118,47.5576,-122.273,1900,7200
7504020400,20150127T000000,615000.0,4,2.25,2360,15860,1.0,0,0,3,9,2360.0,0,1977,0,98074,47.6307,-122.051,2650,11798
5153200358,20141029T000000,240000.0,5,1.75,2460,16000,1.0,0,0,3,7,1230.0,1230,1957,0,98023,47.3305,-122.351,1990,16000
3224510300,20150126T000000,925000.0,3,2.75,3280,10558,1.0,0,2,4,9,2040.0,1240,1979,0,98006,47.5606,-122.133,3150,9998
3876000440,20140728T000000,517850.0,5,2.75,3050,7500,1.0,0,0,4,8,1800.0,1250,1966,0,98034,47.7249,-122.187,2060,7848
1919800260,20140716T000000,645000.0,3,1.75,2340,6750,1.5,0,0,5,7,1620.0,720,1914,0,98103,47.6956,-122.335,1410,3388
3034200036,20150424T000000,438000.0,2,1.0,1630,9255,1.0,0,0,3,7,1630.0,0,1941,0,98133,47.7222,-122.332,1800,8000
984210850,20150217T000000,279950.0,3,1.75,1660,8303,1.0,0,0,3,7,1380.0,280,1974,0,98058,47.4366,-122.171,1740,8320
9267200345,20140602T000000,342000.0,2,2.5,1175,1366,2.0,0,0,3,8,740.0,435,2005,0,98103,47.6962,-122.342,1710,1255
4058200630,20141002T000000,353000.0,3,1.75,2190,7021,1.0,0,2,4,7,1390.0,800,1953,0,98178,47.5033,-122.232,2180,7155
6743700030,20150401T000000,540000.0,4,2.0,2190,8402,2.0,0,0,4,6,2190.0,0,1928,0,98033,47.6944,-122.175,2210,7802
2770600795,20150302T000000,585000.0,4,1.75,2500,7000,1.0,0,0,3,7,1250.0,1250,1947,0,98199,47.648,-122.386,1680,7000
4027701275,20140718T000000,230000.0,3,1.0,1240,6195,1.0,0,0,3,6,1240.0,0,1948,0,98028,47.7681,-122.266,1760,11080
745530180,20150317T000000,870000.0,5,3.5,4495,10079,2.0,0,0,3,9,3580.0,915,2013,0,98011,47.7339,-122.209,4495,10079
2818100060,20140520T000000,1275000.0,4,2.0,2850,7861,1.0,0,4,4,10,1450.0,1400,1970,0,98117,47.6995,-122.397,2810,8087
1604601804,20150416T000000,532000.0,3,3.75,2260,2050,2.0,0,0,3,9,1170.0,1090,2010,0,98118,47.566,-122.29,2130,3082
4027700466,20141219T000000,340500.0,3,1.0,1770,12458,1.0,0,0,3,7,1770.0,0,1957,0,98155,47.7715,-122.27,2000,8225
452002135,20150422T000000,1070000.0,4,2.5,2740,5000,2.0,0,0,3,9,2740.0,0,2012,0,98107,47.674,-122.371,1660,5000
179000100,20140826T000000,174000.0,2,1.0,600,4854,1.0,0,0,5,6,600.0,0,1922,0,98168,47.4927,-122.28,1470,5000
1954420170,20141113T000000,580000.0,3,2.5,2150,7484,2.0,0,0,3,8,2150.0,0,1988,0,98074,47.6191,-122.043,2150,6879
8651611060,20140804T000000,835000.0,4,3.25,3270,6027,2.0,0,0,3,10,3270.0,0,2001,0,98074,47.6346,-122.063,3270,6546
7589200191,20140807T000000,634950.0,3,3.0,2180,2650,1.5,0,0,5,8,1410.0,770,1930,0,98117,47.6891,-122.375,1570,4820
9557300190,20140711T000000,440000.0,3,2.25,1900,7225,1.0,0,0,3,8,1220.0,680,1970,0,98008,47.6394,-122.113,1900,7399
2380000190,20140701T000000,375000.0,3,1.75,2530,35150,1.0,0,0,4,7,1800.0,730,1977,0,98042,47.3913,-122.121,2460,36386
2719100240,20140519T000000,850000.0,4,3.5,2640,5900,2.0,0,2,3,8,2640.0,0,1937,1998,98136,47.5421,-122.383,1700,5900
3935900350,20150222T000000,490000.0,4,2.0,1650,6480,2.0,0,0,5,7,1650.0,0,1947,0,98125,47.7117,-122.286,1650,6350
6743700090,20141120T000000,490000.0,3,1.75,1560,9247,1.0,0,0,3,7,1160.0,400,1989,0,98033,47.6954,-122.174,1690,8772
5726500130,20150407T000000,518000.0,4,1.75,2560,15000,1.0,0,0,3,7,1880.0,680,1974,0,98075,47.5952,-122.053,2210,15150
2771601730,20140629T000000,530000.0,2,1.0,840,3400,1.0,0,2,4,7,840.0,0,1924,0,98119,47.6403,-122.372,2000,4000
715010140,20141002T000000,1750000.0,5,3.25,5790,12739,2.0,0,3,3,10,4430.0,1360,2014,0,98006,47.538,-122.114,5790,13928
6300000320,20140821T000000,359950.0,2,1.0,1240,7590,1.0,0,0,4,7,1040.0,200,1939,0,98133,47.7061,-122.34,1190,5692
7576700150,20141001T000000,1325000.0,3,2.25,2360,5504,2.0,0,0,4,8,2080.0,280,1913,0,98122,47.617,-122.288,2840,5470
3178100065,20140925T000000,676101.0,4,1.5,2270,6010,1.0,0,0,3,8,1290.0,980,1954,0,98115,47.6743,-122.269,2120,5987
2690100170,20141013T000000,300000.0,3,2.5,1960,1477,2.0,0,0,3,7,1670.0,290,2012,0,98059,47.4873,-122.166,1980,1467
7214710300,20140716T000000,542126.0,4,2.5,2360,43088,2.0,0,0,3,8,2360.0,0,1977,0,98077,47.7661,-122.071,2850,39216
4338800500,20141014T000000,262500.0,3,2.0,1130,7200,1.0,0,0,4,6,1130.0,0,1944,0,98166,47.4779,-122.342,1270,7500
8682320160,20150220T000000,439950.0,2,2.0,1440,4666,1.0,0,0,3,8,1440.0,0,2010,0,98053,47.709,-122.019,1510,4595
7203102050,20140728T000000,435000.0,3,2.5,1840,5680,2.0,0,0,3,7,1840.0,0,2008,0,98053,47.6969,-122.026,1600,4697
4022900197,20140808T000000,399000.0,3,2.0,1940,16300,1.0,0,0,3,7,1140.0,800,1978,0,98155,47.774,-122.283,1940,11250
4027700726,20140908T000000,470101.0,4,2.5,2320,7800,2.0,0,0,3,8,2320.0,0,1986,0,98028,47.7738,-122.266,2090,5721
1000102,20140916T000000,280000.0,6,3.0,2400,9373,2.0,0,0,3,7,2400.0,0,1991,0,98002,47.3262,-122.214,2060,7316
2113700060,20141014T000000,400000.0,4,2.5,2350,3904,2.5,0,0,3,7,2350.0,0,1999,0,98106,47.5305,-122.351,1120,4000
4027700456,20140619T000000,510000.0,4,2.5,2610,8031,2.0,0,0,3,8,2610.0,0,1998,0,98155,47.7717,-122.27,2320,8031
2206500105,20140818T000000,290000.0,3,1.0,960,9000,1.0,0,0,4,7,960.0,0,1955,0,98006,47.5765,-122.154,1520,9000
5029450290,20141003T000000,230000.0,3,1.5,1630,6625,1.0,0,0,5,7,980.0,650,1980,0,98023,47.29,-122.368,1440,7145
7228500560,20150320T000000,410000.0,4,1.0,1970,4740,1.5,0,0,3,7,1670.0,300,1904,2005,98122,47.6136,-122.303,1510,4740
8732800100,20140916T000000,312000.0,4,2.0,1890,8362,1.0,0,0,3,7,1890.0,0,1966,0,98188,47.4377,-122.279,1600,9257
6446200175,20140916T000000,735000.0,3,2.5,3020,50800,1.0,0,0,5,8,1510.0,1510,1968,0,98029,47.5529,-122.026,2400,27135
5468730110,20140508T000000,270000.0,4,2.5,1810,6509,2.0,0,0,3,7,1810.0,0,1994,0,98042,47.3531,-122.143,1760,7417
5561300540,20140602T000000,492000.0,3,1.75,2770,39927,1.0,0,0,4,8,1580.0,1190,1978,0,98027,47.4669,-122.003,2420,36384
1330900250,20140515T000000,550000.0,3,2.25,1980,40887,1.0,0,0,4,8,1980.0,0,1980,0,98052,47.6478,-122.029,2460,35700
1099600010,20140612T000000,210000.0,4,1.5,1130,7840,1.0,0,0,4,7,1130.0,0,1970,0,98023,47.2986,-122.377,1690,7840
8731902680,20141120T000000,218000.0,3,2.25,1610,7084,1.0,0,0,4,8,1280.0,330,1968,0,98023,47.3146,-122.384,2170,8505
1796380960,20141126T000000,223000.0,3,2.0,1670,6824,1.0,0,0,3,7,1300.0,370,1990,0,98042,47.3666,-122.084,1660,7586
3869900120,20150226T000000,430000.0,3,2.5,1690,1310,2.0,0,0,3,8,1140.0,550,2004,0,98136,47.5404,-122.387,1640,1321
7250000065,20140825T000000,338000.0,3,2.0,2440,23512,1.0,0,0,3,6,1640.0,800,1933,0,98148,47.4594,-122.326,1630,19613
627300145,20140814T000000,1148000.0,10,5.25,4590,10920,1.0,0,2,3,9,2500.0,2090,2008,0,98004,47.5861,-122.113,2730,10400
7853300070,20140818T000000,539950.0,5,3.0,3100,5250,2.0,0,0,3,7,3100.0,0,2006,0,98065,47.5369,-121.888,2460,5250
7625703405,20140910T000000,431000.0,2,1.0,1000,6500,1.0,0,0,4,7,1000.0,0,1918,0,98136,47.5474,-122.388,1280,6500
191100405,20150421T000000,1575000.0,4,3.25,3410,10125,2.0,0,0,3,10,3410.0,0,2007,0,98040,47.5653,-122.223,2290,10125
9269200150,20140715T000000,390000.0,1,1.75,1440,4920,1.0,0,0,3,7,720.0,720,1923,0,98126,47.534,-122.376,1440,4920
8648220270,20150414T000000,291500.0,3,1.75,1260,9600,1.0,0,0,4,7,1260.0,0,1988,0,98042,47.3592,-122.076,1640,9946
5272200045,20141113T000000,378000.0,3,1.5,1000,6914,1.0,0,0,3,7,1000.0,0,1947,0,98125,47.7144,-122.319,1000,6947
3876311490,20140724T000000,580000.0,4,2.75,3210,6825,1.0,0,0,5,7,1810.0,1400,1975,0,98034,47.7338,-122.169,1840,8000
3797000330,20140623T000000,471001.0,3,1.75,1800,6000,1.0,0,0,5,7,900.0,900,1905,0,98103,47.6867,-122.349,1800,3000
5710610790,20140516T000000,730100.0,4,2.5,3120,14300,2.0,0,0,3,9,3120.0,0,2003,0,98027,47.5318,-122.055,2580,10005
967000400,20150428T000000,548000.0,5,1.5,1700,7200,1.5,0,0,3,7,1700.0,0,1937,0,98011,47.7614,-122.203,1460,7194
3260810590,20140912T000000,349950.0,3,2.5,2240,7565,2.0,0,0,3,8,2240.0,0,1999,0,98003,47.3485,-122.301,2190,8254
3586500665,20150112T000000,530000.0,3,1.0,1440,27505,1.0,0,0,3,8,1440.0,0,1951,0,98177,47.7553,-122.37,2430,16400
2123049420,20150422T000000,278000.0,3,1.5,1900,9994,1.0,0,0,3,7,1120.0,780,1960,0,98168,47.4729,-122.301,1900,9994
6414600232,20150420T000000,535000.0,3,2.25,2050,6648,1.0,0,0,3,7,1230.0,820,1990,0,98133,47.7258,-122.332,1760,7200
9547200835,20150402T000000,775000.0,3,1.0,2030,4080,1.5,0,0,4,7,1840.0,190,1908,0,98115,47.6765,-122.308,2030,4080
7853280570,20140604T000000,765000.0,4,3.0,4410,5104,2.0,0,0,3,9,3400.0,1010,2006,0,98065,47.5392,-121.861,4390,5537
9533100080,20140820T000000,781000.0,3,1.5,1290,8175,1.0,0,0,4,7,820.0,470,1952,0,98004,47.6296,-122.205,2130,8577
8921000040,20140625T000000,804100.0,4,2.5,3070,8086,2.0,0,0,3,10,3070.0,0,2005,0,98059,47.5399,-122.16,3320,10738
2768301357,20141001T000000,500000.0,3,2.25,1530,1396,2.0,0,0,3,8,1240.0,290,2007,0,98107,47.666,-122.367,1690,2500
7852040210,20140617T000000,449950.0,4,2.5,2470,3811,2.0,0,0,3,8,2470.0,0,1999,0,98065,47.5362,-121.877,2400,4266
626059127,20141117T000000,614000.0,3,2.5,2830,5831,2.0,0,0,3,9,2830.0,0,2010,0,98011,47.7744,-122.224,2830,6064
1954440060,20140505T000000,560000.0,3,2.5,1900,8744,2.0,0,0,3,8,1900.0,0,1987,0,98074,47.62,-122.043,2030,8744
8944750730,20140514T000000,340000.0,3,2.25,1970,3716,2.0,0,0,3,7,1970.0,0,1997,0,98056,47.4907,-122.167,1780,3716
3223059015,20150410T000000,397500.0,3,2.5,1860,44093,1.0,0,0,3,7,1860.0,0,1978,0,98055,47.4381,-122.188,1900,6130
6870300060,20140922T000000,470000.0,3,2.5,2120,2374,2.0,0,0,3,8,1770.0,350,2005,0,98052,47.674,-122.142,2480,3043
1732800780,20150212T000000,3065000.0,5,3.0,4150,7500,2.5,0,4,5,11,3510.0,640,1909,0,98119,47.6303,-122.362,2250,4050
4302200336,20140707T000000,300000.0,3,1.0,930,5160,1.5,0,0,5,6,930.0,0,1919,0,98106,47.5256,-122.357,1060,5160
3422049190,20150330T000000,247500.0,3,1.75,1960,15681,1.0,0,0,3,7,1960.0,0,1967,0,98032,47.3576,-122.277,1750,15616
8956200560,20150320T000000,453000.0,4,2.5,2502,8306,2.0,0,0,3,9,2502.0,0,2013,0,98001,47.2953,-122.265,2597,6983
8680300010,20150324T000000,290000.0,3,2.0,1360,6685,1.0,0,0,3,7,1360.0,0,1952,0,98155,47.7365,-122.324,1300,8138
686400670,20150414T000000,678000.0,3,1.75,1670,7210,1.0,0,0,5,8,1670.0,0,1967,0,98008,47.6344,-122.116,2200,7210
4083300620,20150227T000000,930000.0,3,1.75,2460,4240,1.0,0,0,4,7,1230.0,1230,1925,0,98103,47.6593,-122.337,1700,4240
880000189,20140811T000000,209000.0,3,2.0,1230,1340,2.0,0,0,3,7,1020.0,210,2003,0,98106,47.526,-122.361,1260,1312
7923700020,20141121T000000,450000.0,4,2.0,1570,7320,1.0,0,0,4,7,1570.0,0,1960,0,98007,47.5967,-122.14,1530,8800
3211230080,20140728T000000,424000.0,3,2.5,2200,34680,2.0,0,0,3,9,2200.0,0,1985,0,98092,47.3139,-122.116,2560,35840
8582010240,20140506T000000,606000.0,4,2.5,2110,13850,2.0,0,0,3,9,2110.0,0,1987,0,98027,47.5497,-122.077,2520,10194
1310700330,20150507T000000,310000.0,4,2.25,1780,8820,1.0,0,0,4,8,1480.0,300,1966,0,98032,47.3618,-122.289,1780,8625
8071000050,20141113T000000,270000.0,2,1.0,1040,5700,1.0,0,0,3,6,1040.0,0,1922,0,98118,47.519,-122.26,1380,5700
2695600455,20150128T000000,425000.0,2,1.0,1160,5038,1.0,0,0,5,7,740.0,420,1942,0,98126,47.5304,-122.38,1160,5076
8562890910,20140619T000000,320000.0,4,2.5,3490,5000,2.0,0,0,3,8,3490.0,0,2003,0,98042,47.3772,-122.127,2910,5025
3278602040,20141021T000000,346500.0,3,3.25,1570,2048,2.0,0,0,3,8,1290.0,280,2006,0,98126,47.548,-122.375,1570,2006
3380900160,20150428T000000,502000.0,4,1.5,1700,8400,1.0,0,0,3,7,1700.0,0,1953,0,98177,47.7677,-122.359,1750,8475
7405700015,20150330T000000,406000.0,3,1.0,1090,11292,1.0,0,0,4,7,1090.0,0,1952,0,98133,47.7429,-122.358,1570,8198
8924100370,20140915T000000,1205000.0,4,3.5,3590,5335,2.0,0,2,3,9,3140.0,450,2006,0,98115,47.6762,-122.267,2100,6250
2724079090,20150105T000000,1650000.0,4,3.25,3920,881654,3.0,0,3,3,11,3920.0,0,2002,0,98024,47.5385,-121.896,2970,112384
4139440830,20140603T000000,960000.0,5,2.75,3040,10257,2.0,0,0,3,10,3040.0,0,1993,0,98006,47.5531,-122.119,2860,9327
8024201795,20141117T000000,397000.0,2,1.0,1000,7664,1.0,0,2,3,7,1000.0,0,1939,0,98115,47.7001,-122.311,1570,6350
5101404491,20150212T000000,520000.0,2,1.0,1340,6380,1.0,0,0,3,7,890.0,450,1939,0,98115,47.697,-122.313,1380,6380
714000210,20140903T000000,998000.0,4,2.5,3030,6820,2.0,0,0,3,9,2530.0,500,1947,2000,98105,47.6695,-122.266,2070,6820
4237901345,20141217T000000,825000.0,4,3.25,3200,4477,2.0,0,0,3,9,2390.0,810,2006,0,98199,47.664,-122.402,1830,4920
2788500090,20141219T000000,309000.0,3,1.0,1820,8142,1.0,0,0,3,7,1040.0,780,1961,0,98168,47.505,-122.316,1820,8142
1370803820,20140602T000000,629000.0,3,2.0,1760,5000,1.0,0,0,5,7,960.0,800,1920,0,98199,47.6408,-122.403,1380,5000
662310900,20150220T000000,350000.0,3,2.5,2730,7372,2.0,0,0,3,9,2730.0,0,1998,0,98023,47.2831,-122.346,2710,8343
8856940060,20150227T000000,374950.0,4,2.75,2730,4683,2.0,0,0,3,7,2730.0,0,2005,0,98038,47.3608,-122.043,2230,4924
1776460190,20140626T000000,429900.0,3,2.5,2370,5353,2.0,0,0,3,8,2370.0,0,2009,0,98019,47.7333,-121.975,2130,6850
2591700037,20150212T000000,746000.0,3,1.75,1910,12321,1.0,0,0,4,7,1100.0,810,1952,0,98004,47.5995,-122.198,1910,11761
4447300137,20140604T000000,989000.0,5,3.5,3280,4000,2.0,0,0,3,9,2440.0,840,2003,0,98117,47.689,-122.396,1980,4000
1826049094,20140716T000000,426000.0,2,1.0,2230,11472,2.0,0,0,3,7,2230.0,0,1951,0,98133,47.7372,-122.35,1870,8649
2481590090,20141027T000000,598555.0,3,2.5,3040,7880,2.0,0,0,3,9,3040.0,0,2004,0,98056,47.5277,-122.184,3040,7880
3307700150,20150413T000000,950000.0,3,1.0,1720,9830,1.0,0,0,4,7,1720.0,0,1946,0,98040,47.5905,-122.245,3200,8923
2113700235,20140512T000000,360000.0,4,2.0,1730,5500,1.0,0,0,5,7,1010.0,720,1943,0,98106,47.5304,-122.353,1080,4900
9834201145,20150222T000000,635000.0,4,2.5,2880,3091,2.0,0,0,3,9,1940.0,940,2014,0,98144,47.5711,-122.286,1560,4080
424059100,20150327T000000,449228.0,5,2.5,3020,24750,1.0,0,0,3,8,1650.0,1370,1965,0,98005,47.5897,-122.179,2930,16062
5423030380,20150506T000000,725000.0,4,1.75,2350,7574,1.0,0,0,3,8,1720.0,630,1979,0,98027,47.5634,-122.087,2220,8496
2574900080,20140513T000000,1550000.0,5,3.25,3370,17458,1.0,0,2,5,10,2000.0,1370,1982,0,98040,47.5591,-122.229,4240,15202
1931300425,20140908T000000,539000.0,3,2.5,2170,3200,1.5,0,0,5,7,1280.0,890,1923,0,98103,47.6543,-122.347,1180,1224
4038100360,20150210T000000,466200.0,3,1.5,1340,8856,1.0,0,0,4,7,1340.0,0,1959,0,98008,47.6094,-122.126,1850,8740
9828202030,20150218T000000,428000.0,4,2.0,1300,7200,1.0,0,0,3,7,1300.0,0,1958,0,98122,47.6169,-122.294,1540,6600
3629700020,20150415T000000,646800.0,3,3.0,2230,1407,2.5,0,0,3,8,1850.0,380,2014,0,98027,47.5446,-122.017,2230,1407
3331500820,20140610T000000,516200.0,3,2.0,2110,5150,1.0,0,0,5,6,1080.0,1030,1919,0,98118,47.5521,-122.271,1170,5107
5104510240,20140519T000000,339000.0,4,2.5,1830,8601,2.0,0,0,3,7,1830.0,0,2003,0,98038,47.3576,-122.016,1830,5184
1868900285,20140523T000000,552000.0,3,1.0,1430,5000,1.0,0,0,4,6,1080.0,350,1919,0,98115,47.6724,-122.296,1630,4600
8024200684,20141125T000000,419500.0,3,1.5,1400,1091,3.0,0,0,3,8,1400.0,0,2007,0,98115,47.6989,-122.317,1270,1413
6632300230,20141006T000000,377500.0,3,2.0,1370,7200,1.0,0,0,3,7,1130.0,240,1926,1955,98125,47.7329,-122.308,1300,7208
985001015,20140604T000000,135000.0,1,1.0,790,13062,1.0,0,0,3,6,790.0,0,1942,0,98168,47.4919,-122.311,1240,7137
320069049,20140514T000000,305000.0,4,1.5,1590,131551,1.0,0,3,4,7,1590.0,0,1966,0,98022,47.2558,-122.024,2280,108028
2883200961,20140605T000000,700000.0,3,1.75,1910,4800,1.0,0,0,3,7,1080.0,830,1959,0,98103,47.6844,-122.332,1750,4800
7199000290,20140905T000000,525000.0,4,2.0,2420,10735,1.5,0,0,3,7,2420.0,0,1967,0,98052,47.6899,-122.122,1570,9540
269001360,20150422T000000,775000.0,4,1.75,2320,5595,1.0,0,0,3,7,1510.0,810,1956,0,98199,47.6397,-122.388,1840,5596
3824100082,20150401T000000,502000.0,3,2.75,2010,11200,1.0,0,0,3,8,1360.0,650,1979,0,98028,47.7728,-122.253,2200,10640
4279600080,20141231T000000,609000.0,6,3.0,2470,9267,2.0,0,0,3,8,2470.0,0,1982,0,98007,47.6025,-122.152,2470,9151
2787250190,20140717T000000,645000.0,4,2.5,2860,14000,2.0,0,0,3,8,2860.0,0,1995,0,98019,47.7306,-121.973,2650,14564
3041700570,20140605T000000,466800.0,3,2.5,1480,14250,2.0,0,0,3,7,1480.0,0,1996,0,98033,47.6595,-122.186,1660,14250
1423049019,20140523T000000,90000.0,2,1.0,580,7500,1.0,0,0,3,5,580.0,0,1943,0,98178,47.4852,-122.251,1700,11250
3425059076,20140922T000000,780000.0,2,3.25,3000,24004,1.0,0,0,3,10,2410.0,590,1952,0,98005,47.611,-122.157,4270,24506
1930301015,20150428T000000,818000.0,3,3.25,2200,4800,2.0,0,2,3,7,1910.0,290,1943,1996,98103,47.6551,-122.353,1410,4800
6816300060,20150413T000000,426000.0,2,2.5,1550,2657,2.0,0,0,4,8,1550.0,0,1987,0,98033,47.7034,-122.188,1570,2442
8562000010,20150501T000000,244500.0,3,1.75,1210,8864,1.0,0,0,3,7,1210.0,0,1985,0,98042,47.3639,-122.08,1510,8062
8128600060,20140624T000000,600000.0,4,3.25,4690,14930,2.0,0,2,3,10,3680.0,1010,1995,0,98155,47.7718,-122.283,2910,13320
7129302555,20141003T000000,260000.0,2,1.0,1410,5650,1.5,0,0,3,6,1410.0,0,1918,0,98118,47.5159,-122.258,1430,5650
3812400789,20140731T000000,340000.0,3,2.0,1460,5715,1.0,0,0,3,7,1460.0,0,1957,2014,98118,47.54,-122.276,1400,5715
2114700040,20150414T000000,260000.0,3,2.75,1730,4131,2.0,0,2,3,7,1480.0,250,1975,0,98106,47.5327,-122.346,1570,4120
4073200124,20150417T000000,305000.0,2,1.0,890,7200,1.0,0,0,3,7,740.0,150,1949,0,98115,47.6998,-122.278,1290,7200
3523029041,20141009T000000,290000.0,2,0.75,440,8313,1.0,1,3,4,5,440.0,0,1943,0,98070,47.4339,-122.512,880,26289
5101400871,20150524T000000,445500.0,2,1.75,1390,6670,1.0,0,0,3,6,720.0,670,1941,0,98115,47.6914,-122.308,920,6380
2025049161,20140506T000000,1050000.0,3,2.5,2200,1970,2.0,0,0,3,9,1610.0,590,2008,0,98102,47.6426,-122.327,1890,3505
1099600620,20150326T000000,160000.0,3,1.5,960,6497,1.0,0,0,4,7,960.0,0,1970,0,98023,47.3018,-122.378,1160,7080
7950304095,20150217T000000,257500.0,1,1.0,710,6060,1.0,0,0,4,6,710.0,0,1916,0,98118,47.5621,-122.283,1440,4545
7732410380,20140604T000000,907500.0,4,2.5,2770,8642,2.0,0,0,4,9,2770.0,0,1987,0,98007,47.6599,-122.146,2670,9000
4385700285,20140903T000000,690000.0,3,1.75,1600,4400,1.0,0,0,3,7,1030.0,570,1941,0,98112,47.6348,-122.281,2150,4000
5312100060,20141111T000000,465000.0,4,2.5,2200,3141,2.0,0,0,3,7,2060.0,140,1994,0,98144,47.5726,-122.305,1660,3175
1422200496,20140924T000000,1186040.0,3,1.75,2550,6117,2.0,0,0,3,9,1650.0,900,1951,2004,98122,47.6109,-122.285,2100,4967
7228500094,20141212T000000,278000.0,4,2.0,1480,6324,1.0,0,0,3,7,1480.0,0,1943,0,98122,47.6147,-122.302,1480,3600
2724201202,20150304T000000,163000.0,2,2.0,1250,7543,1.0,0,0,3,7,1250.0,0,1962,0,98198,47.4051,-122.296,1250,7506
9277200065,20150226T000000,616000.0,3,2.0,2900,5650,1.0,0,2,3,8,1520.0,1380,1959,0,98116,47.5789,-122.396,1810,6250
9829200495,20150325T000000,921000.0,4,2.5,2310,5362,2.0,0,4,4,8,2010.0,300,1928,0,98122,47.6044,-122.284,2530,5960
2944010240,20140908T000000,988000.0,4,3.0,4040,19700,2.0,0,0,3,11,4040.0,0,1987,0,98052,47.7205,-122.127,3930,21887
323079101,20150123T000000,1800000.0,4,3.5,6370,205603,2.0,0,0,3,12,6370.0,0,2008,0,98027,47.5016,-121.905,1490,33580
8651431100,20150116T000000,199990.0,3,1.0,840,5200,1.0,0,0,3,6,840.0,0,1969,2014,98042,47.3685,-122.077,870,5200
357000025,20141020T000000,570000.0,2,1.0,1790,3760,1.5,0,0,4,8,1490.0,300,1912,0,98144,47.5926,-122.293,1458,3760
9276201140,20150213T000000,576750.0,3,2.0,2220,5000,1.0,0,0,4,7,1110.0,1110,1966,0,98116,47.5807,-122.394,1450,5000
5100404030,20141208T000000,523000.0,3,1.75,3000,5413,2.0,0,0,4,8,1900.0,1100,1963,0,98115,47.6962,-122.312,1550,5413
7789000080,20140930T000000,253905.0,3,1.0,940,8400,1.0,0,0,5,7,940.0,0,1958,0,98056,47.5112,-122.167,950,8400
2944500470,20140605T000000,257000.0,4,2.75,2330,7642,1.0,0,0,3,8,1800.0,530,1990,0,98023,47.2946,-122.37,2320,7933
3066400130,20150415T000000,672500.0,4,2.5,2650,11108,2.0,0,0,3,10,2650.0,0,1987,0,98074,47.6304,-122.051,2650,11585
871001105,20141022T000000,845000.0,4,2.75,3160,7143,1.5,0,0,3,8,2100.0,1060,1933,0,98199,47.6513,-122.406,2200,6122
1604590230,20150424T000000,800000.0,4,2.5,2900,18303,2.0,0,0,4,10,2900.0,0,1994,0,98075,47.5981,-122.03,2900,18303
425400070,20140717T000000,238000.0,3,1.5,1610,6132,1.0,0,2,4,7,1090.0,520,1959,0,98056,47.5017,-122.174,1650,6132
8682280490,20140801T000000,431500.0,2,2.0,1370,4866,1.0,0,0,3,8,1370.0,0,2005,0,98053,47.704,-122.012,1365,4784
9578090240,20140815T000000,780000.0,4,2.75,3430,6500,2.0,0,0,3,9,3050.0,380,2006,0,98052,47.7079,-122.106,3070,6802
5072200040,20140502T000000,403000.0,3,2.0,1960,13100,1.0,0,2,5,8,1650.0,310,1957,0,98166,47.4419,-122.34,1960,10518
1796250140,20150310T000000,399950.0,3,2.5,2000,30605,2.0,0,0,4,8,2000.0,0,1989,0,98042,47.3442,-122.062,1930,35350
4024101451,20150430T000000,350000.0,4,1.0,1510,7200,1.5,0,0,4,7,1510.0,0,1955,0,98155,47.761,-122.307,1950,10656
3585300415,20150507T000000,620000.0,3,1.75,1680,28046,1.0,0,3,3,8,1180.0,500,1948,0,98177,47.7648,-122.37,2190,26308
2140700190,20150410T000000,515000.0,4,2.5,1850,9248,2.0,0,0,3,8,1850.0,0,1997,0,98028,47.735,-122.244,2080,8711
8914100170,20140731T000000,610000.0,3,2.5,2910,12283,2.0,0,2,3,10,2910.0,0,1993,0,98058,47.4602,-122.152,2680,22499
2025760210,20140611T000000,657500.0,4,2.75,4140,24190,2.0,0,0,3,11,4140.0,0,2002,0,98092,47.3062,-122.15,3950,24190
2324039077,20150427T000000,306000.0,2,1.0,930,5650,1.0,0,2,3,7,930.0,0,1941,0,98126,47.5478,-122.377,1340,6400
3298700012,20150320T000000,295000.0,2,1.0,720,4125,1.0,0,0,4,6,720.0,0,1943,0,98106,47.5245,-122.354,1000,6100
6600220090,20141118T000000,475000.0,2,2.5,1620,14467,2.0,0,0,3,7,1620.0,0,1981,0,98074,47.6306,-122.035,1470,13615
3509600070,20140725T000000,225000.0,3,1.5,1370,9000,1.0,0,0,3,7,1370.0,0,1962,0,98168,47.4973,-122.328,1400,9075
3814900660,20140721T000000,471835.0,4,2.5,3281,5354,2.0,0,0,3,9,3281.0,0,2014,0,98092,47.3273,-122.163,2598,4815
1972200660,20150415T000000,465000.0,2,1.5,1120,1201,3.0,0,0,3,8,1120.0,0,1999,0,98103,47.6524,-122.353,1370,1298
8562600190,20140623T000000,550000.0,3,1.75,1840,8086,1.0,0,0,4,8,1840.0,0,1964,0,98052,47.67,-122.155,1840,8060
2817100900,20140519T000000,256500.0,2,1.0,1120,9912,1.0,0,0,4,6,1120.0,0,1980,0,98070,47.3735,-122.43,1540,9750
3324079092,20150427T000000,361000.0,2,2.5,1320,48787,1.0,0,0,3,8,1320.0,0,2004,0,98027,47.5157,-121.924,1830,155073
2231000020,20140812T000000,432500.0,3,2.5,1930,7120,1.0,0,0,4,7,1420.0,510,1961,0,98133,47.7715,-122.34,1600,8352
9828202255,20140922T000000,890000.0,4,2.75,2610,4400,1.0,0,0,5,8,1260.0,1350,1920,0,98122,47.6158,-122.293,1770,4400
3023059071,20150210T000000,631000.0,4,4.0,2630,59586,1.0,0,0,3,7,1470.0,1160,1963,0,98055,47.4496,-122.209,2230,5715
1020069042,20141001T000000,858000.0,4,3.5,4370,422967,1.0,0,2,4,10,2580.0,1790,1978,0,98022,47.2332,-122.029,3260,422967
3832500260,20140509T000000,260000.0,3,2.5,1420,14850,1.0,0,0,4,7,1020.0,400,1963,0,98032,47.3661,-122.29,2060,8800
2254100090,20150407T000000,887250.0,5,3.5,4320,7502,2.0,0,0,3,9,3500.0,820,2012,0,98056,47.5235,-122.168,3250,7538
8159620160,20150424T000000,284200.0,3,2.5,1570,9292,1.0,0,0,3,7,1110.0,460,1977,0,98001,47.3386,-122.272,1470,9222
6817801040,20140821T000000,440000.0,2,1.0,1280,12086,1.0,0,0,3,7,850.0,430,1983,0,98074,47.634,-122.033,1280,10452
2392100090,20150402T000000,550000.0,3,1.75,1570,6500,1.0,0,0,3,7,920.0,650,1948,0,98116,47.565,-122.398,1570,5750
476000118,20141212T000000,479950.0,2,2.25,1360,1336,3.0,0,0,3,8,1360.0,0,2008,0,98107,47.6714,-122.392,1280,1295
2026049155,20150320T000000,372500.0,3,1.75,1680,8648,1.0,0,0,4,7,1680.0,0,1963,0,98133,47.7338,-122.332,1290,8147
3918400097,20141117T000000,567000.0,4,1.75,2630,11213,1.0,0,2,4,8,1430.0,1200,1948,0,98177,47.7158,-122.366,2240,15186
8562900520,20140612T000000,640000.0,5,3.5,3690,11928,2.0,0,0,3,9,2540.0,1150,2006,0,98074,47.6108,-122.06,2640,11928
7852010950,20141020T000000,543500.0,4,2.5,2550,5835,2.0,0,0,3,8,2550.0,0,1998,0,98065,47.5373,-121.87,2420,5817
2113700790,20150312T000000,435010.0,3,1.0,1270,4000,1.0,0,0,3,7,1120.0,150,1954,0,98106,47.5293,-122.354,1220,4600
3825310760,20141229T000000,714000.0,4,2.5,3230,7766,2.0,0,0,3,9,3230.0,0,2005,0,98052,47.7069,-122.131,3740,8344
4303200184,20141010T000000,230000.0,2,1.0,770,6450,1.0,0,0,4,6,770.0,0,1948,0,98106,47.531,-122.358,780,6063
7203101970,20140715T000000,362764.0,3,2.0,1460,4350,2.0,0,0,3,7,1460.0,0,2008,0,98053,47.696,-122.026,1740,4622
3343901403,20141216T000000,635000.0,4,2.5,2930,8679,2.0,0,0,3,8,2930.0,0,2014,0,98056,47.5164,-122.19,2030,7264
6414600260,20141030T000000,345000.0,2,1.0,970,10423,1.0,0,0,3,7,970.0,0,1947,0,98133,47.7252,-122.331,1200,7857
5700003280,20150419T000000,895000.0,6,2.5,3550,6533,2.0,0,0,3,8,3550.0,0,1925,0,98144,47.5719,-122.284,3140,6234
1274500300,20140623T000000,200000.0,3,1.5,1090,9600,1.0,0,0,4,7,1090.0,0,1968,0,98042,47.3639,-122.109,1240,9620
1623300160,20140506T000000,450000.0,2,2.0,1100,3000,1.5,0,0,3,7,1100.0,0,1912,2005,98117,47.6797,-122.362,1390,4000
3999300080,20140904T000000,887000.0,6,2.25,3830,11180,1.0,0,2,5,9,2440.0,1390,1962,0,98008,47.5849,-122.113,2500,10400
7012200215,20141231T000000,795000.0,3,3.25,2260,3727,2.0,0,0,3,8,1880.0,380,2003,0,98119,47.6422,-122.361,1600,4800
1523069072,20140723T000000,575000.0,3,2.25,2680,100188,2.0,0,0,4,8,1580.0,1100,1978,0,98027,47.4776,-122.02,2540,60548
2708450020,20140912T000000,450000.0,4,2.5,3236,9608,2.0,0,0,3,10,3236.0,0,2005,0,98030,47.3838,-122.195,3236,9660
898000220,20141001T000000,262500.0,3,1.5,1610,10291,1.0,0,0,4,7,1610.0,0,1961,0,98022,47.2025,-121.999,1410,7729
125039021,20140924T000000,575000.0,2,1.0,1230,2726,1.5,0,0,3,7,880.0,350,1920,0,98117,47.6815,-122.359,1710,3750
3840700593,20150406T000000,345000.0,3,1.75,1380,10529,1.0,0,0,3,7,1380.0,0,1967,0,98034,47.7119,-122.233,1670,5694
3522059196,20140627T000000,355000.0,3,1.75,2040,22693,1.0,0,0,4,8,2040.0,0,1980,0,98042,47.3519,-122.14,1950,6280
3750605620,20150324T000000,225000.0,3,1.75,1580,14400,1.0,0,0,4,7,1580.0,0,1981,0,98001,47.2598,-122.281,1480,9600
2525059127,20141118T000000,445000.0,4,2.0,1700,21780,1.0,0,0,4,6,1080.0,620,1940,0,98052,47.6289,-122.108,2070,12054
6699930550,20150203T000000,338000.0,3,2.5,2470,4948,2.0,0,0,3,8,2470.0,0,2003,0,98038,47.3438,-122.039,2500,4993
5561000190,20140502T000000,437500.0,3,2.25,1970,35100,2.0,0,0,4,9,1970.0,0,1977,0,98027,47.4635,-121.991,2340,35100
9547202265,20150427T000000,990000.0,3,3.25,2460,4182,2.0,0,0,5,8,2100.0,360,1910,0,98115,47.6782,-122.311,2370,4284
5728000060,20140801T000000,605000.0,3,1.75,1850,8823,1.0,0,0,4,8,1370.0,480,1973,0,98008,47.6379,-122.112,1880,7580
2313900165,20140730T000000,479200.0,3,2.0,1510,3750,1.5,0,0,4,7,1510.0,0,1928,0,98116,47.5737,-122.383,1500,5000
2558730070,20140825T000000,425000.0,3,2.25,1570,7475,1.0,0,0,4,7,1200.0,370,1983,0,98034,47.7223,-122.174,1700,7230
7304301085,20150129T000000,322500.0,2,1.0,1130,8184,1.0,0,0,3,6,1130.0,0,1947,0,98155,47.7473,-122.32,1010,8184
5215200050,20140729T000000,750000.0,3,2.5,2960,69351,2.0,1,3,4,9,2960.0,0,1990,0,98070,47.4,-122.42,2350,41433
8100000110,20141226T000000,241250.0,3,1.75,1350,7588,1.0,0,0,3,7,1350.0,0,1993,0,98010,47.3123,-122.023,1470,7341
2856102105,20140610T000000,1059500.0,5,3.25,3230,3825,2.0,0,0,3,9,2480.0,750,2014,0,98117,47.6785,-122.392,1480,5100
7129304085,20140708T000000,330000.0,3,2.25,2220,4060,1.0,0,0,3,7,1330.0,890,1993,0,98118,47.5188,-122.265,1930,5625
9438300035,20140827T000000,355000.0,3,1.75,2040,8173,1.0,0,0,3,7,1470.0,570,1958,0,98133,47.7439,-122.333,1900,8172
236400320,20140715T000000,238000.0,4,1.0,1400,7242,1.5,0,0,3,7,1400.0,0,1959,0,98188,47.4339,-122.291,1310,7314
2767602645,20141110T000000,507000.0,4,2.0,1360,2746,1.5,0,0,3,7,1360.0,0,1945,2011,98107,47.6736,-122.39,1960,2746
3990000050,20140616T000000,465000.0,3,2.25,2670,7500,1.0,0,0,4,7,1640.0,1030,1966,0,98166,47.4608,-122.354,1970,9598
8127700735,20140616T000000,1095000.0,4,4.0,3530,8400,2.0,0,0,5,8,2630.0,900,1958,0,98199,47.6402,-122.395,2340,8216
7617500075,20140721T000000,427000.0,3,1.75,2000,7111,1.0,0,0,4,7,1360.0,640,1956,0,98177,47.7676,-122.373,1830,9000
7851200040,20141216T000000,265000.0,3,1.0,960,9748,1.0,0,0,3,5,960.0,0,1922,0,98065,47.5259,-121.815,1600,9958
3918400028,20141021T000000,367000.0,3,2.25,1400,1320,3.0,0,2,3,8,1400.0,0,2006,0,98133,47.7147,-122.356,1490,1449
7875200005,20150115T000000,140000.0,3,1.0,1000,10560,1.0,0,0,3,7,1000.0,0,1955,0,98003,47.3217,-122.317,1190,9375
7819000040,20150309T000000,295000.0,4,2.0,1650,7200,1.0,0,0,3,7,1650.0,0,1964,0,98133,47.7543,-122.344,1410,7200
7215730120,20150504T000000,606500.0,3,2.5,2170,5500,2.0,0,0,3,8,2170.0,0,2000,0,98075,47.5975,-122.018,2170,5862
8078550610,20150120T000000,279000.0,4,2.75,2180,8475,1.0,0,0,4,7,1330.0,850,1987,0,98031,47.4045,-122.174,1500,7140
2592220040,20140724T000000,974350.0,4,2.5,3090,10730,2.0,0,0,5,8,2420.0,670,1985,0,98006,47.5458,-122.141,2220,7875
2412600070,20141030T000000,230000.0,6,3.0,2180,7220,2.0,0,0,3,7,2180.0,0,1980,0,98003,47.3046,-122.305,2260,7344
7202260780,20150120T000000,535000.0,3,2.5,2510,5544,2.0,0,0,3,7,2510.0,0,2001,0,98053,47.6903,-122.042,2660,5614
2068500210,20150409T000000,234300.0,3,1.0,1140,9779,1.0,0,0,3,7,1140.0,0,1963,0,98055,47.424,-122.201,1520,9814
5101401816,20140726T000000,505000.0,3,1.0,1020,5410,1.0,0,0,4,7,880.0,140,1928,0,98115,47.6924,-122.31,1580,5376
713500020,20150421T000000,1387000.0,4,4.5,4490,24767,2.0,0,2,3,11,3800.0,690,1998,0,98006,47.5544,-122.147,3370,32700
2781280390,20150324T000000,290000.0,3,2.5,1610,2937,2.0,0,0,3,8,1610.0,0,2006,0,98055,47.4489,-122.188,1610,3049
8825900410,20150218T000000,945000.0,4,2.5,2910,4680,1.5,0,0,5,9,1850.0,1060,1937,0,98115,47.6745,-122.31,1960,4120
3756500610,20150324T000000,355500.0,3,1.0,1120,10032,1.0,0,0,3,7,1120.0,0,1962,0,98034,47.7182,-122.194,1210,9918
8895800110,20140805T000000,1299890.0,5,4.0,3870,5929,2.0,0,0,3,10,3870.0,0,2014,0,98052,47.6965,-122.134,3600,5625
6700390230,20150505T000000,256900.0,3,2.5,1720,3951,2.0,0,0,3,7,1720.0,0,1992,0,98031,47.4033,-122.187,1720,3605
3815500035,20140520T000000,385000.0,3,1.5,1490,9630,1.0,0,0,4,8,1490.0,0,1959,0,98028,47.7623,-122.256,1960,10469
2624089181,20140812T000000,390000.0,4,2.75,1790,47250,1.0,0,0,3,7,1220.0,570,1987,0,98045,47.5302,-121.746,1250,43791
5469700060,20150123T000000,264500.0,3,1.75,1650,16200,1.0,0,0,3,7,1650.0,0,1976,0,98031,47.3926,-122.168,1650,8680
623049232,20140715T000000,115000.0,2,0.75,550,7980,1.0,0,0,3,5,550.0,0,1952,0,98146,47.511,-122.348,1330,7980
4077800258,20141009T000000,400000.0,3,1.0,1000,7800,1.0,0,0,4,6,860.0,140,1930,0,98125,47.7098,-122.283,1700,7800
6815100085,20141224T000000,1001000.0,4,2.0,3100,8000,1.5,0,0,5,7,2040.0,1060,1939,0,98103,47.6852,-122.329,1650,4000
3342700491,20140814T000000,679000.0,3,2.5,2770,9350,2.0,0,3,3,8,2770.0,0,1957,2000,98056,47.5253,-122.201,2660,9695
5100402606,20150505T000000,680000.0,3,1.75,1090,6775,1.0,0,0,4,7,850.0,240,1950,0,98115,47.6934,-122.321,1580,5760
9238440020,20140717T000000,265950.0,3,2.5,1490,3840,2.0,0,0,3,7,1490.0,0,2002,0,98042,47.374,-122.133,2060,4384
1138010180,20150511T000000,399950.0,3,2.5,1510,7300,1.0,0,0,3,7,1040.0,470,1974,0,98034,47.7153,-122.211,1360,7300
7882600332,20140819T000000,968060.0,4,2.5,2620,16200,1.0,0,2,4,7,1570.0,1050,1950,1993,98033,47.6623,-122.196,3050,11875
2597520900,20140804T000000,768000.0,3,2.5,2660,10928,2.0,0,0,3,9,1830.0,830,1988,0,98006,47.5442,-122.141,2800,10025
2788400315,20140922T000000,265000.0,3,1.0,1400,9460,1.0,0,0,3,7,1060.0,340,1961,0,98168,47.5119,-122.321,1570,7700
1939000030,20140627T000000,652500.0,4,2.5,2540,38677,2.0,0,0,3,9,2540.0,0,1987,0,98053,47.6694,-122.044,2560,36280
301402280,20150331T000000,223990.0,2,2.25,1061,2884,2.0,0,0,3,7,1061.0,0,2013,0,98002,47.346,-122.218,1481,2887
7635801311,20140623T000000,495000.0,3,2.0,2950,12196,2.0,0,0,4,7,2310.0,640,1918,0,98166,47.4702,-122.365,2320,19844
4054560120,20141008T000000,970000.0,3,3.5,3840,53696,2.0,0,0,3,9,3840.0,0,1996,0,98077,47.7322,-122.035,3810,35181
9358002232,20141019T000000,380000.0,3,2.0,1470,1656,2.0,0,0,3,8,1310.0,160,2003,0,98126,47.5653,-122.369,1470,2288
6603000030,20141217T000000,236000.0,3,1.75,1300,8976,1.0,0,0,3,7,1300.0,0,1967,0,98003,47.3357,-122.305,1430,9750
5238800020,20141208T000000,492500.0,2,2.25,1600,80400,2.0,0,0,4,7,1600.0,0,1978,0,98070,47.4422,-122.505,1600,198414
9268850350,20150319T000000,304500.0,4,2.0,1350,942,3.0,0,0,3,7,1350.0,0,2008,0,98027,47.5394,-122.026,1390,942
1545800730,20150222T000000,269950.0,2,1.75,1320,7540,1.0,0,0,3,7,1320.0,0,1968,0,98038,47.3634,-122.052,1570,7540
9477940440,20140617T000000,465950.0,4,2.5,2340,6896,2.0,0,0,3,7,2340.0,0,2001,0,98059,47.4896,-122.14,2950,6775
7853360470,20150417T000000,641000.0,5,3.5,3420,6403,2.0,0,2,3,8,2700.0,720,2013,0,98065,47.5162,-121.874,2710,6038
5469300330,20140905T000000,275000.0,4,1.75,2000,8700,1.0,0,0,5,7,1010.0,990,1975,0,98042,47.374,-122.141,1490,7350
3585900045,20141022T000000,1250000.0,5,2.75,2960,28300,1.0,0,3,4,9,2160.0,800,1959,0,98177,47.7606,-122.37,2940,23250
5027800190,20150324T000000,442500.0,4,2.25,2490,8700,1.0,0,0,3,7,1890.0,600,1976,0,98155,47.7397,-122.324,1470,7975
8835770330,20140819T000000,1057000.0,2,1.5,2370,184231,2.0,0,0,3,11,2370.0,0,2005,0,98045,47.4543,-121.778,3860,151081
5693501102,20141030T000000,598500.0,3,3.0,1560,2091,3.0,0,0,3,8,1560.0,0,2006,0,98103,47.6604,-122.352,1530,2091
2158900290,20150416T000000,920000.0,4,1.5,1850,3600,2.0,0,0,3,8,1660.0,190,1929,0,98112,47.6376,-122.307,1970,3600
7282300095,20140709T000000,295000.0,2,1.0,800,6500,1.0,0,0,4,6,800.0,0,1953,0,98133,47.7621,-122.358,1220,7000
1685800100,20140624T000000,875000.0,4,2.5,3220,22588,2.0,0,0,3,10,3220.0,0,1996,0,98077,47.7311,-122.055,3220,22922
524069101,20140723T000000,850000.0,4,2.0,3380,90968,1.0,0,0,4,9,1690.0,1690,1979,0,98075,47.5936,-122.077,3380,42740
3052700921,20150211T000000,900000.0,6,3.0,2620,4350,1.0,0,0,3,7,1760.0,860,1957,0,98117,47.678,-122.373,1760,4300
9407100310,20141113T000000,312620.0,3,2.5,1260,11877,1.0,0,0,3,7,1260.0,0,1975,0,98045,47.4442,-121.762,1430,9790
9512500460,20140711T000000,525000.0,3,1.5,1560,9350,1.0,0,0,4,7,1220.0,340,1969,0,98052,47.6729,-122.148,1870,8671
6447300365,20141113T000000,2900000.0,5,4.0,5190,14600,2.0,0,1,3,11,5190.0,0,2013,0,98039,47.6102,-122.225,3840,19250
5637200150,20150114T000000,343500.0,3,2.0,1660,7509,1.0,0,0,3,7,1660.0,0,2002,0,98059,47.4872,-122.144,2380,8598
269000970,20150402T000000,1300000.0,5,3.75,4450,7680,2.0,0,0,3,9,3460.0,990,2010,0,98199,47.6418,-122.392,2550,6400
4045800040,20140725T000000,715000.0,4,2.5,2370,10000,1.0,0,0,5,8,1660.0,710,1974,0,98052,47.6383,-122.099,2480,9875
2973800030,20140721T000000,175000.0,3,1.0,1030,6600,1.0,0,0,3,7,1030.0,0,1954,0,98146,47.4941,-122.34,1220,9040
1196002395,20140917T000000,545400.0,3,2.0,2850,19200,1.0,0,3,3,8,2340.0,510,2004,0,98023,47.3378,-122.348,2860,18240
1245001220,20141016T000000,749000.0,4,2.0,2040,11850,1.0,0,2,3,7,1020.0,1020,1959,0,98033,47.6891,-122.208,2040,8504
1796370730,20140520T000000,259900.0,3,2.0,1490,7770,1.0,0,0,4,7,1490.0,0,1990,0,98042,47.3686,-122.09,1540,7366
2770601782,20140801T000000,453000.0,3,2.5,1510,1618,2.5,0,0,3,8,1330.0,180,2011,0,98199,47.6515,-122.384,1350,1397
8635760040,20141008T000000,420000.0,3,2.5,1770,3993,2.0,0,0,3,8,1770.0,0,1999,0,98074,47.6027,-122.02,1820,4046
993002127,20150223T000000,436000.0,3,2.25,1480,1384,3.0,0,0,3,8,1480.0,0,2008,0,98103,47.691,-122.342,1310,1329
1310440950,20150302T000000,455000.0,4,2.5,2710,6558,2.0,0,0,3,9,2710.0,0,1997,0,98058,47.434,-122.109,2710,7635
259800680,20140805T000000,534000.0,4,2.25,2130,7210,1.0,0,0,5,7,1330.0,800,1965,0,98008,47.629,-122.117,1310,7896
809002675,20150413T000000,660000.0,3,2.0,1140,6000,1.0,0,0,3,7,1140.0,0,1909,0,98109,47.637,-122.355,1260,4000
293800680,20150415T000000,949000.0,4,3.0,4270,85643,2.0,0,0,3,11,4270.0,0,1991,0,98077,47.7711,-122.048,3760,51170
2193300620,20150217T000000,403000.0,3,2.25,1840,13020,1.0,0,0,3,8,1390.0,450,1980,0,98052,47.6923,-122.095,2210,13020
4054520100,20150210T000000,898000.0,4,2.5,3700,63991,2.0,0,0,3,10,3700.0,0,1992,0,98077,47.7319,-122.051,3210,47215
1826049408,20150427T000000,383900.0,3,1.5,1600,8040,1.0,0,0,4,7,1050.0,550,1965,0,98133,47.7471,-122.337,1810,7819
425000065,20141021T000000,180000.0,2,1.0,1150,5695,1.0,0,0,4,6,1150.0,0,1958,0,98056,47.4989,-122.171,1150,5695
1251200055,20140626T000000,1340000.0,4,3.5,3190,5040,2.0,0,3,3,10,2160.0,1030,2003,0,98144,47.5928,-122.29,2390,4800
9277700075,20140818T000000,355000.0,2,1.0,840,6720,1.0,0,0,3,7,840.0,0,1952,0,98116,47.5707,-122.396,1250,6720
826000480,20140826T000000,448500.0,3,1.75,1300,4800,2.0,0,1,4,7,1300.0,0,1912,0,98136,47.5457,-122.383,1300,4800
7956200220,20140811T000000,169500.0,3,1.0,1060,10023,1.0,0,0,3,6,1060.0,0,1962,0,98023,47.2869,-122.36,1060,10023
3630110510,20140804T000000,571000.0,3,2.5,1920,3867,2.0,0,0,3,8,1920.0,0,2005,0,98029,47.5538,-121.994,2190,3841
2124069078,20141211T000000,525000.0,2,1.5,1480,43645,1.0,0,0,3,8,1480.0,0,1974,2006,98027,47.5484,-122.045,1600,34326
8658303265,20141106T000000,300000.0,3,1.0,1260,5000,1.0,0,0,4,6,1260.0,0,1968,0,98014,47.6492,-121.915,1180,7500
8691400600,20141208T000000,750000.0,4,2.5,3290,7538,2.0,0,0,3,9,3290.0,0,2004,0,98075,47.598,-121.972,3450,7538
9542830540,20150303T000000,339950.0,4,2.5,2150,4000,2.0,0,0,3,7,2150.0,0,2010,0,98038,47.3655,-122.018,1610,4000
6690500320,20141027T000000,650000.0,3,1.0,1710,5992,1.5,0,0,4,7,1560.0,150,1928,0,98103,47.6861,-122.354,1240,3001
2824600290,20150403T000000,605000.0,3,1.75,2100,5058,1.0,0,2,3,7,1340.0,760,1941,0,98126,47.5743,-122.378,1640,5000
4319200505,20140617T000000,560000.0,5,1.0,1710,9100,1.5,0,0,4,7,1320.0,390,1926,0,98126,47.5379,-122.378,1880,9100
6675500112,20150414T000000,330000.0,3,1.0,960,7218,1.0,0,0,4,7,960.0,0,1969,0,98034,47.7278,-122.226,1580,9104
8643200020,20140506T000000,407000.0,4,2.25,2810,23400,1.0,0,1,3,7,1710.0,1100,1958,0,98198,47.395,-122.311,1860,14900
2724089019,20140523T000000,527550.0,1,0.75,820,59677,1.0,0,0,3,5,820.0,0,1999,0,98065,47.5316,-121.764,1590,14163
2843200070,20141215T000000,282000.0,4,1.75,1660,10725,1.0,0,0,3,7,960.0,700,1956,0,98168,47.5033,-122.3,1340,9023
8682262380,20140905T000000,381000.0,2,2.0,1340,4447,1.0,0,0,3,8,1340.0,0,2004,0,98053,47.7175,-122.033,1350,4458
7885800160,20140905T000000,299900.0,4,2.5,2200,5730,2.0,0,0,3,8,2200.0,0,2003,0,98042,47.3482,-122.153,2200,5772
7853320550,20140805T000000,425000.0,4,2.5,2070,4427,2.0,0,0,3,7,2070.0,0,2007,0,98065,47.5208,-121.869,2070,4556
1387301740,20140925T000000,370900.0,3,1.5,1200,8560,1.0,0,0,4,7,1200.0,0,1975,0,98011,47.7392,-122.194,1550,7800
6021503570,20140918T000000,525000.0,2,1.0,880,4000,1.0,0,0,3,7,880.0,0,1940,0,98117,47.6847,-122.387,1310,4000
1247100035,20140630T000000,1095000.0,4,2.75,3330,9143,2.0,0,0,4,10,3330.0,0,1995,0,98033,47.6821,-122.19,2390,9143
255000320,20140724T000000,450000.0,3,2.5,1990,12866,2.0,0,0,4,7,1990.0,0,1986,0,98072,47.7477,-122.17,2310,8803
3574770030,20140828T000000,564950.0,4,2.75,2990,4521,2.0,0,0,3,7,2990.0,0,2014,0,98028,47.7401,-122.226,2580,7539
8568000070,20140905T000000,500000.0,4,2.5,2840,18001,2.0,0,0,3,9,2840.0,0,1994,0,98019,47.7359,-121.962,2500,18001
6192410280,20150102T000000,762500.0,5,3.5,3290,5880,2.0,0,0,3,9,2670.0,620,2005,0,98052,47.7067,-122.119,3090,5680
3339400349,20141124T000000,390000.0,3,2.5,2500,21780,1.0,0,0,3,8,1770.0,730,1986,0,98092,47.3282,-122.198,2670,23400
9510860560,20140725T000000,674000.0,3,2.5,1920,3624,2.0,0,0,3,9,1920.0,0,2003,0,98052,47.6647,-122.087,1930,3533
3330501975,20141117T000000,475000.0,5,2.0,2040,6180,2.0,0,0,4,7,2040.0,0,1908,0,98118,47.5503,-122.28,1870,4365
7237500590,20141117T000000,1320000.0,4,5.25,6110,10369,2.0,0,0,3,11,6110.0,0,2005,0,98059,47.5285,-122.135,4190,10762
1324079029,20150317T000000,200000.0,3,1.0,960,213008,1.0,0,0,2,6,960.0,0,1933,0,98024,47.5621,-121.862,1520,57499
4139480350,20150113T000000,1688000.0,4,4.0,5000,12941,3.0,0,2,3,12,5000.0,0,2002,0,98006,47.55,-122.103,4560,12941
3904100089,20140801T000000,190000.0,3,1.75,1350,7370,1.0,0,0,4,6,1350.0,0,1912,0,98118,47.5336,-122.278,1440,6000
3295610200,20140625T000000,770000.0,4,2.5,3920,12415,2.0,0,0,3,10,3920.0,0,1997,0,98075,47.5658,-122.032,3639,12805
9828702518,20140617T000000,479000.0,2,2.25,1230,932,2.0,0,0,3,8,1020.0,210,2004,0,98112,47.6192,-122.301,1230,1064
1705400244,20150402T000000,535000.0,2,1.0,1390,5346,1.0,0,0,5,7,960.0,430,1908,0,98118,47.5567,-122.279,1450,5040
4206901200,20140825T000000,785000.0,4,1.5,2220,4000,1.5,0,0,3,8,1970.0,250,1925,0,98105,47.6564,-122.325,1984,4000
1176001293,20140617T000000,2475000.0,3,3.25,4340,4947,2.0,0,3,3,11,3060.0,1280,1993,0,98107,47.6709,-122.406,1680,5250
1598600320,20150416T000000,339900.0,4,1.5,1570,9210,1.0,0,2,3,7,1400.0,170,1965,0,98030,47.3864,-122.22,2326,9210
5364200381,20141010T000000,610000.0,3,1.0,1000,4959,1.0,0,0,3,8,1000.0,0,1945,0,98105,47.6629,-122.277,2240,4959
713500030,20140728T000000,1350000.0,5,3.5,4800,14984,2.0,0,2,3,11,3480.0,1320,1998,0,98006,47.5543,-122.148,4050,19009
8562500200,20140605T000000,375000.0,3,1.75,960,8106,1.0,0,0,3,7,960.0,0,1962,0,98052,47.6737,-122.156,1650,8035
139000185,20150428T000000,800000.0,3,2.5,2100,4440,2.0,0,4,3,7,2100.0,0,1945,0,98116,47.5865,-122.397,2100,6000
7609700065,20140630T000000,349810.0,3,1.0,960,8855,1.0,0,0,4,7,960.0,0,1958,0,98155,47.7689,-122.328,1250,8855
2767600171,20140519T000000,440000.0,2,1.5,1010,1968,1.5,0,0,5,5,1010.0,0,1906,0,98107,47.6757,-122.385,1760,4200
7227801955,20140919T000000,162000.0,4,2.0,1440,7641,1.0,0,0,4,5,1440.0,0,1943,0,98056,47.508,-122.183,1440,7750
1568100087,20150413T000000,320000.0,3,2.0,1420,1716,2.0,0,0,3,7,1050.0,370,2003,0,98155,47.7364,-122.295,1420,8150
3432500310,20140624T000000,325000.0,3,1.0,850,6906,1.0,0,0,3,6,850.0,0,1948,0,98155,47.7441,-122.314,1150,6907
6300000378,20150303T000000,435000.0,4,2.0,2030,4033,2.0,0,0,4,7,1630.0,400,1925,0,98133,47.7056,-122.342,1350,1340
2064800890,20150415T000000,422500.0,3,1.0,1270,8920,1.0,0,0,5,7,1270.0,0,1969,0,98056,47.534,-122.172,1590,8589
7468900235,20141022T000000,163500.0,3,1.0,940,7200,1.0,0,0,4,7,940.0,0,1954,0,98002,47.2979,-122.223,1090,7800
6639900242,20141003T000000,750000.0,4,2.5,2850,12429,2.0,0,0,3,9,2850.0,0,2008,0,98033,47.6915,-122.177,2540,12000
3319500317,20140522T000000,380000.0,2,2.5,1230,987,2.0,0,0,3,7,1060.0,170,2011,0,98144,47.6007,-122.305,1290,1328
9264902050,20141121T000000,315000.0,6,2.75,2940,7350,1.0,0,0,3,8,1780.0,1160,1978,0,98023,47.3103,-122.339,2120,8236
5196420290,20150317T000000,940000.0,4,2.75,3270,9231,2.0,0,0,3,10,3270.0,0,1995,0,98052,47.6539,-122.121,3380,10154
2426049154,20150305T000000,412500.0,3,1.75,1660,10716,1.0,0,0,3,7,1100.0,560,1988,0,98034,47.7326,-122.234,1630,7626
7985400089,20140515T000000,275000.0,4,2.5,1840,1562,2.0,0,0,3,7,1400.0,440,2004,0,98106,47.5345,-122.364,1840,1766
7893202340,20140721T000000,335000.0,4,2.25,2280,7500,1.0,0,0,4,7,1140.0,1140,1963,0,98198,47.4182,-122.332,1660,8000
7660100236,20150416T000000,375000.0,3,2.5,1300,1362,2.0,0,0,3,8,880.0,420,2008,0,98144,47.5893,-122.317,1300,1251
3226049530,20150122T000000,465000.0,5,3.0,2010,7264,1.0,0,0,3,7,1290.0,720,1990,0,98103,47.6945,-122.33,1510,7326
1972201963,20140616T000000,523950.0,3,2.25,1420,1282,3.0,0,0,3,8,1420.0,0,2006,0,98103,47.6533,-122.346,1530,1280
8892900180,20140617T000000,250000.0,3,1.75,1160,6134,1.0,0,0,3,7,1160.0,0,1998,0,98002,47.3414,-122.218,1330,6301
3013300288,20140930T000000,478500.0,3,1.0,2090,4755,1.0,0,2,3,8,1200.0,890,1969,0,98136,47.5304,-122.387,1850,5300
2320069089,20140930T000000,212000.0,3,1.5,1830,12233,1.5,0,0,4,5,1830.0,0,1930,0,98022,47.2057,-122.003,1520,12233
1121000058,20150331T000000,485000.0,3,1.75,1790,6775,1.0,0,2,3,8,1790.0,0,1951,0,98126,47.5412,-122.377,1310,6028
255450410,20140804T000000,339989.0,3,2.5,2060,4200,2.0,0,0,3,8,2060.0,0,2014,0,98038,47.3706,-122.018,2370,4200
203101370,20140630T000000,170000.0,2,1.0,1200,24792,2.0,0,0,2,7,1200.0,0,1976,0,98053,47.6337,-121.961,2150,24792
3732800495,20141028T000000,429000.0,5,2.5,2720,8120,1.0,0,0,3,7,1360.0,1360,1970,0,98108,47.557,-122.308,2020,8120
3278612450,20150407T000000,391000.0,3,2.5,1800,1120,2.0,0,0,3,8,1800.0,0,2011,0,98126,47.5436,-122.369,1800,2380
5710610800,20140702T000000,575000.0,3,1.75,2680,8625,1.0,0,0,5,8,1590.0,1090,1974,0,98027,47.5316,-122.056,2620,14275
9542840120,20140702T000000,274500.0,3,2.25,1450,4050,2.0,0,0,3,7,1450.0,0,2010,0,98038,47.367,-122.019,1660,3800
3288301010,20140625T000000,585000.0,4,2.75,2890,6825,1.0,0,0,3,8,1560.0,1330,1973,0,98034,47.734,-122.182,1900,10120
952000310,20140520T000000,525000.0,3,1.5,1540,4773,2.0,0,0,3,8,1540.0,0,1941,2009,98126,47.5678,-122.378,1540,5750
2558610070,20150217T000000,400000.0,4,2.25,1970,8941,2.0,0,0,3,7,1970.0,0,1973,0,98034,47.7223,-122.172,1880,7793
7889602020,20140819T000000,240000.0,3,1.0,1280,9000,1.5,0,0,4,6,1280.0,0,1954,0,98146,47.4915,-122.338,1430,4500
9550202730,20141014T000000,509250.0,2,1.5,1480,3120,1.0,0,0,3,7,930.0,550,1914,2007,98105,47.6684,-122.323,1000,3780
1115300070,20141106T000000,684000.0,4,3.5,3040,8414,2.0,0,0,3,9,2420.0,620,2010,0,98059,47.5222,-122.157,3470,8066
3935900030,20140730T000000,775000.0,5,2.0,3540,9970,2.0,0,3,3,9,3540.0,0,1970,0,98125,47.7108,-122.277,2280,7195
1232000810,20140912T000000,340000.0,3,2.5,1400,4800,1.0,0,0,3,7,1200.0,200,1921,0,98117,47.6865,-122.379,1440,3840
2331300395,20140510T000000,875000.0,4,2.0,2520,6000,1.0,0,0,3,8,1400.0,1120,1921,2007,98103,47.6767,-122.35,1580,3720
8819900270,20140520T000000,440000.0,2,1.75,1300,4000,2.0,0,0,3,7,1300.0,0,1948,0,98105,47.6687,-122.288,1350,4013
9183701085,20150415T000000,302000.0,4,1.5,1790,10200,1.0,0,0,4,8,1210.0,580,1963,0,98030,47.3774,-122.225,1540,6600
3629970090,20141014T000000,680000.0,4,2.5,2520,5000,2.0,0,0,3,9,2520.0,0,2004,0,98029,47.5524,-121.992,2910,5001
4139440460,20141118T000000,751305.0,4,2.5,2660,8469,2.0,0,0,3,10,2660.0,0,1994,0,98006,47.5529,-122.12,2920,10697
1454600116,20140611T000000,740000.0,4,2.75,2490,17833,2.0,0,2,3,9,1490.0,1000,1979,0,98125,47.7206,-122.284,2640,16943
6071300030,20140624T000000,464500.0,3,1.75,1150,10466,1.0,0,0,5,7,1150.0,0,1959,0,98006,47.5531,-122.177,1350,10384
1245500730,20141208T000000,1010000.0,5,3.25,3510,10930,2.0,0,0,3,9,3510.0,0,2013,0,98033,47.6914,-122.21,1970,7488
797000276,20140625T000000,270000.0,2,1.0,2060,8398,1.0,0,0,3,7,1260.0,800,1962,0,98168,47.509,-122.324,1690,13495
9276200569,20140509T000000,769900.0,4,3.5,2730,3047,2.0,0,0,3,8,2400.0,330,2006,0,98116,47.5797,-122.391,1980,4600
6669070080,20150417T000000,699000.0,3,2.5,2370,10968,2.0,0,0,4,9,2370.0,0,1985,0,98033,47.6679,-122.172,2380,8144
7922710320,20150316T000000,530000.0,3,1.75,1520,9605,1.0,0,0,3,7,1520.0,0,1975,0,98052,47.667,-122.142,2040,9900
4315700060,20150303T000000,378000.0,2,2.0,1300,3850,1.0,0,0,3,7,800.0,500,1963,0,98136,47.5395,-122.39,950,5500
6679001060,20141218T000000,279000.0,3,2.5,1660,7388,2.0,0,0,3,7,1660.0,0,2003,0,98038,47.3865,-122.027,2240,6228
2869200110,20140621T000000,930000.0,3,2.5,3290,6830,2.0,0,0,3,10,3290.0,0,2000,0,98052,47.6702,-122.142,3200,6227
6021501535,20140725T000000,430000.0,3,1.5,1580,5000,1.0,0,0,3,8,1290.0,290,1939,0,98117,47.687,-122.386,1570,4500
6804600990,20141124T000000,475000.0,4,1.75,2160,19283,2.0,0,0,3,8,2160.0,0,1981,0,98011,47.7603,-122.169,1990,9744
2517101200,20140707T000000,300000.0,4,2.5,2090,5195,2.0,0,0,3,7,2090.0,0,2007,0,98031,47.3986,-122.166,2090,5236
4019301300,20141223T000000,472000.0,3,2.0,2200,21890,1.0,0,2,3,8,1200.0,1000,1961,0,98155,47.7584,-122.271,2600,15162
2011400401,20150226T000000,510000.0,3,2.5,2730,7136,2.0,0,0,3,8,2730.0,0,2012,0,98198,47.3938,-122.321,2130,8932
8662500350,20140620T000000,282000.0,4,2.0,1890,6302,2.0,0,0,3,7,1890.0,0,1997,0,98030,47.3846,-122.205,1690,5369
3630120190,20150326T000000,660000.0,3,2.5,2330,3995,2.0,0,0,3,9,2330.0,0,2006,0,98029,47.5542,-122.001,2330,3740
3222049159,20141201T000000,799000.0,4,3.5,3290,20107,2.0,0,4,3,10,2220.0,1070,1990,0,98198,47.355,-122.319,2990,16988
2473450870,20141006T000000,325000.0,3,2.25,2480,8755,2.0,0,0,3,8,2480.0,0,1979,0,98058,47.4543,-122.125,2280,9940
5581400080,20140618T000000,770000.0,4,2.5,3210,14910,2.0,0,0,3,10,3210.0,0,1995,0,98074,47.6073,-122.062,3280,14910
7550801225,20140627T000000,500000.0,4,1.0,1440,7100,1.5,0,0,3,7,1440.0,0,1906,0,98107,47.6725,-122.396,1490,5000
3204300225,20141103T000000,508000.0,2,1.0,1200,2500,2.0,0,2,3,7,1090.0,110,1927,0,98112,47.6304,-122.301,2690,4800
7518506717,20140917T000000,959000.0,3,2.5,2830,3750,3.0,0,0,3,10,2830.0,0,2014,0,98117,47.6799,-122.385,1780,5000
6719600030,20150422T000000,837000.0,5,2.75,2940,5225,2.0,0,0,3,8,2760.0,180,2010,0,98052,47.6879,-122.107,3090,6261
4039500390,20141017T000000,465000.0,3,2.25,1920,7300,1.0,0,0,3,7,1240.0,680,1961,0,98008,47.6078,-122.128,1920,7700
7942600975,20140512T000000,505000.0,4,1.75,1940,4800,1.0,0,0,5,7,1030.0,910,1922,0,98122,47.6054,-122.314,1450,4800
3259400030,20141125T000000,370000.0,2,1.0,1270,1399,3.0,0,0,3,7,1270.0,0,2000,0,98136,47.5552,-122.381,1140,1442
7970800100,20140527T000000,283200.0,4,2.5,1982,6406,2.0,0,0,3,8,1982.0,0,2004,0,98030,47.3636,-122.192,2340,6501
3905000200,20140509T000000,604000.0,4,2.5,2260,7753,2.0,0,0,3,9,2260.0,0,1989,0,98029,47.5752,-121.995,2690,8924
1136100087,20150205T000000,818000.0,4,2.5,4020,44431,2.0,0,0,3,10,4020.0,0,1987,0,98072,47.7467,-122.132,3440,52900
7518500301,20150301T000000,490000.0,3,1.0,1180,2250,1.5,0,0,3,7,1180.0,0,1902,0,98117,47.6779,-122.377,1320,5100
9510310030,20140728T000000,535000.0,4,2.75,2710,45963,2.0,0,0,3,9,2710.0,0,1995,0,98045,47.4745,-121.724,2710,33955
6926700660,20140911T000000,680000.0,2,2.0,1450,989,3.0,0,0,3,9,1450.0,0,2014,0,98109,47.6354,-122.346,1490,1240
7011200515,20141112T000000,870000.0,4,1.75,1920,3600,2.0,0,0,4,8,1920.0,0,1907,0,98119,47.6382,-122.368,1920,3600
629811340,20150508T000000,770000.0,4,3.0,2800,9127,2.0,0,0,3,9,2800.0,0,1999,0,98074,47.6123,-122.007,2780,8165
2473420100,20150304T000000,279950.0,3,2.25,1850,7480,2.0,0,0,3,7,1850.0,0,1978,0,98058,47.452,-122.159,1870,7480
2195900010,20140714T000000,270000.0,3,1.5,1540,13475,1.0,0,0,4,7,1540.0,0,1972,0,98059,47.4766,-122.153,1550,13475
3592500340,20150313T000000,1100000.0,5,2.75,2520,4643,1.5,0,0,4,8,2120.0,400,1916,0,98112,47.6348,-122.301,2100,4564
1266200130,20140615T000000,650000.0,3,1.75,2140,9484,1.0,0,0,3,7,1290.0,850,1953,0,98004,47.6234,-122.191,1960,9630
7504001440,20140915T000000,435000.0,2,1.75,1910,12142,1.0,0,0,3,9,1910.0,0,1976,0,98074,47.6276,-122.053,2580,12326
3905120540,20140618T000000,570000.0,4,2.5,2290,6738,2.0,0,0,3,8,2290.0,0,1996,0,98029,47.5714,-122.005,2100,6261
3624039073,20150319T000000,299950.0,2,1.0,890,5200,1.0,0,0,4,6,890.0,0,1941,0,98126,47.5311,-122.373,950,5200
3052700245,20150325T000000,750000.0,4,2.0,2640,5000,2.0,0,0,3,7,2040.0,600,1949,0,98117,47.678,-122.375,1330,5000
7215730310,20140714T000000,726000.0,5,3.0,2970,10335,2.0,0,0,3,9,2970.0,0,2000,0,98075,47.598,-122.019,2970,10335
291310390,20140904T000000,355000.0,3,2.25,1445,1087,2.0,0,0,3,7,1300.0,145,2005,0,98027,47.5339,-122.067,1410,1336
125059179,20140723T000000,510000.0,6,4.5,3300,7200,2.0,0,0,3,8,3300.0,0,1980,0,98052,47.6798,-122.104,2470,7561
809002485,20150327T000000,716000.0,3,1.5,1140,4800,1.5,0,0,3,7,1140.0,0,1915,0,98109,47.6368,-122.354,1260,4800
993000307,20140523T000000,360000.0,3,2.0,1270,1323,3.0,0,0,3,8,1270.0,0,2006,0,98103,47.6934,-122.342,1330,1323
4046700110,20150224T000000,323000.0,3,1.75,1950,15037,1.0,0,0,3,7,1950.0,0,1989,0,98014,47.6892,-121.913,1760,15181
1139000069,20141118T000000,320000.0,3,1.5,1240,1221,2.0,0,0,3,8,1050.0,190,2009,0,98133,47.7073,-122.356,1180,887
4104900340,20150204T000000,710000.0,4,2.5,3220,18618,2.0,0,1,3,10,3220.0,0,1991,0,98056,47.5326,-122.181,2650,11896
868000905,20140708T000000,950000.0,3,2.5,3480,7800,1.0,0,0,4,7,1750.0,1730,1941,1998,98177,47.7047,-122.378,3010,9918
2024069008,20140619T000000,2200000.0,5,4.75,5990,10450,2.0,1,4,3,11,4050.0,1940,2002,0,98027,47.5554,-122.077,3330,14810
1732800184,20140508T000000,499000.0,2,1.5,1110,957,2.0,0,0,3,8,930.0,180,2005,0,98119,47.6319,-122.362,1680,1104
9829200590,20141028T000000,759000.0,3,2.75,1960,6390,1.5,0,2,5,8,1960.0,0,1900,0,98122,47.6032,-122.285,2440,5870
7805460030,20150223T000000,615000.0,3,2.5,2250,10171,2.0,0,0,3,9,2250.0,0,1987,0,98006,47.5613,-122.11,2440,13390
2629600016,20150410T000000,625500.0,2,1.0,2160,7439,1.0,0,0,4,6,1300.0,860,1953,0,98115,47.6981,-122.286,1680,7439
993002108,20150330T000000,399995.0,3,1.5,1140,1069,3.0,0,0,3,8,1140.0,0,2005,0,98103,47.6907,-122.342,1230,1276
764000155,20141107T000000,415000.0,4,1.5,2700,14760,1.5,0,0,5,9,2700.0,0,1940,0,98022,47.1996,-122.003,1670,7200
1402950550,20150107T000000,332000.0,4,2.5,2470,7780,2.0,0,0,3,8,2470.0,0,2002,0,98092,47.3337,-122.191,2100,5972
3876312290,20141121T000000,405000.0,3,1.75,1520,7252,1.0,0,0,3,7,1140.0,380,1975,0,98072,47.7358,-122.175,1910,7820
7129301445,20140625T000000,450000.0,4,2.75,2310,5650,1.0,0,2,3,8,1330.0,980,1952,2012,98118,47.513,-122.252,2300,5650
1959703070,20141029T000000,979700.0,5,3.0,3730,5500,1.5,0,0,3,7,2160.0,1570,1927,0,98102,47.6507,-122.32,1890,5500
7525211520,20150318T000000,431000.0,3,2.5,1690,2752,2.0,0,0,3,8,1690.0,0,1979,0,98052,47.6332,-122.108,1690,2855
3325069060,20140912T000000,510000.0,3,1.75,1920,43560,1.0,0,0,4,7,1340.0,580,1962,0,98074,47.6052,-122.044,2540,58806
8731980680,20150112T000000,329000.0,3,2.75,1920,7700,1.0,0,0,4,8,1320.0,600,1978,0,98023,47.3213,-122.378,2040,8000
4377000100,20140925T000000,704000.0,4,2.75,2510,12500,1.0,0,0,5,8,2050.0,460,1976,0,98052,47.6278,-122.11,2200,12088
2781600195,20141117T000000,285000.0,1,1.0,1060,54846,1.0,1,4,3,5,1060.0,0,1935,0,98070,47.4716,-122.445,2258,31762
6067910030,20150316T000000,664000.0,4,2.75,2510,11880,1.0,0,0,5,8,1630.0,880,1978,0,98006,47.5427,-122.181,2390,11211
1725079047,20141104T000000,410000.0,3,2.25,2280,200811,1.0,0,0,3,7,2280.0,0,1978,0,98014,47.6522,-121.941,2280,206038
9542840410,20141108T000000,313999.0,4,2.25,1870,4198,2.0,0,0,3,7,1870.0,0,2008,0,98038,47.3657,-122.021,1870,4184
4307330120,20140917T000000,320000.0,3,2.5,1680,4584,2.0,0,0,3,7,1680.0,0,2003,0,98056,47.4794,-122.182,2160,4621
5460600110,20150423T000000,1050000.0,6,4.0,5310,12741,2.0,0,2,3,10,3600.0,1710,1967,0,98040,47.5696,-122.213,4190,12632
3019300090,20140723T000000,535000.0,2,3.5,2560,5000,1.0,0,0,4,6,1280.0,1280,1944,0,98107,47.6681,-122.368,1390,4000
2723069146,20150424T000000,660000.0,4,2.5,3170,186436,2.0,0,0,3,9,3170.0,0,2000,0,98038,47.4475,-122.034,3250,215186
7247000035,20140520T000000,210000.0,4,1.75,2180,28710,1.0,0,0,3,8,1180.0,1000,1950,0,98198,47.405,-122.288,2180,28710
5422950170,20141112T000000,405000.0,5,2.5,3370,5092,2.0,0,0,3,7,3370.0,0,2006,0,98038,47.3594,-122.036,2910,5092
5648600010,20150426T000000,290000.0,3,2.5,1580,6860,2.0,0,0,3,7,1580.0,0,1995,0,98055,47.4447,-122.188,1580,7050
7227800180,20150403T000000,325000.0,5,2.0,1730,10532,1.0,0,0,4,5,1730.0,0,1943,0,98056,47.5076,-122.178,1940,8501
8691440100,20140606T000000,895000.0,4,3.0,3240,5562,2.0,0,0,3,10,3240.0,0,2013,0,98075,47.5919,-121.975,3380,5562
5249803550,20140602T000000,635000.0,3,2.5,1960,7200,1.0,0,0,4,8,980.0,980,1940,0,98118,47.5655,-122.27,1440,7200
2122700120,20140820T000000,235000.0,3,1.0,2230,8163,1.0,0,0,3,7,1230.0,1000,1966,0,98118,47.5215,-122.275,2380,6874
9238510220,20141028T000000,526500.0,3,2.5,1860,43170,2.0,0,0,3,8,1860.0,0,1986,0,98072,47.7712,-122.136,2270,40835
1545803340,20150224T000000,269000.0,3,1.75,1530,7930,1.0,0,0,5,7,1530.0,0,1986,0,98038,47.3609,-122.05,1610,7930
6896300375,20140505T000000,580000.0,2,1.0,2540,7000,1.0,0,0,5,8,1320.0,1220,1942,0,98118,47.5259,-122.261,2160,6000
1321039076,20140627T000000,209950.0,3,1.0,970,9583,1.0,0,0,4,6,970.0,0,1967,0,98023,47.3044,-122.366,970,7875
7524300020,20140820T000000,267000.0,3,2.5,1580,12250,2.0,0,0,3,8,1580.0,0,1993,0,98198,47.3771,-122.315,1560,9900
3575305362,20141215T000000,517000.0,3,1.75,1740,10000,1.0,0,0,3,7,1740.0,0,1976,2009,98074,47.617,-122.058,1350,7500
2313900740,20141119T000000,425000.0,3,1.0,1180,3750,1.0,0,0,3,6,1030.0,150,1940,0,98116,47.5726,-122.382,1280,3750
3271800185,20141121T000000,880000.0,4,1.75,2510,5800,1.0,0,2,4,9,1830.0,680,1953,0,98199,47.648,-122.41,2190,5800
3575305495,20150413T000000,660000.0,5,2.25,3740,14913,1.5,0,0,4,9,3740.0,0,1979,0,98074,47.6234,-122.059,2180,7600
2617370090,20141019T000000,338500.0,3,1.75,2130,5489,1.0,0,0,3,8,1370.0,760,1999,0,98070,47.4489,-122.456,1750,7200
5249803010,20150121T000000,439000.0,4,2.0,1800,5465,1.0,0,0,3,7,900.0,900,1942,0,98118,47.561,-122.272,1400,5400
3885802135,20140610T000000,899900.0,4,2.5,2580,3909,2.0,0,0,3,8,2580.0,0,2013,0,98033,47.6852,-122.21,1820,5772
2314300200,20141021T000000,449500.0,4,3.0,2580,7299,2.0,0,0,3,8,2580.0,0,1998,0,98058,47.4646,-122.15,2250,6165
715010130,20150202T000000,1750000.0,6,4.25,5860,13928,2.0,0,3,3,10,4150.0,1710,2013,0,98006,47.5382,-122.114,5790,13928
1796370180,20150508T000000,260000.0,3,2.25,1610,7423,2.0,0,0,4,7,1610.0,0,1990,0,98042,47.3713,-122.091,1530,8102
9544700730,20140515T000000,914500.0,4,2.5,3950,10856,3.0,0,0,3,10,3950.0,0,2013,0,98075,47.5818,-121.996,3200,10856
3876100320,20140905T000000,482500.0,6,4.5,2940,7500,1.5,0,0,4,8,2940.0,0,1966,0,98034,47.7208,-122.182,2010,7500
3424069066,20140521T000000,396450.0,3,1.75,1540,12446,1.0,0,0,5,8,1540.0,0,1967,0,98027,47.5172,-122.027,1330,11508
5318101040,20140731T000000,650000.0,2,1.0,1280,6000,1.0,0,0,3,7,1280.0,0,1965,0,98112,47.6339,-122.282,2460,4800
9532000500,20140801T000000,415000.0,3,2.5,1610,3600,2.0,0,0,3,8,1610.0,0,2010,0,98072,47.771,-122.169,2210,3600
2806000560,20140722T000000,690000.0,4,3.25,3730,11820,2.0,0,0,3,10,2460.0,1270,1990,0,98029,47.5775,-122.019,3680,10667
1336800670,20141229T000000,1425000.0,5,3.0,2840,6240,2.0,0,0,5,9,2440.0,400,1905,0,98112,47.6285,-122.309,2940,6000
6929604005,20140915T000000,240000.0,3,2.0,1300,5000,1.0,0,0,4,7,1300.0,0,1983,0,98198,47.3837,-122.304,1630,7500
3885808210,20150120T000000,1000000.0,3,2.5,2044,5610,2.0,0,0,4,9,2044.0,0,1996,0,98033,47.6791,-122.209,2440,5610
7302000210,20141107T000000,442500.0,3,1.5,2710,47419,1.5,0,0,3,7,2170.0,540,1980,0,98053,47.6522,-121.966,2130,48144
9184700535,20150413T000000,1075000.0,4,2.25,2820,5000,1.5,0,2,4,9,1800.0,1020,1926,0,98122,47.6097,-122.287,2880,6000
6791400070,20150126T000000,350000.0,3,2.5,2040,13590,2.0,0,0,3,8,2040.0,0,2009,0,98042,47.3122,-122.04,1850,12485
9266700256,20141013T000000,470000.0,2,1.0,1190,5200,1.0,0,0,5,7,1190.0,0,1912,0,98103,47.6939,-122.348,1550,5100
5418650080,20140814T000000,900000.0,4,2.5,3690,11468,2.0,0,0,3,11,3690.0,0,1987,0,98027,47.5699,-122.092,3370,10751
9274203390,20140520T000000,570000.0,2,1.75,1540,4025,1.0,0,0,4,7,1190.0,350,1908,0,98116,47.5876,-122.391,1950,4420
8562791010,20140707T000000,593000.0,3,2.75,1830,1850,2.0,0,0,3,10,1690.0,140,2011,0,98027,47.5307,-122.074,2310,2680
2481630290,20140626T000000,879000.0,4,2.75,4230,31747,2.0,0,0,4,10,4230.0,0,1985,0,98072,47.731,-122.132,4080,35576
301402120,20140625T000000,240000.0,3,2.25,1481,2820,2.0,0,0,3,7,1481.0,0,2012,0,98002,47.3457,-122.217,1481,3028
3629920860,20150105T000000,729000.0,4,2.5,2660,5608,2.0,0,0,3,9,2660.0,0,2003,0,98029,47.5449,-121.995,3010,5608
2547200190,20140520T000000,860000.0,4,2.75,3160,8097,2.0,0,0,3,9,3160.0,0,2014,0,98033,47.6709,-122.166,2200,8097
6672920150,20150406T000000,330000.0,3,2.0,1500,11233,1.0,0,0,3,7,1500.0,0,1987,0,98019,47.7279,-121.967,1580,14013
6909700205,20150406T000000,425000.0,2,1.0,1090,6000,1.0,0,0,3,7,1090.0,0,1922,0,98144,47.5886,-122.292,1960,5000
6413600276,20150324T000000,354950.0,3,1.0,970,5922,1.5,0,0,3,7,970.0,0,1949,0,98125,47.719,-122.321,1730,6128
4385700185,20140812T000000,799950.0,3,2.25,1860,1386,3.0,0,0,3,9,1860.0,0,2014,0,98112,47.6368,-122.279,1680,3080
7784000110,20140722T000000,765000.0,5,1.75,2440,15143,1.5,0,4,4,8,1740.0,700,1944,0,98146,47.4948,-122.37,2390,10907
7904700126,20141120T000000,388000.0,3,3.25,1370,915,2.0,0,0,3,8,1100.0,270,2006,0,98116,47.5639,-122.388,1370,1146
7523700305,20141012T000000,243400.0,4,1.5,1730,7464,2.0,0,0,4,7,1730.0,0,1959,0,98032,47.3782,-122.304,1370,7860
3975400190,20141104T000000,509000.0,4,2.0,1960,2166,1.5,0,0,4,7,1260.0,700,1926,0,98103,47.6545,-122.344,1670,4000
217500015,20150224T000000,394999.0,3,1.5,1730,7800,1.0,0,0,3,7,1330.0,400,1958,0,98133,47.7365,-122.337,1780,8309
98030630,20141215T000000,852500.0,5,3.75,3830,8131,2.0,0,0,3,10,3830.0,0,2005,0,98075,47.5837,-121.971,3570,7290
2724049222,20141201T000000,220000.0,2,2.5,1000,1092,2.0,0,0,3,7,990.0,10,2004,0,98118,47.5419,-122.271,1330,1466
4168000110,20140826T000000,207000.0,3,1.0,1080,10200,1.0,0,0,4,7,1080.0,0,1962,0,98023,47.3215,-122.351,1230,10400
3425069083,20140625T000000,1005000.0,4,4.5,4225,284011,2.0,0,0,4,11,4225.0,0,1985,0,98074,47.6118,-122.024,2870,14576
9521100465,20141013T000000,645000.0,2,1.0,1240,5000,1.0,0,0,3,7,1000.0,240,1920,0,98103,47.6634,-122.351,1480,3500
5078400090,20141209T000000,915000.0,5,2.75,2580,7630,1.0,0,0,4,7,1730.0,850,1954,0,98004,47.6226,-122.205,2040,7717
2787250240,20150421T000000,564500.0,4,2.75,3100,14568,2.0,0,0,3,8,3100.0,0,1995,0,98019,47.7302,-121.974,2860,14396
8682320640,20150212T000000,695000.0,2,2.5,2170,7665,1.0,0,2,3,8,2170.0,0,2013,0,98053,47.7112,-122.019,2300,7100
7212660520,20150326T000000,280000.0,4,2.0,1600,6861,1.0,0,0,3,7,1600.0,0,1994,0,98003,47.2701,-122.313,1870,7455
5417600200,20140728T000000,285000.0,3,1.75,1930,7200,1.5,0,0,3,6,1930.0,0,1929,0,98065,47.5263,-121.809,1350,9000
3340401535,20141105T000000,140000.0,1,1.0,730,6890,1.0,0,0,4,4,730.0,0,1926,0,98055,47.467,-122.215,1790,7969
9320870040,20140626T000000,249900.0,3,2.5,1630,7700,1.0,0,0,3,7,1120.0,510,1978,0,98031,47.3876,-122.211,1640,8160
3333000775,20140903T000000,249900.0,3,1.0,1100,5000,1.0,0,0,3,7,1100.0,0,1960,0,98118,47.5433,-122.283,1020,5000
2391600320,20150420T000000,480000.0,3,1.0,1040,5060,1.0,0,0,3,7,1040.0,0,1941,0,98116,47.5636,-122.394,890,5060
9202650100,20141010T000000,622000.0,3,2.5,1950,7481,2.0,0,0,3,8,1950.0,0,1987,0,98027,47.564,-122.091,1980,8479
7215721070,20140929T000000,485500.0,4,2.5,1800,4500,2.0,0,0,3,8,1800.0,0,1999,0,98075,47.5998,-122.014,1800,4500
7784000180,20150505T000000,625000.0,3,2.0,2168,12616,2.0,0,1,4,7,2168.0,0,1950,0,98146,47.4933,-122.367,2168,9750
7985100190,20150106T000000,248500.0,3,2.5,1360,7293,2.0,0,0,3,8,1360.0,0,1988,0,98003,47.3304,-122.302,1540,7353
4025300360,20150326T000000,349500.0,3,2.0,1130,16875,1.0,0,0,4,7,1130.0,0,1947,0,98155,47.7489,-122.3,1600,14300
1024069162,20150416T000000,562000.0,3,2.0,3250,50529,2.0,0,0,4,8,3250.0,0,1978,0,98075,47.5849,-122.016,2370,47480
104510180,20150211T000000,230000.0,3,2.25,1500,7210,1.0,0,0,3,7,1150.0,350,1984,0,98023,47.3124,-122.352,1500,7210
579000096,20141010T000000,780000.0,3,1.5,1620,7500,1.0,0,2,4,8,1620.0,0,1949,0,98117,47.7014,-122.381,2440,7800
1644500450,20140507T000000,640000.0,3,3.0,2270,5175,2.0,0,0,3,9,2130.0,140,2002,0,98056,47.516,-122.203,2850,5661
6679000170,20150414T000000,310000.0,3,2.5,1670,4220,2.0,0,0,3,7,1670.0,0,2002,0,98038,47.3834,-122.028,1670,4238
4037000635,20150327T000000,485000.0,4,2.25,1850,9911,1.0,0,0,4,7,1850.0,0,1957,0,98008,47.6019,-122.116,1650,8670
4309710250,20140505T000000,736500.0,4,2.5,3180,21904,2.0,0,3,3,9,3180.0,0,2000,0,98059,47.515,-122.117,3715,29170
2323069053,20150417T000000,420000.0,4,1.75,2480,60548,1.0,0,0,4,7,1600.0,880,1968,0,98027,47.4722,-122.001,2390,90169
8559300020,20140528T000000,499950.0,4,2.5,2798,4473,2.0,0,0,3,9,2798.0,0,2012,0,98055,47.4295,-122.205,2358,4593
4137050060,20141104T000000,280000.0,4,2.5,2050,7416,2.0,0,0,3,8,2050.0,0,1990,0,98092,47.2658,-122.219,2050,7920
9523102040,20140922T000000,440000.0,3,1.5,2260,5300,1.0,0,0,3,7,1200.0,1060,1940,0,98103,47.6756,-122.348,1950,5000
7550800195,20140730T000000,535000.0,4,1.5,1580,5000,1.5,0,0,3,7,1390.0,190,1945,0,98107,47.6735,-122.393,1580,5000
1898900280,20140919T000000,340000.0,4,3.0,2380,20277,1.0,0,0,3,8,1500.0,880,1999,0,98023,47.3046,-122.392,2370,15440
9357000215,20150127T000000,365000.0,3,1.0,1030,4700,1.0,0,0,3,7,1030.0,0,1952,0,98146,47.5118,-122.377,1030,4700
2517010630,20150508T000000,410000.0,4,2.5,3320,5034,2.0,0,0,4,7,3320.0,0,2006,0,98042,47.4011,-122.164,2580,4950
3625059152,20141230T000000,3300000.0,3,3.25,4220,41300,1.0,1,4,4,11,2460.0,1760,1958,1987,98008,47.6083,-122.11,3810,30401
3603000410,20141208T000000,174950.0,2,1.0,730,6000,1.0,0,0,3,6,730.0,0,1950,1985,98198,47.3832,-122.3,1750,7200
7635801371,20140725T000000,540000.0,4,1.5,2993,19400,2.0,0,0,4,7,2233.0,760,1921,0,98166,47.4692,-122.365,2060,15100
4136800205,20150219T000000,258000.0,2,2.0,750,6553,1.5,0,2,3,7,750.0,0,1945,0,98178,47.4982,-122.221,1140,7500
2345700260,20150406T000000,395000.0,5,2.5,2820,6305,2.0,0,0,3,8,2820.0,0,2003,0,98003,47.2616,-122.296,2610,6306
7230400430,20140930T000000,322400.0,3,1.75,1710,15844,1.0,0,0,4,8,1710.0,0,1964,0,98059,47.4706,-122.1,1990,20359
4157600150,20150327T000000,730000.0,6,2.75,3280,16449,1.0,0,0,4,7,1910.0,1370,1963,0,98007,47.5914,-122.134,2550,9532
708000030,20140902T000000,888000.0,3,1.5,1250,8710,1.0,0,0,4,7,1250.0,0,1953,0,98004,47.6245,-122.198,1750,9185
1704900135,20141111T000000,315000.0,2,1.0,840,5087,1.0,0,0,3,7,840.0,0,1925,0,98118,47.5557,-122.278,1590,5087
5255690160,20141009T000000,439000.0,4,2.25,2240,8300,2.0,0,0,3,8,2240.0,0,1978,0,98011,47.7746,-122.197,2340,8500
4046501300,20140916T000000,430000.0,3,2.75,2600,12860,1.0,0,0,3,7,1350.0,1250,1965,0,98014,47.695,-121.918,2260,12954
4397010350,20150126T000000,364900.0,4,2.5,2490,9346,2.0,0,2,3,9,2490.0,0,1996,0,98042,47.3831,-122.147,2650,9454
3826000550,20150414T000000,245000.0,5,1.5,2000,8100,1.5,0,0,3,6,2000.0,0,1946,0,98168,47.4945,-122.304,960,9239
8011100050,20150508T000000,350000.0,2,1.0,1220,28703,1.0,0,0,4,7,1220.0,0,1953,0,98056,47.4952,-122.172,2740,6720
3022900070,20140929T000000,348000.0,3,2.0,2360,6145,1.0,0,0,3,8,2360.0,0,2011,0,98030,47.3564,-122.198,2304,5880
3352402195,20140716T000000,169000.0,3,1.0,890,7110,1.0,0,0,3,6,890.0,0,1957,0,98178,47.4971,-122.261,1100,8375
3919000030,20150420T000000,395000.0,5,2.5,2070,9600,1.0,0,0,3,7,1270.0,800,1962,0,98146,47.4997,-122.364,1950,7800
3271300155,20141001T000000,759000.0,3,1.5,1980,5800,1.0,0,0,4,8,1520.0,460,1949,0,98199,47.6499,-122.413,2280,5800
3528000040,20141001T000000,1690000.0,3,3.25,5290,224442,2.0,0,0,4,11,4540.0,750,1988,0,98053,47.6671,-122.051,3750,84936
4022900569,20141017T000000,405000.0,3,1.75,1900,10454,1.0,0,0,3,7,1390.0,510,1978,0,98155,47.7748,-122.291,2000,12000
9413600420,20140612T000000,890000.0,3,2.25,2060,8640,1.0,0,0,4,8,2060.0,0,1966,0,98033,47.6534,-122.195,2030,9000
1721801591,20150219T000000,89950.0,1,1.0,570,4080,1.0,0,0,3,5,570.0,0,1942,0,98146,47.5098,-122.334,890,5100
1912100882,20140730T000000,482000.0,2,2.25,1350,1248,2.0,0,0,3,7,1180.0,170,2000,0,98102,47.6399,-122.32,1760,3360
5634500201,20150414T000000,470500.0,4,2.25,2070,14000,1.0,0,0,3,7,1720.0,350,1958,0,98028,47.7484,-122.237,1690,14444
7852030310,20140618T000000,440000.0,4,2.5,2410,4780,2.0,0,0,3,7,2410.0,0,2000,0,98065,47.5326,-121.879,2410,4025
6163900333,20141110T000000,338000.0,3,1.75,1250,7710,1.0,0,0,4,7,1250.0,0,1947,0,98155,47.7623,-122.317,1340,7710
3728800320,20140529T000000,264000.0,3,1.5,1470,14821,1.0,0,0,4,7,1470.0,0,1958,0,98042,47.3658,-122.148,1760,15370
7941130140,20150217T000000,319000.0,3,2.25,1220,2980,2.0,0,0,3,7,1220.0,0,1986,0,98034,47.7151,-122.203,1220,2140
8818900155,20150115T000000,599950.0,6,3.0,2020,4129,1.0,0,0,3,7,1230.0,790,1994,0,98105,47.6648,-122.324,2080,4080
1226039058,20150503T000000,425000.0,4,1.75,2520,11017,1.0,0,0,4,7,1320.0,1200,1956,0,98133,47.7604,-122.356,1660,8775
5409800110,20150119T000000,425000.0,4,2.5,3052,12145,2.0,0,0,3,8,3052.0,0,2004,0,98003,47.2598,-122.304,2767,8604
8732190990,20140709T000000,229000.0,4,2.25,2010,7688,1.0,0,0,3,8,1170.0,840,1979,0,98023,47.3086,-122.396,1990,7688
8732030440,20140813T000000,305000.0,4,2.5,2510,12000,1.0,0,0,3,8,1520.0,990,1977,0,98023,47.3086,-122.384,2210,8320
1862910050,20140722T000000,295000.0,4,2.5,1850,8198,2.0,0,0,3,7,1850.0,0,1993,0,98031,47.4079,-122.186,1850,7924
5101406536,20141028T000000,450000.0,2,1.0,1340,7250,1.0,0,0,4,7,1340.0,0,1951,0,98125,47.7015,-122.32,1450,7026
8682301910,20140722T000000,389000.0,2,2.0,1340,4122,1.0,0,0,3,8,1340.0,0,2007,0,98053,47.7182,-122.022,1350,4273
3278611600,20140714T000000,379900.0,3,2.5,1800,2791,2.0,0,0,3,8,1800.0,0,2011,0,98126,47.5442,-122.371,1580,2617
6084600330,20140829T000000,260000.0,3,1.75,1670,8511,1.0,0,0,3,7,1340.0,330,1985,0,98001,47.3257,-122.276,1580,7218
4364700875,20140729T000000,237502.0,3,1.0,980,7560,1.0,0,0,3,7,980.0,0,1951,0,98126,47.5256,-122.375,1300,7560
4036800580,20140621T000000,418000.0,4,1.5,1550,9176,1.0,0,0,3,7,1000.0,550,1956,0,98008,47.6005,-122.129,1730,8539
5700002325,20140605T000000,640000.0,3,1.75,2340,4206,1.0,0,0,5,7,1170.0,1170,1917,0,98144,47.5759,-122.288,1360,4725
1625069101,20140707T000000,1360000.0,4,3.0,5430,108900,2.0,0,0,4,10,5430.0,0,1987,0,98053,47.6582,-122.038,3170,107076
8648900110,20140826T000000,555000.0,3,2.5,1940,3211,2.0,0,0,3,8,1940.0,0,2009,0,98027,47.5644,-122.093,1880,3078
8137500730,20140507T000000,500000.0,3,2.5,1940,37565,1.0,0,0,4,8,1940.0,0,1987,0,98027,47.4801,-122.063,2560,37565
2770604942,20141230T000000,609850.0,2,2.75,1910,1369,3.0,0,0,3,9,1910.0,0,2002,0,98119,47.6544,-122.373,1910,1879
3438500192,20140929T000000,285000.0,3,1.0,1120,10701,1.0,0,0,3,7,1120.0,0,1954,0,98106,47.5544,-122.358,1130,6350
1862000010,20140828T000000,915000.0,4,2.5,3400,35062,2.0,0,0,4,11,3400.0,0,1988,0,98052,47.7168,-122.113,2880,9705
6073500190,20140821T000000,614306.0,2,2.25,2210,5500,1.0,0,0,4,8,1410.0,800,1968,0,98117,47.697,-122.39,2140,6600
4053200285,20140811T000000,725000.0,3,2.5,3410,41022,2.0,0,0,3,11,3410.0,0,1990,0,98042,47.3228,-122.08,2150,21429
1523059105,20150128T000000,356000.0,3,1.5,1680,8712,1.0,0,0,3,8,1680.0,0,1964,0,98059,47.4811,-122.149,1850,8797
3630160610,20140716T000000,765000.0,4,2.5,2980,5000,2.0,0,0,3,10,2980.0,0,2006,0,98027,47.5431,-121.997,3140,5500
2817900180,20150411T000000,380000.0,3,3.25,2090,51212,1.0,0,0,3,8,1510.0,580,1989,0,98092,47.3097,-122.099,2690,40820
2008000270,20150115T000000,291850.0,3,1.5,1060,9711,1.0,0,0,3,7,1060.0,0,1963,0,98198,47.4095,-122.315,1650,9711
7972601710,20150415T000000,320000.0,2,1.0,900,7620,1.0,0,0,3,7,900.0,0,1971,0,98106,47.5268,-122.343,1520,7620
2916600110,20150430T000000,214946.0,3,1.75,1290,8688,1.0,0,0,4,7,1290.0,0,1980,0,98042,47.3655,-122.08,1750,9090
238000201,20140723T000000,440000.0,3,2.75,2070,9697,2.0,0,0,4,7,1330.0,740,1929,0,98188,47.4327,-122.283,2000,14436
2249800080,20140523T000000,445000.0,3,2.0,1630,8702,1.0,0,0,3,9,1630.0,0,1987,0,98056,47.5168,-122.193,2250,9890
7197350070,20150304T000000,512000.0,3,1.75,1610,12555,1.0,0,0,3,7,1080.0,530,1977,0,98052,47.6618,-122.136,1780,10374
624110610,20140515T000000,1085000.0,4,3.25,3740,12080,1.0,0,0,3,10,2000.0,1740,1988,0,98077,47.7214,-122.056,4210,15277
629810350,20140521T000000,815000.0,4,2.75,3488,9614,2.0,0,0,3,10,3488.0,0,1998,0,98074,47.6055,-122.013,3600,10891
3297700100,20140903T000000,577000.0,3,1.75,1740,5500,1.0,0,0,5,7,970.0,770,1953,0,98116,47.577,-122.395,1740,7250
7732100150,20141028T000000,749500.0,4,2.5,2440,9727,2.0,0,0,3,9,2440.0,0,1987,0,98052,47.6613,-122.132,2370,11503
9324320040,20140616T000000,220000.0,4,2.5,2240,9826,1.0,0,0,4,7,1370.0,870,1988,0,98023,47.314,-122.364,1980,9826
1525059198,20140521T000000,1185000.0,3,2.25,2760,40946,2.0,0,0,5,10,2760.0,0,1978,0,98005,47.6501,-122.164,3030,42253
7853280350,20140512T000000,809000.0,5,4.5,4630,6324,2.0,0,0,3,9,3210.0,1420,2006,0,98065,47.5382,-121.86,4420,6790
2644900109,20150427T000000,439950.0,5,1.75,2190,7500,1.0,0,0,3,7,1290.0,900,1979,0,98133,47.7766,-122.355,1790,8820
9414610070,20150130T000000,502775.0,3,1.75,1700,9840,1.0,0,0,4,8,1200.0,500,1976,0,98027,47.5192,-122.046,2040,14169
7266200085,20150325T000000,780000.0,5,1.75,2330,3800,1.5,0,0,3,7,1360.0,970,1927,0,98115,47.6835,-122.308,2100,3800
6127000480,20140918T000000,720000.0,5,3.5,4140,7642,2.0,0,0,3,8,4140.0,0,2003,0,98075,47.591,-122.008,3330,6953
3179101070,20140630T000000,880000.0,4,2.75,3220,4392,1.5,0,0,4,9,2320.0,900,1931,0,98105,47.6713,-122.276,2310,5795
5347200165,20141002T000000,265000.0,3,1.0,1070,4800,1.0,0,0,3,6,970.0,100,1947,0,98126,47.5187,-122.377,1120,1198
